Year_Birth,Education,Marital_Status,Income,Kidhome,Teenhome,Dt_Customer,Recency,MntWines,MntFruits,MntMeatProducts,MntFishProducts,MntSweetProducts,MntGoldProds,NumDealsPurchases,NumWebPurchases,NumCatalogPurchases,NumStorePurchases,NumWebVisitsMonth,AcceptedCmp3,AcceptedCmp4,AcceptedCmp5,AcceptedCmp1,AcceptedCmp2,Complain,Response,Age,Customer_Year,Customer_Month,Customer_Day,Days_As_Customer,Marital_Status_Clean,Education_Level,Total_Spending,Avg_Spending_Per_Category,Spending_Per_Capita,Total_Purchases,Online_Purchase_Ratio,Deal_Purchase_Ratio,Spending_Per_Purchase,Total_Campaigns_Accepted,Campaign_Success_Rate,Has_Accepted_Any_Campaign,Is_Loyal_Responder,CLV_Score,Income_Per_Capita,Spending_to_Income_Ratio,Engagement_Score,Cluster,Cluster_Name
1957,Graduation,Single,58138.0,0,0,2012-09-04,58,635,88,546,172,88,88,3,8,10,4,7,0,0,0,0,0,0,1,69,2012,9,4,5004,Single,3,1617,269.5,1617.0,25,0.3076923076923077,0.11538461538461539,62.19230769230769,0,0.0,0,0,577.5,58138.0,2.7812655876434063,2.9661016949152543,2,Ultra Premium
1954,Graduation,Single,46344.0,1,1,2014-03-08,38,11,1,6,2,1,6,2,1,1,2,5,0,0,0,0,0,0,0,72,2014,3,8,4454,Single,3,27,4.5,9.0,6,0.14285714285714285,0.2857142857142857,3.857142857142857,0,0.0,0,0,2.219178082191781,15448.0,0.058258711835149427,0.7692307692307693,0,Middle Class Shoppers
1965,Graduation,Together,71613.0,0,0,2013-08-21,26,426,49,127,111,21,42,1,8,2,10,4,0,0,0,0,0,0,0,61,2013,8,21,4653,Partnered,3,776,129.33333333333334,776.0,21,0.36363636363636365,0.045454545454545456,35.27272727272727,0,0.0,0,0,262.83870967741933,71613.0,1.0835870081269026,3.111111111111111,1,Premium Spenders
1984,Graduation,Together,26646.0,1,0,2014-02-10,26,11,4,20,10,3,5,2,2,0,4,6,0,0,0,0,0,0,0,42,2014,2,10,4480,Partnered,3,53,8.833333333333334,26.5,8,0.2222222222222222,0.2222222222222222,5.888888888888889,0,0.0,0,0,9.86046511627907,13323.0,0.19889668630615076,1.7777777777777777,3,Budget Conscious
1981,PhD,Married,58293.0,1,0,2014-01-19,94,173,43,118,46,27,15,5,5,3,6,5,0,0,0,0,0,0,0,45,2014,1,19,4502,Married,5,422,70.33333333333333,211.0,19,0.25,0.25,21.1,0,0.0,0,0,174.30434782608697,29146.5,0.7239166981164442,1.0,0,Middle Class Shoppers
1967,Master,Together,62513.0,0,1,2013-09-09,16,520,42,98,0,42,14,2,6,4,10,6,0,0,0,0,0,0,0,59,2013,9,9,4634,Partnered,4,716,119.33333333333333,358.0,22,0.2608695652173913,0.08695652173913043,31.130434782608695,0,0.0,0,0,262.53333333333336,31256.5,1.1453434430687526,7.764705882352941,0,Middle Class Shoppers
1971,Graduation,Divorced,55635.0,0,1,2012-11-13,34,235,65,164,50,49,27,4,7,3,7,6,0,0,0,0,0,0,0,55,2012,11,13,4934,Divorced,3,590,98.33333333333333,295.0,21,0.3181818181818182,0.18181818181818182,26.818181818181817,0,0.0,0,0,221.25,27817.5,1.0604644474800489,3.6,0,Middle Class Shoppers
1985,PhD,Married,33454.0,1,0,2013-05-08,32,76,10,56,3,1,23,2,4,0,4,8,0,0,0,0,0,0,0,41,2013,5,8,4758,Married,5,169,28.166666666666668,84.5,10,0.36363636363636365,0.18181818181818182,15.363636363636363,0,0.0,0,0,40.23809523809524,16727.0,0.5051561799432073,2.4242424242424243,3,Budget Conscious
1974,PhD,Together,30351.0,1,0,2013-06-06,19,14,0,24,3,3,2,1,3,0,2,9,0,0,0,0,0,0,1,52,2013,6,6,4729,Partnered,5,46,7.666666666666667,23.0,6,0.42857142857142855,0.14285714285714285,6.571428571428571,0,0.0,0,0,5.2075471698113205,15175.5,0.15155508697944123,2.7,3,Budget Conscious
1950,PhD,Together,5648.0,1,1,2014-03-13,68,28,0,6,1,1,13,1,1,0,0,20,1,0,0,0,0,0,0,76,2014,3,13,4449,Partnered,5,49,8.166666666666666,16.333333333333332,2,0.3333333333333333,0.3333333333333333,16.333333333333332,1,0.2,1,0,1.2727272727272727,1882.6666666666667,0.8674101610904585,0.5797101449275363,3,Budget Conscious
1983,Graduation,Married,51381.5,1,0,2013-11-15,11,5,5,6,0,2,1,1,1,0,2,7,0,0,0,0,0,0,0,43,2013,11,15,4567,Married,3,19,3.1666666666666665,9.5,4,0.2,0.2,3.8,0,0.0,0,0,1.7272727272727273,25690.75,0.03697757018440131,2.3333333333333335,0,Middle Class Shoppers
1976,Basic,Married,7500.0,0,0,2012-11-13,59,6,16,11,11,1,16,1,2,0,3,8,0,0,0,0,0,0,0,50,2012,11,13,4934,Married,1,61,10.166666666666666,61.0,6,0.2857142857142857,0.14285714285714285,8.714285714285714,0,0.0,0,0,7.176470588235294,7500.0,0.8132249033462204,0.8,3,Budget Conscious
1959,Graduation,Divorced,63033.0,0,0,2013-11-15,82,194,61,480,225,112,30,1,3,4,8,2,0,0,0,0,0,0,0,67,2013,11,15,4567,Divorced,3,1102,183.66666666666666,1102.0,16,0.17647058823529413,0.058823529411764705,64.82352941176471,0,0.0,0,0,259.29411764705884,63033.0,1.7482628422755973,0.3855421686746988,1,Premium Spenders
1952,Master,Divorced,59354.0,1,1,2013-11-15,53,233,2,53,3,5,14,3,6,1,5,6,0,0,0,0,0,0,0,74,2013,11,15,4567,Divorced,4,310,51.666666666666664,103.33333333333333,15,0.375,0.1875,19.375,0,0.0,0,0,62.0,19784.666666666668,0.5222811894532896,1.6666666666666667,0,Middle Class Shoppers
1987,Graduation,Married,17323.0,0,0,2012-10-10,38,3,14,17,6,1,5,1,1,0,3,8,0,0,0,0,0,0,0,39,2012,10,10,4968,Married,3,46,7.666666666666667,46.0,5,0.16666666666666666,0.16666666666666666,7.666666666666667,0,0.0,0,0,5.75,17323.0,0.26552759178018936,1.0256410256410255,3,Budget Conscious
1946,PhD,Single,82800.0,0,0,2012-11-24,23,1006,22,115,59,68,45,1,7,6,12,3,0,0,1,1,0,0,1,80,2012,11,24,4923,Single,5,1315,219.16666666666666,1315.0,26,0.25925925925925924,0.037037037037037035,48.7037037037037,2,0.4,1,1,422.0987654320988,82800.0,1.5881450707117064,3.25,2,Ultra Premium
1980,Graduation,Married,41850.0,1,1,2012-12-24,51,53,5,19,2,13,4,3,3,0,3,8,0,0,0,0,0,0,0,46,2012,12,24,4893,Married,3,96,16.0,32.0,9,0.3,0.3,9.6,0,0.0,0,0,18.382978723404257,13950.0,0.22938519987574968,1.3846153846153846,3,Budget Conscious
1946,Graduation,Together,37760.0,0,0,2012-08-31,20,84,5,38,150,12,28,2,4,1,6,7,0,0,0,0,0,0,0,80,2012,8,31,5008,Partnered,3,317,52.833333333333336,317.0,13,0.2857142857142857,0.14285714285714285,22.642857142857142,0,0.0,0,0,50.876543209876544,37760.0,0.8394904795953497,4.333333333333333,3,Budget Conscious
1949,Master,Married,76995.0,0,1,2013-03-28,91,1012,80,498,0,16,176,2,11,4,9,5,0,0,0,1,0,0,0,77,2013,3,28,4799,Married,4,1782,297.0,891.0,26,0.4074074074074074,0.07407407407407407,66.0,1,0.2,1,0,594.0,38497.5,2.3144059431658786,1.4130434782608696,1,Premium Spenders
1985,2n Cycle,Single,33812.0,1,0,2012-11-03,86,4,17,19,30,24,39,2,2,1,3,6,0,0,0,0,0,0,0,41,2012,11,3,4944,Single,2,133,22.166666666666668,66.5,8,0.2222222222222222,0.2222222222222222,14.777777777777779,0,0.0,0,0,25.333333333333332,16906.0,0.3933398397066217,0.5517241379310345,3,Budget Conscious
1982,Graduation,Married,37040.0,0,0,2012-08-08,41,86,2,73,69,38,48,1,4,2,5,8,0,0,0,0,0,0,0,44,2012,8,8,5031,Married,3,316,52.666666666666664,316.0,12,0.3076923076923077,0.07692307692307693,24.307692307692307,0,0.0,0,0,84.26666666666667,37040.0,0.8531087173672416,2.2857142857142856,3,Budget Conscious
1979,Graduation,Married,2447.0,1,0,2013-01-06,42,1,1,1725,1,1,1,15,0,28,0,1,0,0,0,0,0,0,0,47,2013,1,6,4880,Married,3,1730,288.3333333333333,865.0,43,0.0,0.3409090909090909,39.31818181818182,0,0.0,0,0,1549.7916666666667,1223.5,70.66993464052288,1.0,3,Budget Conscious
1949,PhD,Married,58607.0,0,1,2012-12-23,63,867,0,86,0,0,19,3,2,3,9,8,0,1,0,0,0,0,0,77,2012,12,23,4894,Married,5,972,162.0,486.0,17,0.1111111111111111,0.16666666666666666,54.0,1,0.2,1,0,211.84615384615384,29303.5,1.6584766584766584,2.125,1,Premium Spenders
1954,PhD,Married,65324.0,0,1,2014-01-11,0,384,0,102,21,32,5,3,6,2,9,4,0,0,0,0,0,0,0,72,2014,1,11,4510,Married,5,544,90.66666666666667,272.0,20,0.2857142857142857,0.14285714285714285,25.904761904761905,0,0.0,0,0,149.04109589041096,32662.0,0.8327592805204744,80.0,0,Middle Class Shoppers
1951,Graduation,Together,40689.0,0,1,2013-03-18,69,270,3,27,39,6,99,7,7,1,5,8,0,0,0,0,0,0,0,75,2013,3,18,4809,Partnered,3,444,74.0,222.0,20,0.3333333333333333,0.3333333333333333,21.142857142857142,0,0.0,0,0,116.84210526315789,20344.5,1.0911771934136152,2.2857142857142856,0,Middle Class Shoppers
1969,Graduation,Single,18589.0,0,0,2013-01-02,89,6,4,25,15,12,13,2,2,1,3,7,0,0,0,0,0,0,0,57,2013,1,2,4884,Single,3,75,12.5,75.0,8,0.2222222222222222,0.2222222222222222,8.333333333333334,0,0.0,0,0,10.344827586206897,18589.0,0.4034427111350188,0.6222222222222222,3,Budget Conscious
1976,Graduation,Married,53359.0,1,1,2013-05-27,4,173,4,30,3,6,41,4,5,1,4,7,0,0,0,0,0,0,0,50,2013,5,27,4739,Married,3,257,42.833333333333336,85.66666666666667,14,0.3333333333333333,0.26666666666666666,17.133333333333333,0,0.0,0,0,70.54901960784314,17786.333333333332,0.48163418290854576,19.6,0,Middle Class Shoppers
1986,Graduation,Single,51381.5,1,0,2013-02-20,19,5,1,3,3,263,362,0,27,0,0,1,0,0,0,0,0,0,0,40,2013,2,20,4835,Single,3,637,106.16666666666667,318.5,27,0.9642857142857143,0.0,22.75,0,0.0,0,0,419.4878048780488,25690.75,1.2397216951296648,1.35,0,Middle Class Shoppers
1989,Graduation,Married,38360.0,1,0,2013-05-31,26,36,2,42,20,21,10,2,2,1,4,3,0,0,0,0,0,0,0,37,2013,5,31,4735,Married,3,131,21.833333333333332,65.5,9,0.2,0.2,13.1,0,0.0,0,0,31.026315789473685,19180.0,0.3414926618179922,1.0,3,Budget Conscious
1965,PhD,Married,84618.0,0,0,2013-11-22,96,684,100,801,21,66,0,1,6,9,10,2,0,0,1,0,0,0,0,61,2013,11,22,4560,Married,5,1672,278.6666666666667,1672.0,26,0.2222222222222222,0.037037037037037035,61.925925925925924,1,0.2,1,0,701.1612903225806,84618.0,1.9759155745163615,0.5360824742268041,2,Ultra Premium
1989,Master,Divorced,10979.0,0,0,2014-05-22,34,8,4,10,2,2,4,2,3,0,3,5,0,0,0,0,0,0,0,37,2014,5,22,4379,Divorced,4,30,5.0,30.0,8,0.3333333333333333,0.2222222222222222,3.3333333333333335,0,0.0,0,0,6.315789473684211,10979.0,0.273224043715847,1.1428571428571428,3,Budget Conscious
1963,Master,Together,38620.0,0,0,2013-05-11,56,112,17,44,34,22,89,1,2,5,3,3,0,0,0,0,0,0,0,63,2013,5,11,4755,Partnered,4,318,53.0,318.0,11,0.16666666666666666,0.08333333333333333,26.5,0,0.0,0,0,54.65625,38620.0,0.8233862406462806,0.5789473684210527,3,Budget Conscious
1970,Graduation,Together,40548.0,0,1,2012-10-10,31,110,0,5,2,0,3,2,2,1,4,5,0,1,0,0,0,0,0,56,2012,10,10,4968,Partnered,3,120,20.0,60.0,9,0.2,0.2,12.0,1,0.2,1,0,18.94736842105263,20274.0,0.2959382475523441,1.40625,3,Budget Conscious
1952,PhD,Divorced,46610.0,0,2,2012-10-29,8,96,12,96,33,22,43,6,4,1,6,6,0,0,0,0,0,0,1,74,2012,10,29,4949,Divorced,5,302,50.333333333333336,100.66666666666667,17,0.2222222222222222,0.3333333333333333,16.77777777777778,0,0.0,0,0,68.45333333333333,15536.666666666666,0.6479157280470276,11.333333333333334,0,Middle Class Shoppers
1946,Master,Married,68657.0,0,0,2013-02-20,4,482,34,471,119,68,22,1,3,5,9,7,0,0,0,0,0,0,0,80,2013,2,20,4835,Married,4,1196,199.33333333333334,1196.0,18,0.15789473684210525,0.05263157894736842,62.94736842105263,0,0.0,0,0,265.77777777777777,68657.0,1.7419674327827785,25.2,1,Premium Spenders
1951,Master,Single,49389.0,1,1,2013-08-29,55,40,0,19,2,1,3,1,2,0,3,7,0,0,0,0,0,0,0,75,2013,8,29,4645,Single,4,65,10.833333333333334,21.666666666666668,6,0.2857142857142857,0.14285714285714285,9.285714285714286,0,0.0,0,0,5.131578947368421,16463.0,0.13160558817574408,0.75,0,Middle Class Shoppers
1970,PhD,Married,67353.0,0,1,2013-12-31,37,702,17,151,0,8,35,5,5,6,12,2,0,0,0,0,0,0,0,56,2013,12,31,4521,Married,5,913,152.16666666666666,456.5,28,0.1724137931034483,0.1724137931034483,31.482758620689655,0,0.0,0,0,448.49122807017545,33676.5,1.355524541972266,1.4736842105263157,1,Premium Spenders
1976,2n Cycle,Married,23718.0,1,0,2013-09-02,76,6,3,14,15,7,36,3,3,1,2,7,0,0,0,0,0,0,0,50,2013,9,2,4641,Married,2,81,13.5,40.5,9,0.3,0.3,8.1,0,0.0,0,0,14.294117647058824,11859.0,0.3414983768287027,0.8181818181818182,3,Budget Conscious
1973,Graduation,Widow,42429.0,0,1,2014-02-11,99,55,0,6,2,0,4,2,1,1,3,5,0,0,0,0,0,0,0,53,2014,2,11,4479,Widowed,3,67,11.166666666666666,33.5,7,0.125,0.25,8.375,0,0.0,0,0,8.685185185185185,21214.5,0.15790714117369786,0.35,3,Budget Conscious
1943,PhD,Divorced,48948.0,0,0,2013-02-01,53,437,8,206,160,49,42,2,7,10,5,6,1,0,0,0,0,0,1,83,2013,2,1,4854,Divorced,5,902,150.33333333333334,902.0,24,0.28,0.08,36.08,1,0.2,1,0,257.7142857142857,48948.0,1.8427342744489161,2.6666666666666665,1,Premium Spenders
1980,Graduation,Married,80011.0,0,1,2013-04-29,3,421,76,536,82,178,102,2,8,6,5,4,0,0,0,0,0,0,0,46,2013,4,29,4767,Married,3,1395,232.5,697.5,21,0.36363636363636365,0.09090909090909091,63.40909090909091,0,0.0,0,0,623.2978723404256,40005.5,1.7434884767284906,21.0,1,Premium Spenders
1985,Master,Married,20559.0,1,0,2013-03-12,88,13,1,29,3,0,7,2,2,0,3,8,0,0,0,0,0,0,0,41,2013,3,12,4815,Married,4,53,8.833333333333334,26.5,7,0.25,0.25,6.625,0,0.0,0,0,8.833333333333334,10279.5,0.25778210116731515,0.6292134831460674,3,Budget Conscious
1957,Graduation,Together,21994.0,0,1,2012-12-24,4,9,0,6,3,1,3,1,0,0,3,5,0,0,0,0,0,0,0,69,2012,12,24,4893,Partnered,3,22,3.6666666666666665,11.0,4,0.0,0.2,4.4,0,0.0,0,0,1.2571428571428571,10997.0,0.10002273243919073,4.0,3,Budget Conscious
1959,PhD,Single,51381.5,0,0,2013-11-05,80,81,11,50,3,2,39,1,1,3,4,2,0,0,0,0,0,0,0,67,2013,11,5,4577,Single,5,186,31.0,186.0,9,0.1,0.1,18.6,0,0.0,0,0,24.61764705882353,51381.5,0.36199095022624433,0.2222222222222222,0,Middle Class Shoppers
1975,Master,Married,7500.0,1,0,2013-10-02,19,3,1,10,3,2,12,3,2,0,3,5,0,0,0,0,0,0,0,51,2013,10,2,4611,Married,4,31,5.166666666666667,15.5,8,0.2222222222222222,0.3333333333333333,3.4444444444444446,0,0.0,0,0,4.769230769230769,3750.0,0.41327822956939075,2.0,3,Budget Conscious
1976,Graduation,Single,79941.0,0,0,2014-06-28,72,123,164,266,227,30,174,1,2,4,9,1,0,0,0,0,0,0,0,50,2014,6,28,4342,Single,3,984,164.0,984.0,16,0.11764705882352941,0.058823529411764705,57.88235294117647,0,0.0,0,0,308.70588235294116,79941.0,1.230892396987816,0.2191780821917808,1,Premium Spenders
1996,2n Cycle,Married,7500.0,0,0,2012-11-09,24,3,18,14,15,22,50,3,3,1,3,9,0,0,0,0,0,0,1,30,2012,11,9,4938,Married,2,122,20.333333333333332,122.0,10,0.2727272727272727,0.2727272727272727,11.090909090909092,0,0.0,0,0,39.354838709677416,7500.0,1.6264498066924409,3.6,3,Budget Conscious
1968,Graduation,Together,41728.0,1,0,2013-05-24,92,13,6,15,3,5,13,1,2,0,2,10,0,0,0,0,0,0,0,58,2013,5,24,4742,Partnered,3,55,9.166666666666666,27.5,5,0.3333333333333333,0.16666666666666666,9.166666666666666,0,0.0,0,0,4.661016949152542,20864.0,0.13180282297682666,0.5376344086021505,3,Budget Conscious
1951,Graduation,Single,51381.5,2,1,2014-01-01,96,48,5,48,6,10,7,3,2,1,4,6,0,0,0,0,0,0,0,75,2014,1,1,4520,Single,3,124,20.666666666666668,31.0,10,0.18181818181818182,0.2727272727272727,11.272727272727273,0,0.0,0,0,16.31578947368421,12845.375,0.24132730015082957,0.6185567010309279,0,Middle Class Shoppers
1954,PhD,Married,72550.0,1,1,2012-11-08,39,826,50,317,50,38,38,9,5,2,12,8,0,0,0,0,0,0,0,72,2012,11,8,4939,Married,5,1319,219.83333333333334,439.6666666666667,28,0.1724137931034483,0.3103448275862069,45.48275862068966,0,0.0,0,0,505.9178082191781,24183.333333333332,1.8180314537359927,5.6,1,Premium Spenders
1957,Graduation,Widow,65486.0,0,1,2014-05-12,29,245,19,125,37,67,14,1,4,2,10,2,0,0,0,0,0,0,0,69,2014,5,12,4389,Widowed,3,507,84.5,253.5,17,0.2222222222222222,0.05555555555555555,28.166666666666668,0,0.0,0,0,123.12857142857143,32743.0,0.7741994594346969,1.1333333333333333,0,Middle Class Shoppers
1964,Master,Married,79143.0,0,0,2012-08-11,2,650,37,780,27,167,32,1,6,9,13,3,0,0,0,0,0,0,0,62,2012,8,11,5028,Married,4,1693,282.1666666666667,1693.0,29,0.2,0.03333333333333333,56.43333333333333,0,0.0,0,0,779.3174603174604,79143.0,2.1391387849994947,29.0,2,Ultra Premium
1977,Graduation,Single,35790.0,1,0,2013-01-02,54,12,6,20,30,1,3,2,2,0,3,7,0,0,0,0,0,0,0,49,2013,1,2,4884,Single,3,72,12.0,36.0,7,0.25,0.25,9.0,0,0.0,0,0,10.08,17895.0,0.20116789136933863,0.8909090909090909,3,Budget Conscious
1977,Graduation,Divorced,82582.0,0,0,2014-06-07,54,510,120,550,156,40,241,1,4,9,7,1,1,0,0,1,0,0,1,49,2014,6,7,4363,Divorced,3,1617,269.5,1617.0,21,0.18181818181818182,0.045454545454545456,73.5,2,0.4,1,1,679.14,82582.0,1.9580301030478426,0.38181818181818183,2,Ultra Premium
1978,Graduation,Married,66373.0,1,1,2013-06-12,57,328,9,124,12,24,109,7,4,2,10,3,0,0,0,0,0,0,0,48,2013,6,12,4723,Married,3,606,101.0,202.0,23,0.16666666666666666,0.2916666666666667,25.25,0,0.0,0,0,284.44897959183675,22124.333333333332,0.9130081055835116,1.1896551724137931,0,Middle Class Shoppers
1955,Master,Together,82384.0,0,0,2012-11-19,55,984,51,432,180,120,190,1,3,10,13,1,0,0,1,0,0,0,1,71,2012,11,19,4928,Partnered,4,1957,326.1666666666667,1957.0,27,0.10714285714285714,0.03571428571428571,69.89285714285714,1,0.2,1,0,733.875,82384.0,2.375432420950416,0.48214285714285715,2,Ultra Premium
1966,Graduation,Divorced,70287.0,0,0,2013-04-02,30,295,35,482,121,120,40,1,5,5,10,3,0,0,0,0,0,0,1,60,2013,4,2,4794,Divorced,3,1093,182.16666666666666,1093.0,21,0.22727272727272727,0.045454545454545456,49.68181818181818,0,0.0,0,0,376.27868852459017,70287.0,1.5550307307079445,2.032258064516129,1,Premium Spenders
1988,Graduation,Single,27938.0,1,0,2014-04-28,31,13,0,8,2,1,5,1,1,0,4,3,0,0,0,0,0,0,0,38,2014,4,28,4403,Single,3,29,4.833333333333333,14.5,6,0.14285714285714285,0.14285714285714285,4.142857142857143,0,0.0,0,0,4.461538461538462,13969.0,0.10379755896775117,0.5625,3,Budget Conscious
1982,Graduation,Single,51381.5,1,0,2013-06-17,57,11,3,22,2,2,6,2,2,0,3,6,0,0,0,0,0,0,0,44,2013,6,17,4718,Single,3,46,7.666666666666667,23.0,7,0.25,0.25,5.75,0,0.0,0,0,7.155555555555556,25690.75,0.08952464360434,0.7241379310344828,0,Middle Class Shoppers
1968,PhD,Married,55954.0,0,1,2014-03-03,63,447,0,28,0,0,43,3,8,2,6,7,0,0,0,0,0,0,0,58,2014,3,3,4459,Married,5,518,86.33333333333333,259.0,19,0.4,0.15,25.9,0,0.0,0,0,166.8135593220339,27977.0,0.9257439013492985,2.078125,0,Middle Class Shoppers
1982,Master,Single,75777.0,0,0,2013-07-04,12,712,26,538,69,13,80,1,3,6,11,1,0,1,1,0,0,0,1,44,2013,7,4,4701,Single,4,1438,239.66666666666666,1438.0,21,0.13636363636363635,0.045454545454545456,65.36363636363636,2,0.4,1,1,671.0666666666667,75777.0,1.8976483939929796,1.6153846153846154,2,Ultra Premium
1975,Graduation,Together,66653.0,1,1,2012-09-07,18,452,18,102,16,18,6,4,4,2,12,3,0,0,0,0,0,0,0,51,2012,9,7,5001,Partnered,3,612,102.0,204.0,22,0.17391304347826086,0.17391304347826086,26.608695652173914,0,0.0,0,0,258.9230769230769,22217.666666666668,0.9181744531460978,3.473684210526316,0,Middle Class Shoppers
1952,Graduation,Single,61823.0,0,1,2013-02-18,26,523,7,134,37,14,169,4,8,2,10,7,0,0,0,0,0,0,0,74,2013,2,18,4837,Single,3,884,147.33333333333334,442.0,24,0.32,0.16,35.36,0,0.0,0,0,282.88,30911.5,1.429865424430642,6.222222222222222,1,Premium Spenders
1951,PhD,Widow,67680.0,0,1,2013-06-11,8,546,0,48,0,6,6,1,7,3,8,5,0,0,0,0,0,0,0,75,2013,6,11,4724,Widowed,5,606,101.0,303.0,19,0.35,0.05,30.3,0,0.0,0,0,151.5,33840.0,0.895376841358727,10.555555555555555,0,Middle Class Shoppers
1948,Graduation,Together,70666.0,0,0,2013-12-06,29,398,40,367,119,122,30,1,7,4,4,4,0,0,0,0,0,0,0,78,2013,12,6,4546,Partnered,3,1076,179.33333333333334,1076.0,16,0.4117647058823529,0.058823529411764705,63.294117647058826,0,0.0,0,0,217.9240506329114,70666.0,1.5226343271965699,2.1333333333333333,1,Premium Spenders
1971,Graduation,Married,25721.0,1,0,2013-05-21,75,1,3,6,3,6,15,1,1,1,2,7,0,0,0,0,0,0,1,55,2013,5,21,4745,Married,3,34,5.666666666666667,17.0,5,0.16666666666666666,0.16666666666666666,5.666666666666667,0,0.0,0,0,3.0357142857142856,12860.5,0.13218256745198662,0.4605263157894737,3,Budget Conscious
1967,Graduation,Together,32474.0,1,1,2014-05-11,0,10,0,1,0,0,0,1,1,0,2,7,0,0,0,0,0,0,0,59,2014,5,11,4390,Partnered,3,11,1.8333333333333333,3.6666666666666665,4,0.2,0.2,2.2,0,0.0,0,0,0.7333333333333333,10824.666666666666,0.03387220939183988,28.0,3,Budget Conscious
1979,2n Cycle,Single,88194.0,0,1,2014-03-19,19,688,14,309,201,24,38,1,11,10,10,5,1,0,0,1,0,0,1,47,2014,3,19,4443,Single,2,1274,212.33333333333334,637.0,32,0.3333333333333333,0.030303030303030304,38.60606060606061,2,0.4,1,1,849.3333333333334,44097.0,1.4445263336923861,8.0,1,Premium Spenders
1958,Graduation,Together,69096.0,0,1,2013-09-27,4,247,49,159,7,82,109,1,5,2,10,4,0,0,0,0,0,0,0,68,2013,9,27,4616,Partnered,3,653,108.83333333333333,326.5,18,0.2631578947368421,0.05263157894736842,34.36842105263158,0,0.0,0,0,170.34782608695653,34548.0,0.9450482654818588,14.4,0,Middle Class Shoppers
1970,Graduation,Together,74854.0,1,2,2013-04-08,90,856,59,487,58,29,73,7,2,5,5,5,0,0,0,0,0,0,0,56,2013,4,8,4788,Partnered,3,1562,260.3333333333333,390.5,19,0.1,0.35,78.1,0,0.0,0,0,520.6666666666666,18713.5,2.0867009551800146,1.043956043956044,1,Premium Spenders
1954,Master,Married,66991.0,0,0,2012-09-11,1,496,36,460,189,60,12,3,4,8,6,3,0,0,0,0,0,0,0,72,2012,9,11,4997,Married,4,1253,208.83333333333334,1253.0,21,0.18181818181818182,0.13636363636363635,56.95454545454545,0,0.0,0,0,360.45205479452056,66991.0,1.8703725818008121,31.5,1,Premium Spenders
1973,2n Cycle,Married,51381.5,1,0,2012-09-14,25,25,3,43,17,4,17,3,3,0,3,8,0,0,0,0,0,0,0,53,2012,9,14,4994,Married,2,109,18.166666666666668,54.5,9,0.3,0.3,10.9,0,0.0,0,0,18.166666666666668,25690.75,0.21213448158419693,2.769230769230769,0,Middle Class Shoppers
1959,Graduation,Married,65031.0,0,1,2013-03-17,29,258,107,291,84,37,86,4,10,3,13,7,0,0,0,0,0,0,0,67,2013,3,17,4810,Married,3,863,143.83333333333334,431.5,30,0.3225806451612903,0.12903225806451613,27.838709677419356,0,0.0,0,0,380.7352941176471,32515.5,1.3270389961864928,7.0,1,Premium Spenders
1975,PhD,Married,60631.0,1,1,2013-04-05,88,565,6,65,0,6,19,5,9,2,8,7,0,1,0,0,0,0,0,51,2013,4,5,4791,Married,5,661,110.16666666666667,220.33333333333334,24,0.36,0.2,26.44,1,0.2,1,0,305.0769230769231,20210.333333333332,1.0901834015041563,1.8876404494382022,0,Middle Class Shoppers
1952,Graduation,Married,28332.0,0,0,2014-04-30,58,14,10,13,4,15,9,1,2,1,4,2,0,0,0,0,0,0,0,74,2014,4,30,4401,Married,3,65,10.833333333333334,65.0,8,0.2222222222222222,0.1111111111111111,7.222222222222222,0,0.0,0,0,6.933333333333334,28332.0,0.22941446369957294,0.2711864406779661,3,Budget Conscious
1977,Graduation,Divorced,40246.0,1,0,2012-12-19,68,2,1,6,2,1,1,1,1,0,2,6,0,0,0,0,0,0,0,49,2012,12,19,4898,Divorced,3,13,2.1666666666666665,6.5,4,0.2,0.2,2.6,0,0.0,0,0,1.04,20123.0,0.0323005441399359,0.34782608695652173,3,Budget Conscious
1972,Master,Married,75251.0,0,0,2012-08-27,34,721,111,925,97,18,18,1,7,6,5,5,0,0,0,0,0,0,1,54,2012,8,27,5012,Married,4,1890,315.0,1890.0,19,0.35,0.05,94.5,0,0.0,0,0,652.9090909090909,75251.0,2.51156115452081,2.7142857142857144,2,Ultra Premium
1976,Graduation,Single,75825.0,0,0,2012-10-12,40,1032,105,779,137,105,51,0,5,8,9,4,1,0,0,0,0,0,1,50,2012,10,12,4966,Single,3,2209,368.1666666666667,2209.0,22,0.21739130434782608,0.0,96.04347826086956,1,0.2,1,0,952.9019607843137,75825.0,2.913248753725635,2.1463414634146343,2,Ultra Premium
1976,2n Cycle,Together,26326.0,0,0,2013-09-04,12,1,0,5,0,3,9,1,0,0,3,3,0,0,0,0,0,1,0,50,2013,9,4,4639,Partnered,2,18,3.0,18.0,4,0.0,0.2,3.6,0,0.0,0,0,1.411764705882353,26326.0,0.06837087400767274,0.9230769230769231,3,Budget Conscious
1965,Graduation,Together,56046.0,0,0,2013-01-02,9,577,0,64,0,0,51,2,10,1,8,8,1,0,0,0,0,0,1,61,2013,1,2,4884,Partnered,3,692,115.33333333333333,692.0,21,0.45454545454545453,0.09090909090909091,31.454545454545453,1,0.2,1,0,234.38709677419354,56046.0,1.234678038075187,16.8,1,Premium Spenders
1985,Graduation,Single,29760.0,1,0,2012-08-29,87,64,4,68,7,5,17,4,3,1,4,8,0,0,0,0,0,0,0,41,2012,8,29,5010,Single,3,165,27.5,82.5,12,0.23076923076923078,0.3076923076923077,12.692307692307692,0,0.0,0,0,47.142857142857146,14880.0,0.5544168542723699,1.0909090909090908,3,Budget Conscious
1969,Graduation,Married,26304.0,1,0,2013-06-23,5,4,1,5,2,0,4,1,1,0,2,7,0,0,0,0,0,0,0,57,2013,6,23,4712,Married,3,16,2.6666666666666665,8.0,4,0.2,0.2,3.2,0,0.0,0,0,1.103448275862069,13152.0,0.06082493822467212,4.666666666666667,3,Budget Conscious
1973,2n Cycle,Married,23559.0,1,0,2013-07-03,87,25,5,19,7,0,23,3,3,0,3,7,0,0,0,0,0,0,0,53,2013,7,3,4702,Married,2,79,13.166666666666666,39.5,9,0.3,0.3,7.9,0,0.0,0,0,13.166666666666666,11779.5,0.33531409168081494,0.7159090909090909,3,Budget Conscious
1987,Graduation,Divorced,81361.0,0,0,2014-02-25,18,163,23,424,27,65,76,1,3,10,13,1,0,0,0,0,0,0,0,39,2014,2,25,4465,Divorced,3,778,129.66666666666666,778.0,27,0.10714285714285714,0.03571428571428571,27.785714285714285,0,0.0,0,0,525.15,81361.0,0.9562203485656695,1.4210526315789473,1,Premium Spenders
1960,Graduation,Married,29440.0,1,1,2013-08-11,95,17,8,14,10,4,3,2,1,0,4,7,0,0,0,0,0,0,0,66,2013,8,11,4663,Married,3,56,9.333333333333334,18.666666666666668,7,0.125,0.25,7.0,0,0.0,0,0,5.850746268656716,9813.333333333334,0.19021093033524678,0.5104166666666666,3,Budget Conscious
1970,Master,Married,36138.0,1,1,2013-07-16,48,130,0,16,0,0,5,5,3,1,4,7,0,1,0,0,0,0,0,56,2013,7,16,4689,Married,4,151,25.166666666666668,50.333333333333336,13,0.21428571428571427,0.35714285714285715,10.785714285714286,1,0.2,1,0,34.43859649122807,12046.0,0.4178311519411162,1.8571428571428572,3,Budget Conscious
1957,Graduation,Single,50388.0,0,1,2014-05-28,3,292,6,37,0,3,34,4,6,1,6,7,0,1,0,1,0,0,1,69,2014,5,28,4373,Single,3,372,62.0,186.0,17,0.3333333333333333,0.2222222222222222,20.666666666666668,2,0.4,1,1,90.34285714285714,25194.0,0.7382563654765921,29.75,0,Middle Class Shoppers
1973,Graduation,Married,79593.0,0,0,2014-05-12,70,350,60,568,110,133,145,1,5,6,7,2,0,0,1,0,0,0,0,53,2014,5,12,4389,Married,3,1366,227.66666666666666,1366.0,19,0.25,0.05,68.3,1,0.2,1,0,480.6296296296296,79593.0,1.7162097645551173,0.5352112676056338,2,Ultra Premium
1967,Graduation,Together,54178.0,0,1,2014-01-21,79,135,9,39,4,0,7,1,2,2,5,2,0,0,0,0,0,0,0,59,2014,1,21,4500,Partnered,3,194,32.333333333333336,97.0,10,0.18181818181818182,0.09090909090909091,17.636363636363637,0,0.0,0,0,32.333333333333336,27089.0,0.3580723158419314,0.25,0,Middle Class Shoppers
1957,PhD,Married,51381.5,2,1,2012-11-19,4,230,42,192,49,37,53,12,7,2,8,9,0,0,0,0,0,0,0,69,2012,11,19,4928,Married,5,603,100.5,150.75,29,0.23333333333333334,0.4,20.1,0,0.0,0,0,249.81428571428572,12845.375,1.173551306378631,52.2,0,Middle Class Shoppers
1957,Graduation,Single,51381.5,1,1,2014-05-27,45,7,0,8,2,0,1,1,1,0,2,7,0,0,0,0,0,0,0,69,2014,5,27,4374,Single,3,18,3.0,6.0,4,0.2,0.2,3.6,0,0.0,0,0,1.0285714285714285,17127.166666666668,0.03503138227995913,0.6086956521739131,0,Middle Class Shoppers
1973,Master,Together,51381.5,0,0,2013-11-23,87,445,37,359,98,28,18,1,2,4,8,1,0,0,0,0,0,0,0,53,2013,11,23,4559,Partnered,4,985,164.16666666666666,985.0,15,0.125,0.0625,61.5625,0,0.0,0,0,273.6111111111111,51381.5,1.9169950858755411,0.17045454545454544,1,Premium Spenders
1972,Master,Single,42394.0,1,0,2014-03-23,69,15,2,10,0,1,4,1,1,0,3,7,0,0,0,0,0,0,0,54,2014,3,23,4439,Single,4,32,5.333333333333333,16.0,5,0.16666666666666666,0.16666666666666666,5.333333333333333,0,0.0,0,0,2.909090909090909,21197.0,0.07548059912725556,0.5,3,Budget Conscious
1970,PhD,Married,23626.0,1,0,2014-05-24,84,27,2,14,0,0,0,3,3,1,3,5,0,0,0,0,0,0,0,56,2014,5,24,4377,Married,5,43,7.166666666666667,21.5,10,0.2727272727272727,0.2727272727272727,3.909090909090909,0,0.0,0,0,7.543859649122807,11813.0,0.18199517501163923,0.5882352941176471,3,Budget Conscious
1983,Graduation,Married,30096.0,1,0,2014-05-22,30,5,3,11,12,5,9,1,2,0,3,6,0,0,0,0,0,0,0,43,2014,5,22,4379,Married,3,45,7.5,22.5,6,0.2857142857142857,0.14285714285714285,6.428571428571429,0,0.0,0,0,6.136363636363637,15048.0,0.14951656311260259,1.1612903225806452,3,Budget Conscious
1960,Graduation,Widow,47916.0,0,1,2012-11-22,72,505,0,26,0,0,75,5,7,4,6,6,0,1,0,0,0,0,0,66,2012,11,22,4925,Widowed,3,606,101.0,303.0,22,0.30434782608695654,0.21739130434782608,26.347826086956523,1,0.2,1,0,198.98507462686567,23958.0,1.2646868543523175,1.8082191780821917,0,Middle Class Shoppers
1972,Graduation,Divorced,51813.0,1,1,2013-04-11,37,51,2,7,0,1,2,2,2,0,3,7,0,0,0,0,0,0,0,54,2013,4,11,4785,Divorced,3,63,10.5,21.0,7,0.25,0.25,7.875,0,0.0,0,0,8.018181818181818,17271.0,0.1215887597946501,1.2894736842105263,0,Middle Class Shoppers
1951,2n Cycle,Married,78497.0,0,0,2013-12-01,44,207,26,447,75,0,223,1,5,7,12,2,0,0,0,1,0,0,0,75,2013,12,1,4551,Married,2,978,163.0,978.0,25,0.19230769230769232,0.038461538461538464,37.61538461538461,1,0.2,1,0,321.7105263157895,78497.0,1.2458916150729955,1.1111111111111112,1,Premium Spenders
1983,PhD,Married,50150.0,0,0,2013-06-20,32,135,46,92,65,61,11,2,5,2,7,5,0,0,0,0,0,0,0,43,2013,6,20,4715,Married,5,410,68.33333333333333,410.0,16,0.29411764705882354,0.11764705882352941,24.11764705882353,0,0.0,0,0,149.0909090909091,50150.0,0.8175310562102451,2.4242424242424243,0,Middle Class Shoppers
1960,2n Cycle,Single,47823.0,0,1,2013-07-23,0,53,1,5,2,1,10,2,2,0,3,8,0,0,0,0,0,0,0,66,2013,7,23,4682,Single,2,72,12.0,36.0,7,0.25,0.25,9.0,0,0.0,0,0,7.522388059701493,23911.5,0.15055202408832385,56.0,0,Middle Class Shoppers
1959,PhD,Single,34554.0,0,1,2014-03-30,43,41,1,6,2,0,5,2,2,0,3,6,0,0,0,0,0,0,0,67,2014,3,30,4432,Single,5,55,9.166666666666666,27.5,7,0.25,0.25,6.875,0,0.0,0,0,5.661764705882353,17277.0,0.15916654608594993,0.9545454545454546,3,Budget Conscious
1979,Graduation,Together,85693.0,0,1,2013-04-20,59,386,172,183,185,132,111,2,9,5,11,5,0,0,0,0,0,0,0,47,2013,4,20,4776,Partnered,3,1169,194.83333333333334,584.5,27,0.32142857142857145,0.07142857142857142,41.75,0,0.0,0,0,657.5625,42846.5,1.3641561836301257,2.25,1,Premium Spenders
1945,PhD,Married,65846.0,0,0,2013-05-17,68,562,81,276,80,40,81,1,6,3,6,4,0,0,0,0,0,0,0,81,2013,5,17,4749,Married,5,1120,186.66666666666666,1120.0,16,0.35294117647058826,0.058823529411764705,65.88235294117646,0,0.0,0,0,218.53658536585365,65846.0,1.7009127219159568,0.927536231884058,1,Premium Spenders
1959,Graduation,Married,87195.0,0,0,2014-05-08,35,217,76,690,50,26,38,1,3,11,5,1,0,0,0,0,0,0,1,67,2014,5,8,4393,Married,3,1097,182.83333333333334,1097.0,20,0.14285714285714285,0.047619047619047616,52.23809523809524,0,0.0,0,0,322.6470588235294,87195.0,1.2580852332675811,0.5555555555555556,1,Premium Spenders
1979,Basic,Together,24594.0,1,0,2013-12-10,94,1,3,6,10,0,9,1,1,0,3,5,0,0,0,0,0,0,0,47,2013,12,10,4542,Partnered,1,29,4.833333333333333,14.5,5,0.16666666666666666,0.16666666666666666,4.833333333333333,0,0.0,0,0,3.0208333333333335,12297.0,0.11791014433828013,0.2631578947368421,3,Budget Conscious
1964,Graduation,Married,49096.0,1,1,2013-09-24,15,144,1,32,2,1,7,4,4,1,4,7,0,0,0,0,0,0,0,62,2013,9,24,4619,Married,3,187,31.166666666666668,62.333333333333336,13,0.2857142857142857,0.2857142857142857,13.357142857142858,0,0.0,0,0,38.58730158730159,16365.333333333334,0.38087866875776527,5.6875,0,Middle Class Shoppers
1969,Graduation,Married,52413.0,0,2,2013-02-02,56,295,106,271,75,98,65,4,6,4,12,6,0,0,0,0,0,0,0,57,2013,2,2,4853,Married,3,910,151.66666666666666,303.3333333333333,26,0.2222222222222222,0.14814814814814814,33.7037037037037,0,0.0,0,0,407.9310344827586,17471.0,1.7361773571946428,2.736842105263158,0,Middle Class Shoppers
1978,Graduation,Single,38557.0,1,0,2012-12-19,17,76,3,31,4,4,27,2,3,1,3,7,0,0,0,0,0,0,0,48,2012,12,19,4898,Single,3,145,24.166666666666668,72.5,9,0.3,0.2,14.5,0,0.0,0,0,26.632653061224488,19278.5,0.3760568494216505,3.5,3,Budget Conscious
1960,Master,Married,89058.0,0,0,2012-12-07,18,454,194,106,31,22,43,1,5,4,4,2,0,0,0,0,0,0,0,66,2012,12,7,4910,Married,4,850,141.66666666666666,850.0,14,0.3333333333333333,0.06666666666666667,56.666666666666664,0,0.0,0,0,177.61194029850745,89058.0,0.9544234720803063,1.4736842105263157,1,Premium Spenders
1979,Graduation,Together,77298.0,0,1,2013-11-02,46,425,115,292,23,35,79,1,6,6,11,3,0,0,0,0,0,0,0,47,2013,11,2,4580,Partnered,3,969,161.5,484.5,24,0.24,0.04,38.76,0,0.0,0,0,484.5,38649.0,1.2535737849131294,1.5319148936170213,1,Premium Spenders
1991,PhD,Single,68126.0,0,0,2012-11-10,40,1332,17,311,23,51,86,1,7,4,5,9,0,1,0,0,0,0,1,35,2012,11,10,4937,Single,5,1820,303.3333333333333,1820.0,17,0.3888888888888889,0.05555555555555555,101.11111111111111,1,0.2,1,0,859.4444444444445,68126.0,2.6714812042215272,3.731707317073171,2,Ultra Premium
1963,Master,Together,57288.0,0,1,2014-06-25,27,527,0,21,0,0,60,3,8,1,8,6,0,1,0,0,0,0,0,63,2014,6,25,4345,Partnered,4,608,101.33333333333333,304.0,20,0.38095238095238093,0.14285714285714285,28.952380952380953,1,0.2,1,0,190.0,28644.0,1.0612857616645428,4.285714285714286,0,Middle Class Shoppers
1991,Graduation,Single,86037.0,0,0,2013-01-02,95,490,44,125,29,20,22,1,6,7,11,3,0,1,1,0,0,0,1,35,2013,1,2,4884,Single,3,730,121.66666666666667,730.0,25,0.23076923076923078,0.038461538461538464,28.076923076923077,2,0.4,1,1,506.94444444444446,86037.0,0.8484623073525651,0.78125,1,Premium Spenders
1980,PhD,Married,43974.0,1,0,2012-12-12,19,378,0,101,0,0,72,5,6,4,6,7,0,0,0,0,0,0,0,46,2012,12,12,4905,Married,5,551,91.83333333333333,275.5,21,0.2727272727272727,0.22727272727272727,25.045454545454547,0,0.0,0,0,246.19148936170214,21987.0,1.252984650369528,7.35,0,Middle Class Shoppers
1962,Graduation,Single,50785.0,1,1,2013-09-10,27,64,1,21,0,1,27,2,2,1,3,6,0,0,0,0,0,0,0,64,2013,9,10,4633,Single,3,114,19.0,38.0,8,0.2222222222222222,0.2222222222222222,12.666666666666666,0,0.0,0,0,14.03076923076923,16928.333333333332,0.22447131099121806,1.7142857142857142,0,Middle Class Shoppers
1970,Graduation,Married,90765.0,0,0,2014-01-24,25,547,99,812,151,82,33,0,4,6,5,1,0,0,1,1,0,0,0,56,2014,1,24,4497,Married,3,1724,287.3333333333333,1724.0,15,0.25,0.0,107.75,2,0.4,1,1,453.6842105263158,90765.0,1.8993896392922462,0.5769230769230769,2,Ultra Premium
1978,2n Cycle,Married,36550.0,1,0,2013-02-19,74,47,90,94,123,103,120,5,9,1,5,9,0,0,0,0,0,0,0,48,2013,2,19,4836,Married,2,577,96.16666666666667,288.5,20,0.42857142857142855,0.23809523809523808,27.476190476190474,0,0.0,0,0,235.51020408163265,18275.0,1.5786161801318705,2.4,0,Middle Class Shoppers
1967,2n Cycle,Together,30753.0,1,1,2013-07-11,85,12,5,25,0,9,30,2,1,1,3,5,0,0,0,0,0,0,0,59,2013,7,11,4694,Partnered,2,81,13.5,27.0,7,0.125,0.25,10.125,0,0.0,0,0,9.45,10251.0,0.263380373284776,0.4069767441860465,3,Budget Conscious
1969,Graduation,Together,21918.0,1,0,2013-11-14,37,1,6,7,11,5,3,2,2,0,3,6,0,0,0,0,0,0,0,57,2013,11,14,4568,Partnered,3,33,5.5,16.5,7,0.25,0.25,4.125,0,0.0,0,0,3.9827586206896552,10959.0,0.1505543136091975,1.105263157894737,3,Budget Conscious
1953,Master,Together,56129.0,0,1,2013-06-20,65,320,48,133,39,72,48,4,6,2,10,4,0,0,0,0,0,0,0,73,2013,6,20,4715,Partnered,4,660,110.0,330.0,22,0.2608695652173913,0.17391304347826086,28.695652173913043,0,0.0,0,0,196.21621621621622,28064.5,1.1758417958311065,1.3333333333333333,0,Middle Class Shoppers
1967,Master,Single,32557.0,1,0,2014-02-24,13,34,3,29,0,4,10,3,2,1,3,5,0,0,0,0,0,0,1,59,2014,2,24,4466,Single,4,80,13.333333333333334,40.0,9,0.2,0.3,8.0,0,0.0,0,0,12.0,16278.5,0.24571533878002336,3.2142857142857144,3,Budget Conscious
1985,Master,Married,19510.0,2,0,2013-09-04,63,9,0,7,3,4,7,2,1,0,3,7,0,0,0,0,0,0,0,41,2013,9,4,4639,Married,4,30,5.0,10.0,6,0.14285714285714285,0.2857142857142857,4.285714285714286,0,0.0,0,0,4.285714285714286,6503.333333333333,0.15375941776433807,0.65625,3,Budget Conscious
1976,Graduation,Divorced,30992.0,1,0,2013-04-22,83,17,0,14,7,3,2,1,1,0,3,7,0,0,0,0,0,0,0,50,2013,4,22,4774,Divorced,3,43,7.166666666666667,21.5,5,0.16666666666666666,0.16666666666666666,7.166666666666667,0,0.0,0,0,4.215686274509804,15496.0,0.1387410060336205,0.4166666666666667,3,Budget Conscious
1983,Graduation,Single,94545.1,0,0,2013-03-12,69,722,27,102,44,72,168,0,6,8,13,2,0,1,1,1,0,0,1,43,2013,3,12,4815,Single,3,1135,189.16666666666666,1135.0,27,0.21428571428571427,0.0,40.535714285714285,3,0.6,1,1,696.4772727272727,94545.1,1.2004725736968525,0.7714285714285715,1,Premium Spenders
1965,2n Cycle,Together,71488.0,0,0,2013-02-18,87,162,33,124,40,28,172,2,3,4,7,1,0,0,0,0,0,0,0,61,2013,2,18,4837,Partnered,2,559,93.16666666666667,559.0,16,0.17647058823529413,0.11764705882352941,32.88235294117647,0,0.0,0,0,144.25806451612902,71488.0,0.7819384800458813,0.18181818181818182,1,Premium Spenders
1984,Graduation,Single,79607.0,0,0,2013-04-21,37,450,133,951,173,0,216,1,3,6,6,1,0,0,0,0,0,0,1,42,2013,4,21,4775,Single,3,1923,320.5,1923.0,16,0.17647058823529413,0.058823529411764705,113.11764705882354,0,0.0,0,0,715.5348837209302,79607.0,2.4155863732288214,0.42105263157894735,2,Ultra Premium
1953,Master,Married,54348.0,1,1,2014-06-08,51,70,0,16,0,0,4,2,2,0,4,6,0,0,0,0,0,0,0,73,2014,6,8,4362,Married,4,90,15.0,30.0,8,0.2222222222222222,0.2222222222222222,10.0,0,0.0,0,0,9.72972972972973,18116.0,0.16559642311726067,0.9230769230769231,0,Middle Class Shoppers
1961,PhD,Married,51381.5,0,1,2013-07-11,23,352,0,27,10,0,15,3,6,1,7,6,0,0,0,0,0,0,0,65,2013,7,11,4694,Married,5,404,67.33333333333333,202.0,17,0.3333333333333333,0.16666666666666666,22.444444444444443,0,0.0,0,0,104.06060606060606,25690.75,0.7862599133946383,4.25,0,Middle Class Shoppers
1956,PhD,Together,77376.0,1,1,2014-05-10,72,492,19,110,16,12,12,4,6,3,10,4,0,0,0,0,0,0,0,70,2014,5,10,4391,Partnered,5,661,110.16666666666667,220.33333333333334,23,0.25,0.16666666666666666,27.541666666666668,0,0.0,0,0,214.1267605633803,25792.0,0.8542590175375111,1.2602739726027397,1,Premium Spenders
1952,Graduation,Married,62998.0,0,1,2013-09-30,10,120,58,73,65,89,58,5,5,4,5,5,0,0,0,0,0,0,0,74,2013,9,30,4613,Married,3,463,77.16666666666667,231.5,19,0.25,0.25,23.15,0,0.0,0,0,117.29333333333334,31499.0,0.7349323005127066,8.636363636363637,0,Middle Class Shoppers
1958,Master,Alone,61331.0,1,1,2013-03-10,42,534,5,47,0,5,41,5,11,1,6,8,0,0,0,0,0,0,0,68,2013,3,10,4817,Single,4,632,105.33333333333333,210.66666666666666,23,0.4583333333333333,0.20833333333333334,26.333333333333332,0,0.0,0,0,210.66666666666666,20443.666666666668,1.0304571838518228,4.27906976744186,0,Middle Class Shoppers
1969,Graduation,Married,73448.0,0,0,2014-02-10,10,236,106,189,23,41,130,1,7,2,9,4,0,0,0,0,0,0,0,57,2014,2,10,4480,Married,3,725,120.83333333333333,725.0,19,0.35,0.05,36.25,0,0.0,0,0,237.5,73448.0,0.9870794701085107,6.909090909090909,1,Premium Spenders
1963,Graduation,Married,51381.5,0,1,2013-08-11,96,231,65,196,38,71,124,1,6,5,7,4,0,0,0,0,0,0,0,63,2013,8,11,4663,Married,3,725,120.83333333333333,362.5,19,0.3,0.05,36.25,0,0.0,0,0,215.234375,25690.75,1.410986230720576,0.7835051546391752,0,Middle Class Shoppers
1964,PhD,Married,41551.0,1,1,2013-08-14,51,220,0,33,3,0,23,5,5,1,5,8,0,0,0,0,0,0,0,62,2013,8,14,4660,Married,5,279,46.5,93.0,16,0.29411764705882354,0.29411764705882354,16.41176470588235,0,0.0,0,0,70.85714285714286,13850.333333333334,0.671447824412784,2.4615384615384617,0,Middle Class Shoppers
1967,PhD,Together,62981.0,0,0,2013-03-17,21,796,14,590,38,44,0,1,4,5,13,3,0,1,0,0,0,0,0,59,2013,3,17,4810,Partnered,5,1482,247.0,1482.0,23,0.16666666666666666,0.041666666666666664,61.75,1,0.2,1,0,568.1,62981.0,2.3530532533104696,3.1363636363636362,2,Ultra Premium
1976,Basic,Divorced,9548.0,1,0,2012-08-08,31,0,1,3,10,6,9,2,1,0,3,8,0,0,0,0,0,0,0,50,2012,8,8,5031,Divorced,1,29,4.833333333333333,14.5,6,0.14285714285714285,0.2857142857142857,4.142857142857143,0,0.0,0,0,3.411764705882353,4774.0,0.3036967221698607,1.5,3,Budget Conscious
1959,PhD,Married,33762.0,2,1,2013-07-07,61,53,1,34,2,0,16,3,2,2,2,8,0,0,0,0,0,0,0,67,2013,7,7,4698,Married,5,106,17.666666666666668,26.5,9,0.2,0.3,10.6,0,0.0,0,0,14.029411764705882,8440.5,0.3139531439741729,1.1612903225806452,3,Budget Conscious
1973,PhD,Alone,35860.0,1,1,2014-05-19,37,15,0,8,4,2,20,2,1,1,2,5,1,0,0,0,0,0,1,53,2014,5,19,4382,Single,5,49,8.166666666666666,16.333333333333332,6,0.14285714285714285,0.2857142857142857,7.0,1,0.2,1,0,5.444444444444445,11953.333333333334,0.1366386882685926,0.7894736842105263,3,Budget Conscious
1965,PhD,Divorced,36921.0,1,1,2013-07-28,74,17,1,12,3,1,4,2,2,0,3,7,0,0,0,0,0,0,0,61,2013,7,28,4677,Divorced,5,38,6.333333333333333,12.666666666666666,7,0.25,0.25,4.75,0,0.0,0,0,4.290322580645161,12307.0,0.10291966849033096,0.6533333333333333,3,Budget Conscious
1992,Master,Single,92859.0,0,0,2012-10-19,46,962,61,921,52,61,20,1,5,4,12,2,0,0,0,0,0,0,0,34,2012,10,19,4959,Single,4,2077,346.1666666666667,2077.0,22,0.21739130434782608,0.043478260869565216,90.30434782608695,0,0.0,0,0,1305.5428571428572,92859.0,2.236700409218178,0.9361702127659575,2,Ultra Premium
1976,Master,Together,65104.0,0,1,2013-11-14,4,738,0,232,13,20,50,2,3,5,7,7,0,0,0,0,0,0,1,50,2013,11,14,4568,Partnered,4,1053,175.5,526.5,17,0.16666666666666666,0.1111111111111111,58.5,0,0.0,0,0,351.0,32552.0,1.6173872974425927,23.8,1,Premium Spenders
1962,Graduation,Married,86111.0,0,0,2013-04-19,73,399,28,756,36,40,126,1,5,7,10,2,0,0,0,0,0,0,0,64,2013,4,19,4777,Married,3,1385,230.83333333333334,1385.0,23,0.20833333333333334,0.041666666666666664,57.708333333333336,0,0.0,0,0,490.0769230769231,86111.0,1.6083704942400596,0.6216216216216216,2,Ultra Premium
1974,PhD,Single,68352.0,0,1,2013-08-28,47,614,16,132,43,33,33,3,8,5,9,6,0,0,0,0,0,0,0,52,2013,8,28,4646,Single,5,871,145.16666666666666,435.5,25,0.3076923076923077,0.11538461538461539,33.5,0,0.0,0,0,410.8490566037736,34176.0,1.2742674059660877,3.125,1,Premium Spenders
1988,Graduation,Together,41883.0,1,0,2013-03-19,13,32,34,41,73,16,116,3,4,2,3,7,0,0,0,0,0,0,0,38,2013,3,19,4808,Partnered,3,312,52.0,156.0,12,0.3076923076923077,0.23076923076923078,24.0,0,0.0,0,0,96.0,20941.5,0.7449145258332538,6.0,0,Middle Class Shoppers
1976,Graduation,Married,59809.0,0,2,2012-10-18,36,598,16,141,32,41,49,3,3,3,6,8,0,0,0,0,0,0,0,50,2012,10,18,4960,Married,3,877,146.16666666666666,292.3333333333333,15,0.1875,0.1875,54.8125,0,0.0,0,0,257.94117647058823,19936.333333333332,1.4663099816084266,3.2432432432432434,0,Middle Class Shoppers
1975,Graduation,Married,23957.0,1,0,2012-10-28,47,2,1,18,20,11,16,1,2,0,3,6,0,0,0,0,0,0,1,51,2012,10,28,4950,Married,3,68,11.333333333333334,34.0,6,0.2857142857142857,0.14285714285714285,9.714285714285714,0,0.0,0,0,7.846153846153846,11978.5,0.28383003589615163,0.75,3,Budget Conscious
1981,Graduation,Together,38547.0,1,0,2013-08-28,49,6,1,10,0,1,4,1,1,0,2,8,0,0,0,0,0,1,0,45,2013,8,28,4646,Partnered,3,22,3.6666666666666665,11.0,4,0.2,0.2,4.4,0,0.0,0,0,1.9130434782608696,19273.5,0.05707170281207845,0.64,3,Budget Conscious
1973,2n Cycle,Married,35688.0,2,1,2012-08-22,94,73,3,90,12,1,32,7,4,1,4,8,0,0,0,0,0,0,0,53,2012,8,22,5017,Married,2,211,35.166666666666664,52.75,16,0.23529411764705882,0.4117647058823529,12.411764705882353,0,0.0,0,0,62.51851851851852,8922.0,0.5912185827565917,1.3473684210526315,3,Budget Conscious
1966,Master,Married,49605.0,0,0,2014-06-21,65,42,16,29,12,20,8,1,2,1,4,3,0,0,0,0,0,0,0,60,2014,6,21,4349,Married,4,127,21.166666666666668,127.0,8,0.2222222222222222,0.1111111111111111,14.11111111111111,0,0.0,0,0,16.65573770491803,49605.0,0.25601741724791355,0.36363636363636365,0,Middle Class Shoppers
1953,Master,Married,59354.0,0,2,2014-04-24,59,295,21,78,39,13,13,1,4,4,7,3,0,0,0,0,0,0,0,73,2014,4,24,4407,Married,4,459,76.5,153.0,16,0.23529411764705882,0.058823529411764705,27.0,0,0.0,0,0,99.24324324324324,19784.666666666668,0.7733131159969674,0.8,0,Middle Class Shoppers
1969,Graduation,Married,65747.0,0,1,2014-03-07,96,346,17,48,23,13,13,4,8,1,6,6,0,1,0,0,0,0,0,57,2014,3,7,4455,Married,3,460,76.66666666666667,230.0,19,0.4,0.2,23.0,1,0.2,1,0,150.68965517241378,32873.5,0.6996410537202653,1.175257731958763,0,Middle Class Shoppers
1972,2n Cycle,Together,46344.0,0,1,2012-12-14,28,233,20,57,8,20,91,4,7,1,5,7,0,0,0,0,0,0,0,54,2012,12,14,4903,Partnered,2,429,71.5,214.5,17,0.3888888888888889,0.2222222222222222,23.833333333333332,0,0.0,0,0,132.6,23172.0,0.9256661991584854,4.103448275862069,0,Middle Class Shoppers
1988,Graduation,Alone,34176.0,1,0,2014-05-12,12,5,7,24,19,14,20,4,3,0,4,6,0,0,0,0,0,0,0,38,2014,5,12,4389,Single,3,89,14.833333333333334,44.5,11,0.25,0.3333333333333333,7.416666666666667,0,0.0,0,0,25.102564102564102,17088.0,0.2604090470199257,5.076923076923077,3,Budget Conscious
1952,PhD,Together,61010.0,0,1,2012-10-09,57,888,0,57,0,0,76,2,8,5,11,5,0,0,0,0,0,0,0,74,2012,10,9,4969,Partnered,5,1021,170.16666666666666,510.5,26,0.2962962962962963,0.07407407407407407,37.81481481481482,0,0.0,0,0,353.94666666666666,30505.0,1.6734687187556343,2.2413793103448274,1,Premium Spenders
1949,Graduation,Together,69372.0,0,0,2013-02-19,10,997,26,269,34,13,42,1,10,4,6,4,0,1,1,0,0,0,1,77,2013,2,19,4836,Partnered,3,1381,230.16666666666666,1381.0,21,0.45454545454545453,0.045454545454545456,62.77272727272727,2,0.4,1,1,371.8076923076923,69372.0,1.9906880198348063,7.636363636363637,2,Ultra Premium
1958,Graduation,Single,49967.0,0,1,2013-07-08,4,212,6,69,4,12,3,3,6,1,5,7,0,0,0,0,0,0,0,68,2013,7,8,4697,Single,3,306,51.0,153.0,15,0.375,0.1875,19.125,0,0.0,0,0,66.52173913043478,24983.5,0.6123919308357348,21.0,0,Middle Class Shoppers
1978,Graduation,Single,60199.0,1,2,2013-09-12,49,8,1,7,2,0,0,1,0,0,3,4,0,0,0,0,0,0,0,48,2013,9,12,4631,Single,3,18,3.0,4.5,4,0.0,0.2,3.6,0,0.0,0,0,1.469387755102041,15049.75,0.02990033222591362,0.32,0,Middle Class Shoppers
1977,Graduation,Together,55375.0,0,1,2013-10-17,3,42,11,57,10,28,14,1,1,1,6,2,0,0,0,0,0,0,0,49,2013,10,17,4596,Partnered,3,162,27.0,81.0,9,0.1,0.1,16.2,0,0.0,0,0,29.16,27687.5,0.29254550707887894,4.5,0,Middle Class Shoppers
1955,Graduation,Single,80317.0,0,0,2013-08-20,64,536,11,387,149,91,57,1,3,4,10,1,0,0,0,0,0,0,0,71,2013,8,20,4654,Single,3,1231,205.16666666666666,1231.0,18,0.15789473684210525,0.05263157894736842,64.78947368421052,0,0.0,0,0,307.75,80317.0,1.5326576856993452,0.27692307692307694,1,Premium Spenders
1958,Master,Single,30523.0,2,1,2013-07-01,0,5,0,3,0,0,5,1,1,0,2,7,0,0,0,0,0,0,0,68,2013,7,1,4704,Single,4,13,2.1666666666666665,3.25,4,0.2,0.2,2.6,0,0.0,0,0,0.7536231884057971,7630.75,0.04258943781942078,28.0,3,Budget Conscious
1945,PhD,Married,70356.0,0,0,2012-11-05,20,1349,16,249,43,16,33,2,10,6,9,6,0,0,0,0,0,0,0,81,2012,11,5,4942,Married,5,1706,284.3333333333333,1706.0,27,0.35714285714285715,0.07142857142857142,60.92857142857143,0,0.0,0,0,561.7317073170732,70356.0,2.4247764970081156,7.714285714285714,2,Ultra Premium
1984,Graduation,Married,23228.0,1,0,2014-01-05,91,53,3,49,7,4,5,4,3,0,4,8,0,0,0,0,0,0,0,42,2014,1,5,4516,Married,3,121,20.166666666666668,60.5,11,0.25,0.3333333333333333,10.083333333333334,0,0.0,0,0,30.953488372093023,11614.0,0.5209005983899436,0.9565217391304348,3,Budget Conscious
1975,PhD,Divorced,74165.0,0,0,2013-05-01,9,1001,12,240,16,12,12,1,5,4,10,2,0,0,0,0,0,0,0,51,2013,5,1,4765,Divorced,5,1293,215.5,1293.0,20,0.23809523809523808,0.047619047619047616,61.57142857142857,0,0.0,0,0,497.3076923076923,74165.0,1.743386457406359,4.0,2,Ultra Premium
1973,PhD,Married,94545.1,0,1,2014-03-01,98,20,2,1582,1,2,1,15,0,22,0,0,0,0,0,0,0,0,0,53,2014,3,1,4461,Married,5,1608,268.0,804.0,37,0.0,0.39473684210526316,42.31578947368421,0,0.0,0,0,1101.7777777777778,47272.55,1.7007576198277876,0.0,1,Premium Spenders
1966,Graduation,Together,43482.0,2,1,2013-11-13,83,18,1,32,6,3,28,3,2,0,4,6,0,0,0,0,0,0,0,60,2013,11,13,4569,Partnered,3,88,14.666666666666666,22.0,9,0.2,0.3,8.8,0,0.0,0,0,12.98360655737705,10870.5,0.2023779408044523,0.6428571428571429,3,Budget Conscious
1953,Graduation,Divorced,62551.0,0,0,2013-11-18,27,125,16,98,134,21,27,1,6,7,4,3,1,0,0,0,0,0,0,73,2013,11,18,4564,Divorced,3,421,70.16666666666667,421.0,18,0.3157894736842105,0.05263157894736842,22.157894736842106,1,0.2,1,0,102.4054054054054,62551.0,0.6730400306944622,1.9285714285714286,0,Middle Class Shoppers
1959,Graduation,Divorced,52332.0,0,0,2013-08-28,63,212,5,33,7,0,2,1,3,2,6,4,0,1,0,0,0,0,0,67,2013,8,28,4646,Divorced,3,259,43.166666666666664,259.0,12,0.23076923076923078,0.07692307692307693,19.923076923076923,1,0.2,1,0,45.705882352941174,52332.0,0.4949076108765024,0.75,0,Middle Class Shoppers
1988,Graduation,Single,66951.0,0,0,2013-11-02,46,277,162,305,173,76,124,1,3,4,7,1,0,0,0,0,0,0,0,38,2013,11,2,4580,Single,3,1117,186.16666666666666,1117.0,15,0.1875,0.0625,69.8125,0,0.0,0,0,429.61538461538464,66951.0,1.66835942167523,0.3191489361702128,1,Premium Spenders
1957,Graduation,Together,26091.0,1,1,2014-02-25,84,15,10,19,8,17,20,3,2,1,3,5,0,0,0,0,0,0,0,69,2014,2,25,4465,Partnered,3,89,14.833333333333334,29.666666666666668,9,0.2,0.3,8.9,0,0.0,0,0,11.442857142857143,8697.0,0.34110072052736473,0.5294117647058824,3,Budget Conscious
1965,Graduation,Together,33456.0,1,1,2014-04-21,58,7,3,10,8,1,7,2,1,0,3,7,0,0,0,0,0,0,0,61,2014,4,21,4410,Partnered,3,36,6.0,12.0,6,0.14285714285714285,0.2857142857142857,5.142857142857143,0,0.0,0,0,3.4838709677419355,11152.0,0.10760080102818544,0.711864406779661,3,Budget Conscious
1982,Graduation,Married,28718.0,1,0,2013-07-13,78,12,4,6,11,8,16,2,2,0,3,8,0,0,0,0,0,0,0,44,2013,7,13,4692,Married,3,57,9.5,28.5,7,0.25,0.25,7.125,0,0.0,0,0,8.866666666666667,14359.0,0.1984748772589575,0.7088607594936709,3,Budget Conscious
1970,Graduation,Married,50447.0,2,0,2014-04-21,4,85,7,24,2,3,27,1,3,1,3,6,0,0,0,0,0,0,0,56,2014,4,21,4410,Married,3,148,24.666666666666668,49.333333333333336,8,0.3333333333333333,0.1111111111111111,16.444444444444443,0,0.0,0,0,20.771929824561404,16815.666666666668,0.29337139232477005,9.6,0,Middle Class Shoppers
1959,PhD,Together,53537.0,1,1,2014-01-30,17,81,0,6,0,0,6,2,2,1,3,5,0,0,0,0,0,0,0,67,2014,1,30,4491,Partnered,5,93,15.5,31.0,8,0.2222222222222222,0.2222222222222222,10.333333333333334,0,0.0,0,0,10.941176470588236,17845.666666666668,0.17370839403787966,2.2222222222222223,0,Middle Class Shoppers
1967,Graduation,Single,52074.0,0,1,2014-04-04,77,59,0,12,0,0,48,1,2,2,2,4,1,0,0,0,0,0,0,59,2014,4,4,4427,Single,3,119,19.833333333333332,59.5,7,0.25,0.125,14.875,1,0.2,1,0,13.883333333333333,26037.0,0.228516562650024,0.358974358974359,0,Middle Class Shoppers
1975,PhD,Married,80427.0,0,1,2012-09-12,56,1149,71,449,69,71,26,1,11,8,8,5,0,0,0,0,0,0,0,51,2012,9,12,4996,Married,5,1835,305.8333333333333,917.5,28,0.3793103448275862,0.034482758620689655,63.275862068965516,0,0.0,0,0,988.0769230769231,40213.5,2.281543740985726,2.456140350877193,2,Ultra Premium
1948,PhD,Married,83837.0,0,0,2012-12-16,79,847,66,119,86,89,111,1,9,10,5,4,0,1,0,1,0,0,1,78,2012,12,16,4901,Married,5,1318,219.66666666666666,1318.0,25,0.34615384615384615,0.038461538461538464,50.69230769230769,2,0.4,1,1,417.0886075949367,83837.0,1.572079486628975,1.25,2,Ultra Premium
1970,PhD,Married,38853.0,1,1,2014-05-23,90,29,0,14,0,0,2,2,2,0,3,7,0,0,0,0,0,0,0,56,2014,5,23,4378,Married,5,45,7.5,15.0,7,0.25,0.25,5.625,0,0.0,0,0,5.526315789473684,12951.0,0.11581819117722757,0.5384615384615384,3,Budget Conscious
1959,Graduation,Together,38285.0,2,1,2014-06-24,96,2,0,5,2,0,1,1,0,0,3,2,0,0,0,0,0,0,0,67,2014,6,24,4346,Partnered,3,10,1.6666666666666667,2.5,4,0.0,0.2,2.0,0,0.0,0,0,0.5882352941176471,9571.25,0.026119208065611448,0.08247422680412371,3,Budget Conscious
1976,PhD,Married,51650.0,0,1,2014-05-11,81,152,3,22,2,5,7,1,4,1,4,5,0,0,0,0,0,0,0,50,2014,5,11,4390,Married,5,191,31.833333333333332,95.5,10,0.36363636363636365,0.09090909090909091,17.363636363636363,0,0.0,0,0,37.450980392156865,25825.0,0.36978954908907863,0.6097560975609756,0,Middle Class Shoppers
1988,2n Cycle,Married,16248.0,1,0,2014-05-10,77,12,11,10,3,12,9,3,2,1,3,6,0,0,0,0,0,0,0,38,2014,5,10,4391,Married,2,57,9.5,28.5,9,0.2,0.3,5.7,0,0.0,0,0,13.153846153846153,8124.0,0.350790817896486,0.6923076923076923,3,Budget Conscious
1946,Master,Married,66835.0,0,0,2013-09-28,21,620,26,195,34,17,141,1,6,4,13,2,0,0,0,0,0,0,0,80,2013,9,28,4615,Married,4,1033,172.16666666666666,1033.0,24,0.24,0.04,41.32,0,0.0,0,0,306.0740740740741,66835.0,1.5455742414267761,2.1818181818181817,1,Premium Spenders
1984,Master,Married,30477.0,1,0,2014-01-22,16,47,1,6,0,0,12,1,1,1,3,6,0,0,0,0,0,0,0,42,2014,1,22,4499,Married,4,66,11.0,33.0,6,0.14285714285714285,0.14285714285714285,9.428571428571429,0,0.0,0,0,9.209302325581396,15238.5,0.21654964236498458,2.1176470588235294,3,Budget Conscious
1961,Basic,Married,28249.0,0,0,2014-06-15,80,1,9,7,2,14,10,1,2,0,3,6,0,0,0,0,0,0,0,65,2014,6,15,4355,Married,1,43,7.166666666666667,43.0,6,0.2857142857142857,0.14285714285714285,6.142857142857143,0,0.0,0,0,3.909090909090909,28249.0,0.15221238938053097,0.4444444444444444,3,Budget Conscious
1983,Graduation,Married,25271.0,1,0,2012-12-05,45,10,1,18,10,4,7,1,1,1,2,9,0,0,0,0,0,0,0,43,2012,12,5,4912,Married,3,50,8.333333333333334,25.0,5,0.16666666666666666,0.16666666666666666,8.333333333333334,0,0.0,0,0,5.681818181818182,12635.5,0.19784742006964232,0.9782608695652174,3,Budget Conscious
1970,PhD,Single,32303.0,0,1,2014-03-08,63,35,0,2,0,0,2,2,1,0,4,5,0,0,0,0,0,0,0,56,2014,3,8,4454,Single,5,39,6.5,19.5,7,0.125,0.25,4.875,0,0.0,0,0,4.7894736842105265,16151.5,0.12072808320950966,0.546875,3,Budget Conscious
1966,Graduation,Married,61286.0,0,1,2013-08-02,34,356,0,107,19,9,117,2,7,1,8,5,0,0,0,0,0,0,0,60,2013,8,2,4672,Married,3,608,101.33333333333333,304.0,18,0.3684210526315789,0.10526315789473684,32.0,0,0.0,0,0,179.40983606557376,30643.0,0.9920537797575343,2.5714285714285716,0,Middle Class Shoppers
1976,Graduation,Married,74068.0,0,0,2013-03-19,14,783,30,537,140,76,15,1,4,10,9,2,0,0,0,0,0,0,0,50,2013,3,19,4808,Married,3,1581,263.5,1581.0,24,0.16,0.04,63.24,0,0.0,0,0,744.0,74068.0,2.1344962129905896,3.2,2,Ultra Premium
1964,PhD,Married,45759.0,1,1,2013-02-23,13,42,1,18,3,0,4,2,2,0,3,7,0,0,0,0,0,0,0,62,2013,2,23,4832,Married,5,68,11.333333333333334,22.666666666666668,7,0.25,0.25,8.5,0,0.0,0,0,7.555555555555555,15253.0,0.1486013986013986,3.5,0,Middle Class Shoppers
1978,Basic,Together,24882.0,1,0,2012-09-09,52,1,4,10,29,0,36,1,1,1,2,6,1,0,0,0,0,0,0,48,2012,9,9,4999,Partnered,1,80,13.333333333333334,40.0,5,0.16666666666666666,0.16666666666666666,13.333333333333334,1,0.2,1,0,8.16326530612245,12441.0,0.3215046417232649,0.5660377358490566,3,Budget Conscious
1989,PhD,Together,66973.0,0,0,2013-05-17,98,466,22,432,147,113,102,1,8,7,12,3,0,0,0,0,0,0,0,37,2013,5,17,4749,Partnered,5,1282,213.66666666666666,1282.0,28,0.27586206896551724,0.034482758620689655,44.206896551724135,0,0.0,0,0,944.6315789473684,66973.0,1.9141756502523366,0.8484848484848485,1,Premium Spenders
1900,2n Cycle,Divorced,36640.0,1,0,2013-09-26,99,15,6,8,7,4,25,1,2,1,2,5,0,0,0,0,0,1,0,100,2013,9,26,4617,Divorced,2,65,10.833333333333334,32.5,6,0.2857142857142857,0.14285714285714285,9.285714285714286,0,0.0,0,0,3.8613861386138613,18320.0,0.17739690510630168,0.3,3,Budget Conscious
1988,Graduation,Married,38872.0,1,0,2013-05-30,93,23,3,21,3,19,22,2,3,0,3,8,0,0,0,0,0,0,0,38,2013,5,30,4736,Married,3,91,15.166666666666666,45.5,8,0.3333333333333333,0.2222222222222222,10.11111111111111,0,0.0,0,0,18.666666666666668,19436.0,0.234095644792015,0.6808510638297872,3,Budget Conscious
1973,Graduation,Married,51148.0,1,1,2013-02-18,38,235,6,45,8,9,12,4,5,1,6,6,0,0,0,0,0,0,0,53,2013,2,18,4837,Married,3,315,52.5,105.0,16,0.29411764705882354,0.23529411764705882,18.529411764705884,0,0.0,0,0,93.33333333333333,17049.333333333332,0.6158478171616258,2.4615384615384617,0,Middle Class Shoppers
1977,Graduation,Married,31353.0,1,1,2013-12-29,24,10,0,10,3,1,7,2,1,1,2,8,0,0,0,0,0,0,0,49,2013,12,29,4523,Married,3,31,5.166666666666667,10.333333333333334,6,0.14285714285714285,0.2857142857142857,4.428571428571429,0,0.0,0,0,3.72,10451.0,0.09887095745359444,1.92,3,Budget Conscious
1980,Master,Married,69661.0,0,0,2014-05-13,80,656,16,106,32,16,8,1,7,3,12,3,0,0,0,0,0,0,0,46,2014,5,13,4388,Married,4,834,139.0,834.0,23,0.2916666666666667,0.041666666666666664,34.75,0,0.0,0,0,408.1276595744681,69661.0,1.1972093824466712,0.8518518518518519,1,Premium Spenders
1954,Graduation,Married,80067.0,0,0,2013-09-19,82,519,17,813,27,173,51,1,4,6,6,2,0,0,1,0,0,0,0,72,2013,9,19,4624,Married,3,1600,266.6666666666667,1600.0,17,0.2222222222222222,0.05555555555555555,88.88888888888889,1,0.2,1,0,372.6027397260274,80067.0,1.998301443772793,0.40963855421686746,2,Ultra Premium
1954,Graduation,Married,86718.0,0,0,2013-01-17,20,344,189,482,50,33,172,1,5,6,5,2,0,0,0,0,0,0,0,72,2013,1,17,4869,Married,3,1270,211.66666666666666,1270.0,17,0.2777777777777778,0.05555555555555555,70.55555555555556,0,0.0,0,0,295.75342465753425,86718.0,1.4645002825217082,1.619047619047619,2,Ultra Premium
1973,PhD,Single,46854.0,1,1,2014-03-31,81,96,1,79,7,1,79,6,5,1,3,8,1,0,0,0,0,0,1,53,2014,3,31,4431,Single,5,263,43.833333333333336,87.66666666666667,15,0.3125,0.375,16.4375,1,0.2,1,0,73.05555555555556,15618.0,0.5613061572937786,1.4634146341463414,0,Middle Class Shoppers
1952,Graduation,Divorced,69142.0,0,1,2014-06-29,50,448,4,34,6,4,39,3,8,1,7,5,0,1,0,0,0,0,0,74,2014,6,29,4341,Divorced,3,535,89.16666666666667,267.5,19,0.4,0.15,26.75,1,0.2,1,0,135.53333333333333,34571.0,0.7737587319034465,1.8627450980392157,0,Middle Class Shoppers
1968,Graduation,Single,75922.0,0,0,2013-12-09,60,265,138,553,224,23,92,1,4,4,9,1,0,0,0,0,0,0,0,58,2013,12,9,4543,Single,3,1295,215.83333333333334,1295.0,18,0.21052631578947367,0.05263157894736842,68.15789473684211,0,0.0,0,0,395.08474576271186,75922.0,1.7056754870065725,0.29508196721311475,2,Ultra Premium
1978,Graduation,Divorced,63693.0,0,1,2013-10-14,63,587,43,337,42,87,54,3,11,6,9,6,0,0,0,0,0,0,0,48,2013,10,14,4599,Divorced,3,1150,191.66666666666666,575.0,29,0.36666666666666664,0.1,38.333333333333336,0,0.0,0,0,680.6122448979592,31846.5,1.805507583131849,2.71875,1,Premium Spenders
1977,PhD,Together,94545.1,0,0,2012-11-02,54,763,29,138,76,176,58,0,7,9,10,4,0,1,1,1,0,0,1,49,2012,11,2,4945,Partnered,5,1240,206.66666666666666,1240.0,26,0.25925925925925924,0.0,45.925925925925924,3,0.6,1,1,644.8,94545.1,1.3115295078273983,1.8909090909090909,2,Ultra Premium
1965,PhD,Single,40637.0,1,1,2013-07-17,72,22,0,13,0,0,3,2,1,0,3,7,0,0,0,0,0,0,0,61,2013,7,17,4688,Single,5,38,6.333333333333333,12.666666666666666,6,0.14285714285714285,0.2857142857142857,5.428571428571429,0,0.0,0,0,3.6774193548387095,13545.666666666666,0.0935085388060436,0.5753424657534246,3,Budget Conscious
1984,Master,Single,18890.0,0,0,2012-11-10,5,6,4,1,7,2,15,1,0,1,2,6,1,0,0,0,0,0,1,42,2012,11,10,4937,Single,4,35,5.833333333333333,35.0,4,0.0,0.2,7.0,1,0.2,1,0,3.255813953488372,18890.0,0.1852734106188132,4.0,3,Budget Conscious
1988,Graduation,Together,29604.0,1,0,2013-12-08,88,7,6,13,7,6,14,1,1,0,3,9,1,0,0,0,0,0,0,38,2013,12,8,4544,Partnered,3,53,8.833333333333334,26.5,5,0.16666666666666666,0.16666666666666666,8.833333333333334,1,0.2,1,0,6.794871794871795,14802.0,0.1790238135450093,0.5056179775280899,3,Budget Conscious
1963,Master,Divorced,48721.0,1,1,2013-05-13,50,81,18,113,47,13,21,6,4,2,5,6,0,0,0,0,0,0,0,63,2013,5,13,4753,Divorced,4,293,48.833333333333336,97.66666666666667,17,0.2222222222222222,0.3333333333333333,16.27777777777778,0,0.0,0,0,77.828125,16240.333333333334,0.6013710438816141,2.0,0,Middle Class Shoppers
1966,Graduation,Married,44794.0,0,1,2014-06-08,99,54,0,7,0,0,4,1,2,0,3,6,0,0,0,0,0,0,0,60,2014,6,8,4362,Married,3,65,10.833333333333334,32.5,6,0.2857142857142857,0.14285714285714285,9.285714285714286,0,0.0,0,0,6.39344262295082,22397.0,0.14510548052237973,0.36,0,Middle Class Shoppers
1954,Graduation,Divorced,64497.0,0,1,2012-09-10,17,1170,48,320,42,32,192,5,11,4,9,8,1,0,0,0,0,0,1,72,2012,9,10,4998,Divorced,3,1804,300.6666666666667,902.0,29,0.36666666666666664,0.16666666666666666,60.13333333333333,1,0.2,1,0,716.6575342465753,32248.5,2.796985953052808,12.88888888888889,1,Premium Spenders
1956,Graduation,Together,46097.0,0,1,2013-03-31,11,72,24,68,65,4,8,5,3,1,6,4,0,0,0,0,0,0,0,70,2013,3,31,4796,Partnered,3,241,40.166666666666664,120.5,15,0.1875,0.3125,15.0625,0,0.0,0,0,50.91549295774648,23048.5,0.5227992537637208,5.0,0,Middle Class Shoppers
1954,Graduation,Together,77972.0,0,0,2014-03-18,18,613,22,319,33,102,12,1,4,6,9,1,0,0,0,0,0,0,0,72,2014,3,18,4444,Partnered,3,1101,183.5,1101.0,20,0.19047619047619047,0.047619047619047616,52.42857142857143,0,0.0,0,0,301.64383561643837,77972.0,1.4120272401985303,1.0526315789473684,1,Premium Spenders
1968,PhD,Married,44377.0,1,1,2012-10-05,70,224,0,30,0,0,10,8,5,1,5,8,0,0,0,0,0,0,0,58,2012,10,5,4973,Married,5,264,44.0,88.0,19,0.25,0.4,13.2,0,0.0,0,0,85.01694915254237,14792.333333333334,0.5948893595925909,2.140845070422535,0,Middle Class Shoppers
1974,Master,Together,46014.0,1,1,2013-01-21,21,410,0,59,19,9,44,10,7,1,8,7,0,0,0,0,0,0,0,52,2013,1,21,4865,Partnered,4,541,90.16666666666667,180.33333333333334,26,0.25925925925925924,0.37037037037037035,20.037037037037038,0,0.0,0,0,265.39622641509436,15338.0,1.1757035749212215,8.272727272727273,0,Middle Class Shoppers
1985,Graduation,Married,70951.0,0,0,2013-05-04,66,239,10,554,254,87,54,1,3,4,9,1,0,0,0,0,0,0,0,41,2013,5,4,4762,Married,3,1198,199.66666666666666,1198.0,17,0.16666666666666666,0.05555555555555555,66.55555555555556,0,0.0,0,0,484.9047619047619,70951.0,1.688465441425189,0.2537313432835821,1,Premium Spenders
1977,Graduation,Married,41443.0,1,0,2014-04-01,79,171,7,171,25,19,89,6,8,1,5,8,0,0,0,0,0,0,0,49,2014,4,1,4430,Married,3,482,80.33333333333333,241.0,20,0.38095238095238093,0.2857142857142857,22.952380952380953,0,0.0,0,0,192.8,20721.5,1.1630151529775117,2.0,0,Middle Class Shoppers
1978,2n Cycle,Single,52195.0,2,1,2014-05-12,2,12,0,4,0,0,1,1,1,0,2,8,0,0,0,0,0,0,0,48,2014,5,12,4389,Single,2,17,2.8333333333333335,4.25,4,0.2,0.2,3.4,0,0.0,0,0,1.3877551020408163,13048.75,0.03256954555904667,10.666666666666666,0,Middle Class Shoppers
1948,Master,Married,83790.0,0,0,2013-11-15,81,1076,16,417,42,48,16,1,8,10,6,3,0,1,1,0,0,0,0,78,2013,11,15,4567,Married,4,1615,269.1666666666667,1615.0,25,0.3076923076923077,0.038461538461538464,62.11538461538461,2,0.4,1,1,511.0759493670886,83790.0,1.9274146388036901,0.9146341463414634,2,Ultra Premium
1954,Master,Widow,44551.0,0,1,2013-08-31,24,182,4,33,0,0,66,2,4,1,5,7,0,0,0,0,0,0,0,72,2013,8,31,4643,Widowed,4,285,47.5,142.5,12,0.3076923076923077,0.15384615384615385,21.923076923076923,0,0.0,0,0,46.84931506849315,22275.5,0.6397019213503322,3.36,0,Middle Class Shoppers
1980,Graduation,Together,69508.0,1,0,2012-11-14,48,824,32,162,42,32,43,2,11,4,11,6,0,0,0,0,0,0,0,46,2012,11,14,4933,Partnered,3,1135,189.16666666666666,567.5,28,0.3793103448275862,0.06896551724137931,39.13793103448276,0,0.0,0,0,676.1702127659574,34754.0,1.632882072825102,3.4285714285714284,1,Premium Spenders
1988,2n Cycle,Together,45204.0,1,0,2014-04-11,93,30,11,25,29,1,18,1,1,1,4,3,0,0,0,0,0,0,0,38,2014,4,11,4420,Partnered,2,114,19.0,57.0,7,0.125,0.125,14.25,0,0.0,0,0,20.46153846153846,22602.0,0.25218449286583344,0.22340425531914893,0,Middle Class Shoppers
1969,Graduation,Married,72460.0,0,0,2013-11-14,56,377,10,540,80,30,10,1,3,5,7,1,0,0,0,0,0,0,0,57,2013,11,14,4568,Married,3,1047,174.5,1047.0,16,0.17647058823529413,0.058823529411764705,61.588235294117645,0,0.0,0,0,288.82758620689657,72460.0,1.444915195760478,0.2807017543859649,1,Premium Spenders
1970,PhD,Together,77622.0,0,2,2014-04-14,3,520,7,154,19,0,14,2,6,3,11,3,0,0,0,0,0,0,0,56,2014,4,14,4417,Partnered,5,714,119.0,238.0,22,0.2608695652173913,0.08695652173913043,31.043478260869566,0,0.0,0,0,275.57894736842104,25874.0,0.9198304626206151,16.5,1,Premium Spenders
1980,PhD,Married,30732.0,1,0,2013-01-05,44,155,1,25,0,1,3,4,4,1,4,8,0,0,0,0,0,0,0,46,2013,1,5,4881,Married,5,185,30.833333333333332,92.5,13,0.2857142857142857,0.2857142857142857,13.214285714285714,0,0.0,0,0,51.170212765957444,15366.0,0.6019588064946475,2.311111111111111,3,Budget Conscious
1962,Graduation,Divorced,63887.0,0,1,2012-09-08,38,897,23,207,15,11,92,5,9,6,12,6,0,0,0,0,0,0,0,64,2012,9,8,5000,Divorced,3,1245,207.5,622.5,32,0.2727272727272727,0.15151515151515152,37.72727272727273,0,0.0,0,0,612.9230769230769,31943.5,1.948722764838467,4.923076923076923,1,Premium Spenders
1978,Graduation,Together,42011.0,1,0,2013-03-26,46,131,0,16,2,1,39,4,3,1,4,8,0,0,0,0,0,0,0,48,2013,3,26,4801,Partnered,3,189,31.5,94.5,12,0.23076923076923078,0.3076923076923077,14.538461538461538,0,0.0,0,0,46.285714285714285,21005.5,0.4498714652956298,2.0425531914893615,3,Budget Conscious
1976,Graduation,Together,51369.0,0,1,2012-10-25,84,297,7,79,0,11,182,2,8,2,4,8,0,0,0,0,0,0,0,50,2012,10,25,4953,Partnered,3,576,96.0,288.0,16,0.47058823529411764,0.11764705882352941,33.88235294117647,0,0.0,0,0,180.7058823529412,25684.5,1.1212770099279736,1.5058823529411764,0,Middle Class Shoppers
1952,Graduation,Divorced,51537.0,0,1,2012-12-09,27,787,20,204,0,0,92,3,2,2,11,8,0,0,0,0,0,0,0,74,2012,12,9,4908,Divorced,3,1103,183.83333333333334,551.5,18,0.10526315789473684,0.15789473684210525,58.05263157894737,0,0.0,0,0,264.72,25768.5,2.140168419418681,5.142857142857143,1,Premium Spenders
1972,PhD,Married,79930.0,0,0,2012-08-08,72,792,86,740,67,51,17,1,3,5,8,2,0,0,0,0,0,0,0,54,2012,8,8,5031,Married,5,1753,292.1666666666667,1753.0,17,0.16666666666666666,0.05555555555555555,97.38888888888889,0,0.0,0,0,541.8363636363637,79930.0,2.193141584616732,0.4657534246575342,2,Ultra Premium
1986,PhD,Together,34320.0,1,0,2014-02-16,66,4,1,9,3,0,0,1,1,0,2,8,0,0,0,0,0,0,0,40,2014,2,16,4474,Partnered,5,17,2.8333333333333335,8.5,4,0.2,0.2,3.4,0,0.0,0,0,1.6585365853658536,17160.0,0.04953235628332508,0.47761194029850745,3,Budget Conscious
1966,Graduation,Single,37070.0,1,1,2013-03-20,30,231,7,137,4,15,39,9,5,1,8,7,0,0,0,0,0,0,1,60,2013,3,20,4807,Single,3,433,72.16666666666667,144.33333333333334,23,0.20833333333333334,0.375,18.041666666666668,0,0.0,0,0,163.2622950819672,12356.666666666666,1.1680289174826683,5.193548387096774,3,Budget Conscious
1962,2n Cycle,Divorced,81975.0,0,1,2013-01-05,2,983,76,184,180,138,27,1,6,3,4,7,0,0,1,0,0,0,0,64,2013,1,5,4881,Divorced,2,1588,264.6666666666667,794.0,14,0.4,0.06666666666666667,105.86666666666666,1,0.2,1,0,342.03076923076924,40987.5,1.9371523372694446,32.666666666666664,1,Premium Spenders
1971,Graduation,Together,38590.0,1,0,2013-05-15,65,3,1,8,4,3,3,1,1,0,2,8,0,0,0,0,0,0,0,55,2013,5,15,4751,Partnered,3,22,3.6666666666666665,11.0,4,0.2,0.2,4.4,0,0.0,0,0,1.5714285714285714,19295.0,0.05700811069938587,0.48484848484848486,3,Budget Conscious
1951,Graduation,Single,15033.0,0,0,2014-04-16,37,0,4,5,6,0,4,1,1,0,3,3,0,0,0,0,0,0,0,75,2014,4,16,4415,Single,3,19,3.1666666666666665,19.0,5,0.16666666666666666,0.16666666666666666,3.1666666666666665,0,0.0,0,0,1.25,15033.0,0.12638020486896367,0.39473684210526316,3,Budget Conscious
1965,PhD,Married,62745.0,0,1,2013-03-23,89,562,21,464,28,10,32,3,7,8,11,5,0,0,0,0,0,0,0,61,2013,3,23,4804,Married,5,1117,186.16666666666666,558.5,29,0.23333333333333334,0.1,37.233333333333334,0,0.0,0,0,522.4677419354839,31372.5,1.7801931597233291,1.6111111111111112,1,Premium Spenders
1975,2n Cycle,Married,22212.0,1,0,2013-12-09,49,5,9,20,6,8,21,2,2,0,4,6,0,0,0,0,0,0,0,51,2013,12,9,4543,Married,2,69,11.5,34.5,8,0.2222222222222222,0.2222222222222222,7.666666666666667,0,0.0,0,0,10.615384615384615,11106.0,0.3106289109980642,0.96,3,Budget Conscious
1982,Master,Together,23661.0,1,0,2013-12-04,46,18,0,4,0,0,1,1,1,0,3,7,0,0,0,0,0,0,0,44,2013,12,4,4548,Partnered,4,23,3.8333333333333335,11.5,5,0.16666666666666666,0.16666666666666666,3.8333333333333335,0,0.0,0,0,2.5555555555555554,11830.5,0.09720226523539853,0.7446808510638298,3,Budget Conscious
1958,PhD,Single,79761.0,0,1,2013-10-04,32,415,5,124,15,35,11,1,5,2,11,3,0,0,0,0,0,0,0,68,2013,10,4,4609,Single,5,605,100.83333333333333,302.5,19,0.25,0.05,30.25,0,0.0,0,0,166.59420289855072,39880.5,0.7585065570070961,1.7272727272727273,1,Premium Spenders
1973,Graduation,Single,7500.0,1,0,2013-12-26,54,5,3,10,12,7,20,4,3,1,3,7,0,0,0,0,0,0,0,53,2013,12,26,4526,Single,3,57,9.5,28.5,11,0.25,0.3333333333333333,4.75,0,0.0,0,0,11.61111111111111,3750.0,0.7598986801759766,1.4,3,Budget Conscious
1893,2n Cycle,Single,60182.0,0,1,2014-05-17,23,8,0,5,7,0,2,1,1,0,2,4,0,0,0,0,0,0,0,100,2014,5,17,4384,Single,2,22,3.6666666666666665,11.0,4,0.2,0.2,4.4,0,0.0,0,0,0.8712871287128713,30091.0,0.036555173387833775,0.6666666666666666,0,Middle Class Shoppers
1968,Graduation,Widow,73455.0,0,0,2013-10-28,98,901,61,757,186,163,20,1,6,5,10,3,0,1,0,0,0,0,0,58,2013,10,28,4585,Widowed,3,2088,348.0,2088.0,22,0.2608695652173913,0.043478260869565216,90.78260869565217,1,0.2,1,0,778.5762711864406,73455.0,2.842517969941189,0.6666666666666666,2,Ultra Premium
1958,Graduation,Together,64961.0,0,1,2012-12-23,97,382,114,276,75,124,38,2,6,4,4,3,0,0,0,0,0,0,0,68,2012,12,23,4894,Partnered,3,1009,168.16666666666666,504.5,16,0.35294117647058826,0.11764705882352941,59.35294117647059,0,0.0,0,0,233.97101449275362,32480.5,1.5532157261168067,0.4897959183673469,1,Premium Spenders
1971,Graduation,Single,22804.0,1,0,2013-07-31,75,14,1,7,2,1,1,1,2,0,2,9,0,0,0,0,0,0,0,55,2013,7,31,4674,Single,3,26,4.333333333333333,13.0,5,0.3333333333333333,0.16666666666666666,4.333333333333333,0,0.0,0,0,2.3214285714285716,11402.0,0.11401008550756414,0.5921052631578947,3,Budget Conscious
1990,Graduation,Married,73687.0,0,0,2013-11-28,8,559,153,503,218,13,181,1,3,9,9,2,0,0,0,1,0,0,1,36,2013,11,28,4554,Married,3,1627,271.1666666666667,1627.0,22,0.13043478260869565,0.043478260869565216,70.73913043478261,1,0.2,1,0,967.4054054054054,73687.0,2.207957876452068,4.888888888888889,2,Ultra Premium
1958,Graduation,Married,61074.0,0,1,2012-08-17,37,789,0,133,0,28,152,7,11,5,8,7,0,0,0,0,0,0,0,68,2012,8,17,5022,Married,3,1102,183.66666666666666,551.0,31,0.34375,0.21875,34.4375,0,0.0,0,0,495.1014492753623,30537.0,1.8043389275480965,5.7105263157894735,1,Premium Spenders
1964,PhD,Married,31686.0,1,1,2014-06-05,31,11,0,5,0,0,1,2,1,0,3,6,0,0,0,0,0,0,0,62,2014,6,5,4365,Married,5,17,2.8333333333333335,5.666666666666667,6,0.14285714285714285,0.2857142857142857,2.4285714285714284,0,0.0,0,0,1.619047619047619,10562.0,0.05364976173194055,1.125,3,Budget Conscious
1972,Graduation,Married,80134.0,1,0,2013-05-20,40,1218,16,272,104,0,80,2,5,3,6,6,0,1,1,1,0,0,1,54,2013,5,20,4746,Married,3,1690,281.6666666666667,845.0,16,0.29411764705882354,0.11764705882352941,99.41176470588235,3,0.6,1,1,491.6363636363636,40067.0,2.10894116178948,2.341463414634146,1,Premium Spenders
1953,Graduation,Married,75027.0,0,1,2013-01-09,74,925,64,179,133,12,77,2,9,4,6,5,0,0,0,0,0,0,0,73,2013,1,9,4877,Married,3,1390,231.66666666666666,695.0,21,0.4090909090909091,0.09090909090909091,63.18181818181818,0,0.0,0,0,394.4594594594595,37513.5,1.8526416804393029,1.4,1,Premium Spenders
1988,PhD,Married,67546.0,0,0,2012-08-31,90,864,134,768,150,38,172,1,4,10,5,3,0,0,0,0,0,0,0,38,2012,8,31,5008,Married,5,2126,354.3333333333333,2126.0,20,0.19047619047619047,0.047619047619047616,101.23809523809524,0,0.0,0,0,1090.2564102564102,67546.0,3.147438080151598,0.6593406593406593,2,Ultra Premium
1969,Master,Together,65176.0,0,1,2012-10-29,57,960,28,183,220,70,70,4,9,6,6,6,0,0,0,0,0,0,0,57,2012,10,29,4949,Partnered,4,1531,255.16666666666666,765.5,25,0.34615384615384615,0.15384615384615385,58.88461538461539,0,0.0,0,0,659.9137931034483,32588.0,2.3489881399880326,2.586206896551724,1,Premium Spenders
1975,Master,Single,31160.0,1,0,2013-09-16,59,16,3,25,6,1,13,2,2,0,3,8,0,0,0,0,0,0,0,51,2013,9,16,4627,Single,4,64,10.666666666666666,32.0,7,0.25,0.25,8.0,0,0.0,0,0,8.615384615384615,15580.0,0.20538493629857832,0.9333333333333333,3,Budget Conscious
1985,Graduation,Single,29938.0,1,0,2013-10-27,52,3,3,7,0,2,11,2,1,0,3,6,0,0,0,0,0,0,0,41,2013,10,27,4586,Single,3,26,4.333333333333333,13.0,6,0.14285714285714285,0.2857142857142857,3.7142857142857144,0,0.0,0,0,3.7142857142857144,14969.0,0.08684324793747286,0.6792452830188679,3,Budget Conscious
1974,Graduation,Divorced,94545.1,0,0,2013-04-05,5,168,148,444,32,172,148,1,6,9,13,2,0,1,1,1,1,0,1,52,2013,4,5,4791,Divorced,3,1112,185.33333333333334,1112.0,29,0.2,0.03333333333333333,37.06666666666667,4,0.8,1,1,608.4528301886793,94545.1,1.1761458166968282,9.666666666666666,1,Premium Spenders
1958,2n Cycle,Together,26490.0,0,0,2012-09-22,92,45,47,52,21,20,25,2,3,1,5,6,0,0,0,0,0,0,0,68,2012,9,22,4986,Partnered,2,210,35.0,210.0,11,0.25,0.16666666666666666,17.5,0,0.0,0,0,33.47826086956522,26490.0,0.7927220565475066,0.7096774193548387,3,Budget Conscious
1967,Graduation,Together,75702.0,1,1,2012-08-29,77,650,28,353,45,42,30,5,4,6,11,8,0,0,0,0,0,0,0,59,2012,8,29,5010,Partnered,3,1148,191.33333333333334,382.6666666666667,26,0.14814814814814814,0.18518518518518517,42.51851851851852,0,0.0,0,0,497.46666666666664,25234.0,1.5164524523466707,2.6666666666666665,1,Premium Spenders
1974,PhD,Single,30899.0,1,0,2012-10-13,35,24,0,8,0,0,1,2,1,0,3,6,0,0,0,0,0,0,0,52,2012,10,13,4965,Single,5,33,5.5,16.5,6,0.14285714285714285,0.2857142857142857,4.714285714285714,0,0.0,0,0,3.7358490566037736,15449.5,0.10679611650485438,1.0,3,Budget Conscious
1961,PhD,Together,63342.0,0,1,2012-10-16,48,918,21,118,13,10,21,3,8,3,5,6,0,1,0,0,0,0,0,65,2012,10,16,4962,Partnered,5,1101,183.5,550.5,19,0.4,0.15,55.05,1,0.2,1,0,316.95454545454544,31671.0,1.7381557551742102,2.326530612244898,1,Premium Spenders
1964,Graduation,Single,45989.0,0,1,2012-10-22,97,138,33,87,28,24,12,4,3,2,7,3,0,0,0,0,0,0,0,62,2012,10,22,4956,Single,3,322,53.666666666666664,161.0,16,0.17647058823529413,0.23529411764705882,18.941176470588236,0,0.0,0,0,81.77777777777777,22994.5,0.700152207001522,0.4897959183673469,0,Middle Class Shoppers
1964,Graduation,Single,18701.0,1,1,2013-06-04,95,12,4,2,10,6,10,4,2,0,4,5,0,0,0,0,0,0,0,62,2013,6,4,4731,Single,3,44,7.333333333333333,14.666666666666666,10,0.18181818181818182,0.36363636363636365,4.0,0,0.0,0,0,6.984126984126984,6233.666666666667,0.23526895519195806,0.5208333333333334,3,Budget Conscious
1957,PhD,Single,40737.0,2,1,2013-12-08,24,11,0,4,0,0,2,1,1,0,2,8,0,0,0,0,0,0,0,69,2013,12,8,4544,Single,5,17,2.8333333333333335,4.25,4,0.2,0.2,3.4,0,0.0,0,0,0.9714285714285714,10184.25,0.04173008002356522,1.28,3,Budget Conscious
1979,Graduation,Divorced,15287.0,1,0,2012-10-10,60,1,2,8,4,3,13,2,1,1,2,7,1,0,0,0,0,0,1,47,2012,10,10,4968,Divorced,3,31,5.166666666666667,15.5,6,0.14285714285714285,0.2857142857142857,4.428571428571429,1,0.2,1,0,3.875,7643.5,0.20277341705913135,0.6885245901639344,3,Budget Conscious
1968,PhD,Divorced,69674.0,0,2,2013-05-22,46,554,41,215,11,0,24,3,10,2,10,5,0,0,0,0,0,0,0,58,2013,5,22,4744,Divorced,5,845,140.83333333333334,281.6666666666667,25,0.38461538461538464,0.11538461538461539,32.5,0,0.0,0,0,358.0508474576271,23224.666666666668,1.212773591675637,2.6595744680851063,1,Premium Spenders
1970,Master,Married,44159.0,1,0,2014-06-17,85,167,2,62,24,13,7,4,4,1,6,5,0,0,0,0,0,0,0,56,2014,6,17,4353,Married,4,275,45.833333333333336,137.5,15,0.25,0.25,17.1875,0,0.0,0,0,72.36842105263158,22079.5,0.6227355072463768,0.872093023255814,0,Middle Class Shoppers
1978,PhD,Married,37717.0,1,0,2012-11-23,31,9,0,6,4,1,5,1,1,0,2,9,0,0,0,0,0,0,0,48,2012,11,23,4924,Married,5,25,4.166666666666667,12.5,4,0.2,0.2,5.0,0,0.0,0,0,2.0408163265306123,18858.5,0.0662813510790604,1.125,3,Budget Conscious
1952,Master,Together,43776.0,1,1,2013-02-03,9,177,2,71,3,2,20,6,5,2,4,8,0,0,0,0,0,0,1,74,2013,2,3,4852,Partnered,4,275,45.833333333333336,91.66666666666667,17,0.2777777777777778,0.3333333333333333,15.277777777777779,0,0.0,0,0,62.333333333333336,14592.0,0.6281837494574777,13.6,0,Middle Class Shoppers
1966,Master,Married,38179.0,1,1,2013-03-14,30,38,4,22,4,2,20,4,3,1,3,7,0,0,0,0,0,0,0,60,2013,3,14,4813,Married,4,90,15.0,30.0,11,0.25,0.3333333333333333,7.5,0,0.0,0,0,16.229508196721312,12726.333333333334,0.23572551073860662,2.4838709677419355,3,Budget Conscious
1963,Graduation,Married,80124.0,0,0,2014-06-26,47,483,84,398,205,84,241,1,3,7,8,1,1,0,0,0,0,0,0,63,2014,6,26,4344,Married,3,1495,249.16666666666666,1495.0,19,0.15,0.05,74.75,1,0.2,1,0,443.828125,80124.0,1.8658346333853353,0.3958333333333333,2,Ultra Premium
1970,PhD,Married,38097.0,1,1,2012-10-15,70,77,2,35,0,1,69,4,3,2,2,7,1,0,0,0,0,0,1,56,2012,10,15,4963,Married,5,184,30.666666666666668,61.333333333333336,11,0.25,0.3333333333333333,15.333333333333334,1,0.2,1,0,35.50877192982456,12699.0,0.4829649850385847,1.0845070422535212,3,Budget Conscious
1970,Graduation,Married,72940.0,0,0,2013-06-19,13,182,74,298,162,149,116,1,3,3,6,1,0,0,0,0,0,0,0,56,2013,6,19,4716,Married,3,981,163.5,981.0,13,0.21428571428571427,0.07142857142857142,70.07142857142857,0,0.0,0,0,223.73684210526315,72940.0,1.3449226086837307,0.9285714285714286,1,Premium Spenders
1970,Graduation,Together,22070.0,1,0,2013-10-04,11,10,7,19,8,2,21,2,2,2,2,6,0,0,0,0,0,0,0,56,2013,10,4,4609,Partnered,3,67,11.166666666666666,33.5,8,0.2222222222222222,0.2222222222222222,7.444444444444445,0,0.0,0,0,9.403508771929825,11035.0,0.3035657650310362,4.0,3,Budget Conscious
1953,Graduation,Single,69267.0,0,0,2012-09-22,31,778,44,499,95,73,146,2,3,4,5,7,0,0,0,0,0,0,1,73,2012,9,22,4986,Single,3,1635,272.5,1635.0,14,0.2,0.13333333333333333,109.0,0,0.0,0,0,309.3243243243243,69267.0,2.3603972974533693,3.0625,2,Ultra Premium
1983,Master,Single,31788.0,1,0,2014-03-20,15,16,7,23,0,8,6,3,3,0,4,5,0,0,0,0,0,1,0,43,2014,3,20,4442,Single,4,60,10.0,30.0,10,0.2727272727272727,0.2727272727272727,5.454545454545454,0,0.0,0,0,13.636363636363637,15894.0,0.18874453427286167,3.125,3,Budget Conscious
1975,PhD,Together,61905.0,0,1,2014-02-04,2,167,0,43,6,2,13,2,4,2,4,5,0,0,0,0,0,0,0,51,2014,2,4,4486,Partnered,5,231,38.5,115.5,12,0.3076923076923077,0.15384615384615385,17.76923076923077,0,0.0,0,0,53.30769230769231,30952.5,0.37314638322618165,20.0,0,Middle Class Shoppers
1960,Graduation,Married,29315.0,1,1,2014-04-06,55,13,2,14,8,7,4,4,2,0,4,6,0,0,0,0,0,0,0,66,2014,4,6,4425,Married,3,48,8.0,16.0,10,0.18181818181818182,0.36363636363636365,4.363636363636363,0,0.0,0,0,7.164179104477612,9771.666666666666,0.1637331150225133,1.0714285714285714,3,Budget Conscious
1963,Graduation,Divorced,33378.0,1,1,2013-02-06,38,33,6,40,3,7,10,3,2,0,4,7,0,0,0,0,0,0,0,63,2013,2,6,4849,Divorced,3,99,16.5,33.0,9,0.2,0.3,9.9,0,0.0,0,0,13.921875,11126.0,0.296593666676653,1.6153846153846154,3,Budget Conscious
1963,PhD,Together,66313.0,0,1,2013-09-16,86,625,7,99,10,22,7,2,6,3,12,4,0,0,0,0,0,0,0,63,2013,9,16,4627,Partnered,5,770,128.33333333333334,385.0,23,0.25,0.08333333333333333,32.083333333333336,0,0.0,0,0,276.71875,33156.5,1.1611424435262538,1.0574712643678161,1,Premium Spenders
1956,Graduation,Single,60714.0,0,0,2013-01-17,56,216,162,224,101,92,162,2,7,4,10,5,0,0,0,0,0,0,1,70,2013,1,17,4869,Single,3,957,159.5,957.0,23,0.2916666666666667,0.08333333333333333,39.875,0,0.0,0,0,310.01408450704224,60714.0,1.576216750391172,2.017543859649123,1,Premium Spenders
1981,Master,Together,77882.0,0,0,2014-04-30,29,68,129,396,188,22,15,1,3,3,5,1,0,0,0,0,0,0,0,45,2014,4,30,4401,Partnered,4,818,136.33333333333334,818.0,12,0.23076923076923078,0.07692307692307693,62.92307692307692,0,0.0,0,0,213.3913043478261,77882.0,1.0502933888011503,0.4,1,Premium Spenders
1986,PhD,Single,69867.0,0,0,2013-04-02,30,196,0,512,33,130,54,1,3,5,8,1,0,0,0,1,0,0,1,40,2013,4,2,4794,Single,5,925,154.16666666666666,925.0,17,0.16666666666666666,0.05555555555555555,51.388888888888886,1,0.2,1,0,383.5365853658537,69867.0,1.3239251159329022,0.5483870967741935,1,Premium Spenders
1968,Master,Divorced,63841.0,0,1,2013-04-21,64,635,15,100,20,7,131,1,9,3,9,6,0,0,0,0,0,0,0,58,2013,4,21,4775,Divorced,4,908,151.33333333333334,454.0,22,0.391304347826087,0.043478260869565216,39.47826086956522,0,0.0,0,0,338.5762711864407,31920.5,1.4222612073556593,2.0307692307692307,1,Premium Spenders
1981,Basic,Married,24480.0,1,0,2013-02-11,46,4,19,9,28,25,17,3,3,0,4,7,0,0,0,0,0,0,0,45,2013,2,11,4844,Married,1,102,17.0,51.0,10,0.2727272727272727,0.2727272727272727,9.272727272727273,0,0.0,0,0,22.17391304347826,12240.0,0.41664964666476045,1.4893617021276595,3,Budget Conscious
1974,PhD,Together,65640.0,0,1,2014-03-01,74,204,7,149,20,15,66,1,5,1,8,2,0,0,0,0,0,0,0,52,2014,3,1,4461,Partnered,5,461,76.83333333333333,230.5,15,0.3125,0.0625,28.8125,0,0.0,0,0,130.47169811320754,32820.0,0.7023049618378757,0.4,0,Middle Class Shoppers
1975,Master,Married,44319.0,1,1,2014-04-17,18,26,0,8,0,0,3,2,2,0,3,5,0,0,0,0,0,0,0,51,2014,4,17,4414,Married,4,37,6.166666666666667,12.333333333333334,7,0.25,0.25,4.625,0,0.0,0,0,4.980769230769231,14773.0,0.08348375451263539,1.8421052631578947,3,Budget Conscious
1974,Graduation,Married,30631.0,1,0,2013-07-12,75,15,6,20,4,5,20,1,3,1,2,7,0,0,0,0,0,0,0,52,2013,7,12,4693,Married,3,70,11.666666666666666,35.0,7,0.375,0.125,8.75,0,0.0,0,0,9.245283018867925,15315.5,0.22851919561243145,0.6447368421052632,3,Budget Conscious
1952,Graduation,Together,75278.0,0,0,2013-01-29,17,304,98,230,150,74,74,1,6,3,13,3,0,0,0,0,0,0,0,74,2013,1,29,4857,Partnered,3,930,155.0,930.0,23,0.25,0.041666666666666664,38.75,0,0.0,0,0,285.2,75278.0,1.23540429601881,3.8333333333333335,1,Premium Spenders
1956,Master,Together,50898.0,1,1,2013-01-08,88,285,28,242,55,114,135,13,6,2,12,5,0,0,0,0,0,0,0,70,2013,1,8,4878,Partnered,4,859,143.16666666666666,286.3333333333333,33,0.17647058823529413,0.38235294117647056,25.264705882352942,0,0.0,0,0,399.2535211267606,16966.0,1.6876559460893144,1.853932584269663,0,Middle Class Shoppers
1966,Graduation,Widow,79946.0,0,0,2014-05-12,19,395,183,565,166,141,28,1,5,11,5,3,0,0,0,0,0,0,0,60,2014,5,12,4389,Widowed,3,1478,246.33333333333334,1478.0,22,0.21739130434782608,0.043478260869565216,64.26086956521739,0,0.0,0,0,533.0491803278688,79946.0,1.8487247801668605,3.3,2,Ultra Premium
1949,Master,Divorced,35416.0,0,0,2013-06-13,62,248,3,81,4,3,51,3,7,1,5,8,0,0,0,0,0,0,0,77,2013,6,13,4722,Divorced,4,390,65.0,390.0,16,0.4117647058823529,0.17647058823529413,22.941176470588236,0,0.0,0,0,80.0,35416.0,1.1011661066719372,2.0317460317460316,3,Budget Conscious
1984,2n Cycle,Together,32414.0,0,0,2013-07-04,11,20,6,5,0,9,12,1,1,0,3,7,1,0,0,0,0,0,0,42,2013,7,4,4701,Partnered,2,52,8.666666666666666,52.0,5,0.16666666666666666,0.16666666666666666,8.666666666666666,1,0.2,1,0,6.046511627906977,32414.0,0.16041955884621317,2.9166666666666665,3,Budget Conscious
1969,Graduation,Together,38361.0,1,0,2013-12-27,74,39,0,56,20,8,14,3,3,1,3,7,0,0,0,0,0,0,0,57,2013,12,27,4525,Partnered,3,137,22.833333333333332,68.5,10,0.2727272727272727,0.2727272727272727,12.454545454545455,0,0.0,0,0,23.620689655172413,19180.5,0.3571242375267192,0.9333333333333333,3,Budget Conscious
1980,Graduation,Married,82497.0,0,0,2012-10-31,32,777,129,573,216,21,203,1,2,7,9,4,0,0,1,0,0,0,0,46,2012,10,31,4947,Married,3,1919,319.8333333333333,1919.0,19,0.1,0.05,95.95,1,0.2,1,0,775.7659574468086,82497.0,2.326116996775679,2.303030303030303,2,Ultra Premium
1971,Graduation,Together,16626.0,2,0,2014-01-15,76,8,3,22,21,1,13,3,3,0,3,9,0,0,0,0,0,0,0,55,2014,1,15,4506,Partnered,3,68,11.333333333333334,22.666666666666668,9,0.3,0.3,6.8,0,0.0,0,0,10.928571428571429,5542.0,0.40897335658868106,1.051948051948052,3,Budget Conscious
1965,Graduation,Together,29672.0,1,1,2013-03-12,6,9,1,3,0,4,8,1,0,0,3,6,0,0,0,0,0,0,0,61,2013,3,12,4815,Partnered,3,25,4.166666666666667,8.333333333333334,4,0.0,0.2,5.0,0,0.0,0,0,1.6129032258064515,9890.666666666666,0.08425167660836451,3.4285714285714284,3,Budget Conscious
1952,Master,Together,55951.0,0,1,2012-08-23,62,1241,0,80,0,13,40,3,3,6,11,8,0,1,0,0,1,0,0,74,2012,8,23,5016,Partnered,4,1374,229.0,687.0,23,0.125,0.125,57.25,2,0.4,1,1,421.36,27975.5,2.455676293966257,2.9206349206349205,1,Premium Spenders
1988,2n Cycle,Divorced,35388.0,1,0,2013-03-07,20,6,4,7,4,3,8,1,1,0,3,7,0,0,0,0,0,0,0,38,2013,3,7,4820,Divorced,2,32,5.333333333333333,16.0,5,0.16666666666666666,0.16666666666666666,5.333333333333333,0,0.0,0,0,4.102564102564102,17694.0,0.09042357794794993,1.6666666666666667,3,Budget Conscious
1986,Master,Together,42386.0,1,0,2013-01-13,43,65,4,16,0,4,11,1,3,0,3,8,0,0,0,0,0,0,0,40,2013,1,13,4873,Partnered,4,100,16.666666666666668,50.0,7,0.375,0.125,12.5,0,0.0,0,0,17.073170731707318,21193.0,0.2359213909925213,1.2727272727272727,3,Budget Conscious
1982,Graduation,Single,68627.0,0,0,2013-01-12,45,395,15,263,60,54,38,1,2,3,6,1,0,0,0,0,0,0,0,44,2013,1,12,4874,Single,3,825,137.5,825.0,12,0.15384615384615385,0.07692307692307693,63.46153846153846,0,0.0,0,0,220.0,68627.0,1.2021332400769364,0.2608695652173913,1,Premium Spenders
1965,PhD,Divorced,57912.0,0,1,2014-03-17,34,801,0,80,0,0,35,5,8,3,12,5,0,1,0,0,0,0,0,61,2014,3,17,4445,Divorced,5,916,152.66666666666666,458.0,28,0.27586206896551724,0.1724137931034483,31.586206896551722,1,0.2,1,0,413.6774193548387,28956.0,1.5816828691312832,4.0,1,Premium Spenders
1958,Graduation,Divorced,35246.0,1,1,2014-04-16,53,36,0,12,2,2,10,4,3,1,3,5,0,0,0,0,0,0,0,68,2014,4,16,4415,Divorced,3,62,10.333333333333334,20.666666666666668,11,0.25,0.3333333333333333,5.166666666666667,0,0.0,0,0,9.884057971014492,11748.666666666666,0.1759014951627089,1.0185185185185186,3,Budget Conscious
1956,2n Cycle,Together,58821.0,0,1,2013-10-12,44,513,14,154,19,0,28,1,9,2,9,6,0,0,0,0,0,0,0,70,2013,10,12,4601,Partnered,2,728,121.33333333333333,364.0,21,0.4090909090909091,0.045454545454545456,33.09090909090909,0,0.0,0,0,215.32394366197184,29410.5,1.2376321784366393,2.8,0,Middle Class Shoppers
1978,PhD,Married,46377.0,1,0,2014-03-01,89,37,0,46,4,3,0,1,2,1,3,4,0,0,0,0,0,0,0,48,2014,3,1,4461,Married,5,90,15.0,45.0,7,0.25,0.125,11.25,0,0.0,0,0,12.857142857142858,23188.5,0.19405752727586356,0.3111111111111111,0,Middle Class Shoppers
1988,Graduation,Single,39747.0,1,0,2014-04-13,43,80,15,93,20,13,52,3,5,1,4,8,0,0,0,0,0,0,0,38,2014,4,13,4418,Single,3,273,45.5,136.5,13,0.35714285714285715,0.21428571428571427,19.5,0,0.0,0,0,91.0,19873.5,0.6868270101640335,2.3636363636363638,3,Budget Conscious
1984,Graduation,Together,23976.0,1,0,2013-12-27,68,14,1,21,2,3,25,3,3,1,3,7,0,0,0,0,0,0,0,42,2013,12,27,4525,Partnered,3,66,11.0,33.0,10,0.2727272727272727,0.2727272727272727,6.0,0,0.0,0,0,15.348837209302326,11988.0,0.2752637944697001,1.0144927536231885,3,Budget Conscious
1961,Master,Married,80950.0,0,0,2013-03-28,44,525,147,112,219,147,63,1,6,7,9,2,0,0,0,1,0,0,0,65,2013,3,28,4799,Married,4,1213,202.16666666666666,1213.0,23,0.25,0.041666666666666664,50.541666666666664,1,0.2,1,0,422.7121212121212,80950.0,1.4984373262838013,1.0222222222222221,1,Premium Spenders
1966,Graduation,Widow,27038.0,0,0,2012-09-18,64,1,26,25,17,23,15,1,3,0,3,9,0,0,0,0,0,0,1,60,2012,9,18,4990,Widowed,3,107,17.833333333333332,107.0,7,0.375,0.125,13.375,0,0.0,0,0,12.278688524590164,27038.0,0.39572469396057547,0.9692307692307692,3,Budget Conscious
1947,Graduation,Single,77457.0,0,0,2014-03-05,85,675,11,400,15,45,11,1,2,5,10,1,0,0,1,0,0,0,0,79,2014,3,5,4457,Single,3,1157,192.83333333333334,1157.0,18,0.10526315789473684,0.05263157894736842,60.89473684210526,1,0.2,1,0,260.325,77457.0,1.4937127217330683,0.20930232558139536,1,Premium Spenders
1964,Master,Married,64100.0,0,1,2013-09-10,93,509,0,27,0,0,10,1,8,3,6,7,0,1,0,0,0,0,0,62,2013,9,10,4633,Married,4,546,91.0,273.0,18,0.42105263157894735,0.05263157894736842,28.736842105263158,1,0.2,1,0,156.0,32050.0,0.8517807834511162,1.3404255319148937,0,Middle Class Shoppers
1992,Master,Together,42670.0,0,0,2013-04-27,12,154,2,46,20,4,15,1,4,2,4,4,0,0,0,0,0,0,0,34,2013,4,27,4769,Partnered,4,241,40.166666666666664,241.0,11,0.3333333333333333,0.08333333333333333,20.083333333333332,0,0.0,0,0,75.74285714285715,42670.0,0.5647863888823791,3.3846153846153846,0,Middle Class Shoppers
1976,Graduation,Divorced,12571.0,1,0,2014-01-18,86,3,5,14,2,12,17,4,3,1,3,6,0,0,0,0,0,0,0,50,2014,1,18,4503,Divorced,3,53,8.833333333333334,26.5,11,0.25,0.3333333333333333,4.416666666666667,0,0.0,0,0,11.431372549019608,6285.5,0.4215717467387846,0.7586206896551724,3,Budget Conscious
1967,Graduation,Married,22574.0,2,1,2013-10-28,28,25,0,8,2,0,2,2,2,0,3,7,0,0,0,0,0,0,0,59,2013,10,28,4585,Married,3,37,6.166666666666667,9.25,7,0.25,0.25,4.625,0,0.0,0,0,4.316666666666666,5643.5,0.1638981173864895,1.6896551724137931,3,Budget Conscious
1989,Graduation,Married,51381.5,0,0,2013-06-03,69,861,138,461,60,30,61,1,6,5,12,3,0,1,0,1,0,0,0,37,2013,6,3,4732,Married,3,1611,268.5,1611.0,24,0.24,0.04,64.44,2,0.4,1,1,1017.4736842105264,51381.5,3.1353087140563423,1.0285714285714285,2,Ultra Premium
1976,Master,Single,70893.0,0,0,2013-02-06,42,768,44,561,77,44,14,1,6,6,10,3,0,0,0,0,0,0,0,50,2013,2,6,4849,Single,4,1508,251.33333333333334,1508.0,23,0.25,0.041666666666666664,62.833333333333336,0,0.0,0,0,680.0784313725491,70893.0,2.127119361299969,1.6046511627906976,2,Ultra Premium
1966,Graduation,Married,54198.0,1,1,2013-12-17,13,185,0,28,3,2,17,6,3,1,6,4,0,0,0,0,0,0,0,60,2013,12,17,4535,Married,3,235,39.166666666666664,78.33333333333333,16,0.17647058823529413,0.35294117647058826,13.823529411764707,0,0.0,0,0,61.63934426229508,18066.0,0.43358733555969664,4.571428571428571,0,Middle Class Shoppers
1956,Master,Together,28839.0,1,1,2014-03-11,86,24,0,7,0,0,1,2,2,0,3,5,0,0,0,0,0,0,0,70,2014,3,11,4451,Partnered,4,32,5.333333333333333,10.666666666666666,7,0.25,0.25,4.0,0,0.0,0,0,3.1549295774647885,9613.0,0.11095700416088765,0.40229885057471265,3,Budget Conscious
1972,Graduation,Married,40321.0,1,1,2013-07-29,59,44,4,21,6,0,27,2,3,0,3,7,0,0,0,0,0,0,0,54,2013,7,29,4676,Married,3,102,17.0,34.0,8,0.3333333333333333,0.2222222222222222,11.333333333333334,0,0.0,0,0,14.836363636363636,13440.333333333334,0.25296364267645455,0.9333333333333333,3,Budget Conscious
1985,Graduation,Single,66503.0,1,0,2012-08-14,30,91,64,128,65,3,50,2,4,3,6,3,0,0,0,0,0,0,0,41,2012,8,14,5025,Single,3,401,66.83333333333333,200.5,15,0.25,0.125,25.0625,0,0.0,0,0,143.21428571428572,33251.5,0.6029712498496331,1.4516129032258065,0,Middle Class Shoppers
1951,Graduation,Married,30833.0,1,1,2013-07-16,33,11,0,7,3,1,6,2,1,0,3,5,0,0,0,0,0,0,0,75,2013,7,16,4689,Married,3,28,4.666666666666667,9.333333333333334,6,0.14285714285714285,0.2857142857142857,4.0,0,0.0,0,0,2.210526315789474,10277.666666666666,0.09080884737627296,0.8823529411764706,3,Budget Conscious
1970,Graduation,Single,51381.5,1,2,2013-08-23,67,738,20,172,52,50,20,6,2,3,10,7,0,1,0,1,0,0,0,56,2013,8,23,4651,Single,3,1052,175.33333333333334,263.0,21,0.09090909090909091,0.2727272727272727,47.81818181818182,2,0.4,1,1,387.57894736842104,12845.375,2.0473896754731666,2.161764705882353,0,Middle Class Shoppers
1971,Graduation,Married,64795.0,0,1,2013-01-17,23,412,5,119,38,29,77,3,3,3,12,2,0,0,0,0,0,0,0,55,2013,1,17,4869,Married,3,680,113.33333333333333,340.0,21,0.13636363636363635,0.13636363636363635,30.90909090909091,0,0.0,0,0,255.0,32397.5,1.049447496759059,1.75,0,Middle Class Shoppers
1974,Graduation,Married,34421.0,1,0,2013-07-01,81,3,3,7,6,2,9,1,1,0,2,7,0,0,0,0,0,0,0,52,2013,7,1,4704,Married,3,30,5.0,15.0,4,0.2,0.2,6.0,0,0.0,0,0,2.2641509433962264,17210.5,0.08715356458079135,0.34146341463414637,3,Budget Conscious
1965,PhD,Divorced,47025.0,1,1,2014-02-09,6,16,0,3,0,0,1,1,1,0,2,7,0,0,0,0,0,0,0,61,2014,2,9,4481,Divorced,5,20,3.3333333333333335,6.666666666666667,4,0.2,0.2,4.0,0,0.0,0,0,1.2903225806451613,15675.0,0.042529664440947565,4.0,0,Middle Class Shoppers
1961,PhD,Divorced,64325.0,0,1,2013-02-07,41,731,60,353,78,12,73,5,10,3,5,7,0,0,0,0,0,0,0,65,2013,2,7,4848,Divorced,5,1307,217.83333333333334,653.5,23,0.4166666666666667,0.20833333333333334,54.458333333333336,0,0.0,0,0,455.469696969697,32162.5,2.0318378260734384,3.8333333333333335,1,Premium Spenders
1953,Graduation,Single,40464.0,0,1,2013-01-11,78,424,17,118,7,23,41,6,8,2,8,8,0,0,0,0,0,0,0,73,2013,1,11,4875,Single,3,630,105.0,315.0,24,0.32,0.24,25.2,0,0.0,0,0,204.32432432432432,20232.0,1.5569010255776596,2.430379746835443,0,Middle Class Shoppers
1957,Graduation,Married,62187.0,0,0,2013-07-05,49,792,0,275,45,45,126,1,4,8,5,3,0,0,0,0,0,0,0,69,2013,7,5,4700,Married,3,1283,213.83333333333334,1283.0,18,0.21052631578947367,0.05263157894736842,67.52631578947368,0,0.0,0,0,329.9142857142857,62187.0,2.0630989901588728,1.08,1,Premium Spenders
1976,PhD,Divorced,14849.0,1,0,2013-07-02,39,21,2,28,3,2,9,3,2,0,4,8,0,0,0,0,0,0,0,50,2013,7,2,4703,Divorced,5,65,10.833333333333334,32.5,9,0.2,0.3,6.5,0,0.0,0,0,11.470588235294118,7424.5,0.4377104377104377,1.8,3,Budget Conscious
1984,Graduation,Married,27255.0,1,0,2013-11-07,3,22,1,11,0,1,2,1,1,0,3,7,0,0,0,0,0,0,0,42,2013,11,7,4575,Married,3,37,6.166666666666667,18.5,5,0.16666666666666666,0.16666666666666666,6.166666666666667,0,0.0,0,0,4.3023255813953485,13627.5,0.1357499266216613,8.75,3,Budget Conscious
1950,PhD,Married,54432.0,2,1,2013-05-09,37,33,0,5,0,0,0,1,1,0,3,4,0,0,0,0,0,0,0,76,2013,5,9,4757,Married,5,38,6.333333333333333,9.5,5,0.16666666666666666,0.16666666666666666,6.333333333333333,0,0.0,0,0,2.4675324675324677,13608.0,0.06981059283890287,0.5263157894736842,0,Middle Class Shoppers
1986,PhD,Single,29999.0,1,0,2013-02-13,22,68,7,59,10,5,11,4,3,1,4,8,0,0,0,0,0,0,0,40,2013,2,13,4842,Single,5,160,26.666666666666668,80.0,12,0.23076923076923078,0.3076923076923077,12.307692307692308,0,0.0,0,0,46.829268292682926,14999.5,0.5333333333333333,4.173913043478261,3,Budget Conscious
1983,Graduation,Single,24072.0,1,0,2013-04-16,79,9,1,6,3,0,4,1,1,0,2,8,0,0,0,0,0,0,0,43,2013,4,16,4780,Single,3,23,3.8333333333333335,11.5,4,0.2,0.2,4.6,0,0.0,0,0,2.090909090909091,12036.0,0.09554272421384953,0.4,3,Budget Conscious
1989,PhD,Single,33996.0,0,0,2013-09-11,46,40,2,15,8,0,6,1,1,1,3,4,0,0,0,0,0,0,0,37,2013,9,11,4632,Single,5,71,11.833333333333334,71.0,6,0.14285714285714285,0.14285714285714285,10.142857142857142,0,0.0,0,0,11.210526315789474,33996.0,0.2088419566432332,0.5106382978723404,3,Budget Conscious
1956,PhD,Married,66334.0,0,1,2013-04-03,82,909,11,218,0,0,23,2,9,3,5,5,0,0,0,0,0,0,1,70,2013,4,3,4793,Married,5,1161,193.5,580.5,19,0.45,0.1,58.05,0,0.0,0,0,310.6901408450704,33167.0,1.75020728122409,1.144578313253012,1,Premium Spenders
1971,Master,Married,35178.0,1,0,2013-01-10,10,23,1,13,2,2,18,1,1,1,2,7,1,0,0,0,0,0,1,55,2013,1,10,4876,Married,4,59,9.833333333333334,29.5,5,0.16666666666666666,0.16666666666666666,9.833333333333334,1,0.2,1,0,5.267857142857143,17589.0,0.1677136928281077,3.1818181818181817,3,Budget Conscious
1983,Graduation,Together,22010.0,1,0,2013-06-30,51,11,2,9,3,0,8,2,2,0,3,8,0,0,0,0,0,0,0,43,2013,6,30,4705,Partnered,3,33,5.5,16.5,7,0.25,0.25,4.125,0,0.0,0,0,5.25,11005.0,0.14992503748125938,1.0769230769230769,3,Budget Conscious
1960,Graduation,Divorced,62204.0,0,2,2012-09-12,38,317,46,247,151,46,139,1,4,5,12,3,0,0,0,0,0,0,0,66,2012,9,12,4996,Divorced,3,946,157.66666666666666,315.3333333333333,22,0.17391304347826086,0.043478260869565216,41.130434782608695,0,0.0,0,0,310.6268656716418,20734.666666666668,1.5207780725022104,1.6923076923076923,1,Premium Spenders
1968,Graduation,Divorced,75693.0,0,0,2012-12-06,10,797,153,293,72,97,30,1,11,4,6,4,0,1,1,1,0,0,1,58,2012,12,6,4911,Divorced,3,1442,240.33333333333334,1442.0,22,0.4782608695652174,0.043478260869565216,62.69565217391305,3,0.6,1,1,537.6949152542373,75693.0,1.9050387084841598,8.0,2,Ultra Premium
1972,Graduation,Married,30675.0,1,0,2012-11-12,14,10,2,16,11,2,21,1,1,0,3,8,0,0,0,0,0,0,0,54,2012,11,12,4935,Married,3,62,10.333333333333334,31.0,5,0.16666666666666666,0.16666666666666666,10.333333333333334,0,0.0,0,0,5.636363636363637,15337.5,0.20211240057373842,2.6666666666666665,3,Budget Conscious
1965,Graduation,Together,83003.0,0,0,2013-03-03,18,856,61,570,40,25,122,1,7,6,8,3,0,0,1,0,0,0,1,61,2013,3,3,4824,Partnered,3,1674,279.0,1674.0,22,0.30434782608695654,0.043478260869565216,72.78260869565217,1,0.2,1,0,594.0,83003.0,2.0167702761312705,3.473684210526316,2,Ultra Premium
1899,PhD,Together,83532.0,0,0,2013-09-26,36,755,144,562,104,64,224,1,4,6,4,1,0,0,1,0,0,0,0,100,2013,9,26,4617,Partnered,5,1853,308.8333333333333,1853.0,15,0.25,0.0625,115.8125,1,0.2,1,0,275.1980198019802,83532.0,2.2182849891659586,0.40540540540540543,2,Ultra Premium
1988,Graduation,Single,68655.0,0,0,2012-08-10,95,456,19,832,75,118,38,1,4,5,11,3,0,0,0,0,0,0,0,38,2012,8,10,5029,Single,3,1538,256.3333333333333,1538.0,21,0.18181818181818182,0.045454545454545456,69.9090909090909,0,0.0,0,0,828.1538461538462,68655.0,2.240153810300629,0.65625,2,Ultra Premium
1986,Graduation,Divorced,41411.0,0,0,2013-12-07,11,37,32,38,11,3,18,1,2,1,4,6,0,0,0,0,0,0,0,40,2013,12,7,4545,Divorced,3,139,23.166666666666668,139.0,8,0.2222222222222222,0.1111111111111111,15.444444444444445,0,0.0,0,0,27.121951219512194,41411.0,0.33565150198010235,4.0,3,Budget Conscious
1969,PhD,Married,55212.0,0,1,2012-11-23,65,1103,0,45,0,0,34,3,4,2,11,8,0,1,0,0,1,0,0,57,2012,11,23,4924,Married,5,1182,197.0,591.0,20,0.19047619047619047,0.14285714285714285,56.285714285714285,2,0.4,1,1,407.58620689655174,27606.0,2.140800173872095,2.4242424242424243,1,Premium Spenders
1950,PhD,Together,59292.0,0,1,2013-06-13,71,378,14,68,19,14,14,2,3,5,8,3,0,0,0,0,0,0,0,76,2013,6,13,4722,Partnered,5,507,84.5,253.5,18,0.15789473684210525,0.10526315789473684,26.68421052631579,0,0.0,0,0,118.51948051948052,29646.0,0.8550756413067309,0.75,0,Middle Class Shoppers
1973,Basic,Together,27190.0,1,0,2013-08-15,13,1,6,7,0,1,3,1,1,0,2,8,1,0,0,0,0,0,1,53,2013,8,15,4659,Partnered,1,18,3.0,9.0,4,0.2,0.2,3.6,1,0.2,1,0,1.3333333333333333,13595.0,0.06619837446213821,2.2857142857142856,3,Budget Conscious
1952,Graduation,Divorced,82623.0,0,0,2013-11-10,58,204,34,204,172,153,173,1,2,9,4,1,0,0,0,0,0,0,0,74,2013,11,10,4572,Divorced,3,940,156.66666666666666,940.0,16,0.11764705882352941,0.058823529411764705,55.294117647058826,0,0.0,0,0,200.53333333333333,82623.0,1.1376839659178932,0.2711864406779661,1,Premium Spenders
1965,Graduation,Married,44300.0,1,1,2013-06-23,65,30,0,9,0,0,3,2,1,0,3,6,0,0,0,0,0,0,0,61,2013,6,23,4712,Married,3,42,7.0,14.0,6,0.14285714285714285,0.2857142857142857,6.0,0,0.0,0,0,4.064516129032258,14766.666666666666,0.09480598632085055,0.5454545454545454,3,Budget Conscious
1970,Graduation,Divorced,84835.0,0,0,2014-06-16,0,189,104,379,111,189,218,1,4,4,6,1,0,0,0,0,0,0,1,56,2014,6,16,4354,Divorced,3,1190,198.33333333333334,1190.0,15,0.25,0.0625,74.375,0,0.0,0,0,313.1578947368421,84835.0,1.4027063982271677,15.0,1,Premium Spenders
1971,Graduation,Widow,30372.0,1,1,2012-12-25,33,15,0,12,7,3,7,3,2,0,3,7,0,0,0,0,0,0,0,55,2012,12,25,4892,Widowed,3,44,7.333333333333333,14.666666666666666,8,0.2222222222222222,0.3333333333333333,4.888888888888889,0,0.0,0,0,6.285714285714286,10124.0,0.14486550554769037,1.6470588235294117,3,Budget Conscious
1976,Master,Married,33181.0,1,0,2014-01-03,90,9,0,3,0,0,4,1,1,0,2,6,1,0,0,0,0,0,0,50,2014,1,3,4518,Married,4,16,2.6666666666666665,8.0,4,0.2,0.2,3.2,1,0.2,1,0,1.2549019607843137,16590.5,0.0482189138689651,0.26373626373626374,3,Budget Conscious
1957,Graduation,Married,71113.0,0,1,2013-12-17,95,495,33,255,11,33,8,4,6,7,9,4,0,0,0,0,0,0,0,69,2013,12,17,4535,Married,3,835,139.16666666666666,417.5,26,0.2222222222222222,0.14814814814814814,30.925925925925927,0,0.0,0,0,310.14285714285717,35556.5,1.1741710493011221,1.0833333333333333,1,Premium Spenders
1986,Graduation,Married,71952.0,1,0,2013-01-10,93,656,80,455,52,107,93,2,8,4,8,4,1,0,1,0,0,0,0,40,2013,1,10,4876,Married,3,1443,240.5,721.5,22,0.34782608695652173,0.08695652173913043,62.73913043478261,2,0.4,1,1,774.2926829268292,35976.0,2.0054757967006243,0.9361702127659575,1,Premium Spenders
1966,PhD,Single,69759.0,0,0,2013-10-28,38,452,20,514,13,30,0,3,4,6,5,3,0,0,0,0,0,0,1,60,2013,10,28,4585,Single,5,1029,171.5,1029.0,18,0.21052631578947367,0.15789473684210525,54.1578947368421,0,0.0,0,0,303.6393442622951,69759.0,1.4750573394495414,1.3846153846153846,1,Premium Spenders
1974,Graduation,Married,72099.0,0,0,2012-10-27,18,546,91,410,119,0,22,1,3,4,10,1,0,0,0,0,0,0,0,52,2012,10,27,4951,Married,3,1188,198.0,1188.0,18,0.15789473684210525,0.05263157894736842,62.526315789473685,0,0.0,0,0,403.47169811320754,72099.0,1.6477115117891818,0.9473684210526315,1,Premium Spenders
1976,PhD,Single,60000.0,0,1,2012-12-22,57,1048,0,217,0,0,12,5,11,3,5,6,0,0,0,0,0,0,0,50,2012,12,22,4895,Single,5,1277,212.83333333333334,638.5,24,0.44,0.2,51.08,0,0.0,0,0,600.9411764705883,30000.0,2.128297861702305,2.4827586206896552,1,Premium Spenders
1978,Graduation,Single,38643.0,1,1,2013-11-29,45,22,2,14,0,1,10,2,2,0,3,7,0,0,0,0,0,1,0,48,2013,11,29,4553,Single,3,49,8.166666666666666,16.333333333333332,7,0.25,0.25,6.125,0,0.0,0,0,7.0,12881.0,0.12679846806748785,1.065217391304348,3,Budget Conscious
1955,Graduation,Married,50737.0,0,1,2013-05-11,61,78,0,11,0,0,10,1,2,0,4,6,0,1,0,0,0,0,0,71,2013,5,11,4755,Married,3,99,16.5,49.5,7,0.25,0.125,12.375,1,0.2,1,0,9.625,25368.5,0.19512002838109505,0.6774193548387096,0,Middle Class Shoppers
1969,PhD,Married,68462.0,0,0,2012-12-12,6,561,64,785,84,128,48,1,3,3,8,1,0,0,0,0,0,0,0,57,2012,12,12,4905,Married,5,1670,278.3333333333333,1670.0,15,0.1875,0.0625,104.375,0,0.0,0,0,431.8965517241379,68462.0,2.4392737683128116,2.142857142857143,2,Ultra Premium
1943,Master,Married,65073.0,0,0,2013-08-20,65,629,17,177,69,0,8,1,5,3,5,2,0,0,0,0,0,1,0,83,2013,8,20,4654,Married,4,900,150.0,900.0,14,0.3333333333333333,0.06666666666666667,60.0,0,0.0,0,0,150.0,65073.0,1.3830408458063128,0.42424242424242425,1,Premium Spenders
1948,PhD,Together,46681.0,0,2,2013-10-08,52,269,15,69,15,19,38,2,4,6,4,5,0,0,0,0,0,0,0,78,2013,10,8,4605,Partnered,5,425,70.83333333333333,141.66666666666666,16,0.23529411764705882,0.11764705882352941,25.0,0,0.0,0,0,86.07594936708861,15560.333333333334,0.9104151493080845,1.509433962264151,0,Middle Class Shoppers
1957,Graduation,Married,78618.0,0,0,2012-09-28,87,736,163,818,212,163,61,1,4,7,10,2,0,1,0,0,0,0,0,69,2012,9,28,4980,Married,3,2153,358.8333333333333,2153.0,22,0.17391304347826086,0.043478260869565216,93.6086956521739,1,0.2,1,0,676.6571428571428,78618.0,2.7385237665195437,0.5,2,Ultra Premium
1969,PhD,Widow,62187.0,0,1,2014-03-22,38,512,0,83,0,0,41,3,6,2,10,4,0,0,0,0,0,0,0,57,2014,3,22,4440,Widowed,5,636,106.0,318.0,21,0.2727272727272727,0.13636363636363635,28.90909090909091,0,0.0,0,0,230.27586206896552,31093.5,1.0227053450826524,2.1538461538461537,0,Middle Class Shoppers
1978,Graduation,Married,28442.0,2,0,2014-02-24,53,19,3,10,11,8,6,3,2,1,4,4,0,0,0,0,0,0,0,48,2014,2,24,4466,Married,3,57,9.5,19.0,10,0.18181818181818182,0.2727272727272727,5.181818181818182,0,0.0,0,0,11.63265306122449,9480.666666666666,0.2004008016032064,0.7407407407407407,3,Budget Conscious
1967,Graduation,Married,51479.0,1,1,2012-12-28,67,247,8,160,6,8,65,7,6,3,6,7,0,0,0,0,0,0,0,59,2012,12,28,4889,Married,3,494,82.33333333333333,164.66666666666666,22,0.2608695652173913,0.30434782608695654,21.47826086956522,0,0.0,0,0,181.13333333333333,17159.666666666668,0.9595959595959596,2.264705882352941,0,Middle Class Shoppers
1969,Graduation,Single,54803.0,0,1,2012-08-21,65,404,0,92,28,27,142,2,6,2,9,4,0,0,0,0,0,0,0,57,2012,8,21,5018,Single,3,693,115.5,346.5,19,0.3,0.1,34.65,0,0.0,0,0,227.01724137931035,27401.5,1.2645062404204073,1.1515151515151516,0,Middle Class Shoppers
1960,Graduation,Married,79530.0,0,0,2013-05-17,64,333,0,815,129,42,29,1,4,10,11,2,0,0,0,0,0,0,0,66,2013,5,17,4749,Married,3,1348,224.66666666666666,1348.0,26,0.14814814814814814,0.037037037037037035,49.925925925925924,0,0.0,0,0,523.1044776119403,79530.0,1.6949365656159232,0.8,2,Ultra Premium
1976,Graduation,Divorced,31615.0,1,0,2013-03-16,82,2,3,20,6,11,9,2,2,0,3,7,0,0,0,0,0,0,0,50,2013,3,16,4811,Divorced,3,51,8.5,25.5,7,0.25,0.25,6.375,0,0.0,0,0,7.0,15807.5,0.16131072874493926,0.5903614457831325,3,Budget Conscious
1962,Graduation,Together,72025.0,0,0,2012-11-17,27,833,33,549,151,133,233,1,4,3,8,3,0,0,0,0,0,0,0,64,2012,11,17,4930,Partnered,3,1932,322.0,1932.0,16,0.23529411764705882,0.058823529411764705,113.6470588235294,0,0.0,0,0,475.5692307692308,72025.0,2.6823647016355205,1.7142857142857142,2,Ultra Premium
1975,PhD,Single,52614.0,0,1,2012-12-01,63,789,0,142,12,9,38,2,2,4,8,8,0,0,0,0,0,0,0,51,2012,12,1,4916,Single,5,990,165.0,495.0,16,0.11764705882352941,0.11764705882352941,58.23529411764706,0,0.0,0,0,304.61538461538464,26307.0,1.8815927017010359,2.0,1,Premium Spenders
1984,2n Cycle,Married,35684.0,1,0,2014-04-22,66,10,4,7,0,6,3,1,1,0,3,6,0,0,0,0,0,0,0,42,2014,4,22,4409,Married,2,30,5.0,15.0,5,0.16666666666666666,0.16666666666666666,5.0,0,0.0,0,0,3.488372093023256,17842.0,0.08406893652795291,0.44776119402985076,3,Budget Conscious
1975,Graduation,Married,48178.0,1,1,2012-10-28,69,159,4,45,6,2,38,6,5,1,4,8,0,0,0,0,0,0,0,51,2012,10,28,4950,Married,3,254,42.333333333333336,84.66666666666667,16,0.29411764705882354,0.35294117647058826,14.941176470588236,0,0.0,0,0,78.15384615384616,16059.333333333334,0.5272006475850475,1.8285714285714285,0,Middle Class Shoppers
1970,Master,Single,29548.0,1,0,2013-08-29,52,7,1,6,3,1,11,1,1,1,2,4,1,0,0,0,0,0,0,56,2013,8,29,4645,Single,4,29,4.833333333333333,14.5,5,0.16666666666666666,0.16666666666666666,4.833333333333333,1,0.2,1,0,2.543859649122807,14774.0,0.09814206910555348,0.37735849056603776,3,Budget Conscious
1966,Graduation,Single,63810.0,0,1,2012-11-11,45,977,12,253,16,12,101,4,4,3,12,8,0,1,0,0,0,0,0,60,2012,11,11,4936,Single,3,1371,228.5,685.5,23,0.16666666666666666,0.16666666666666666,57.125,1,0.2,1,0,516.9344262295082,31905.0,2.1485323846985627,4.0,1,Premium Spenders
1972,PhD,Single,38578.0,1,1,2013-06-22,2,38,4,22,3,3,3,3,3,0,3,8,0,0,0,0,0,0,1,54,2013,6,22,4713,Single,5,73,12.166666666666666,24.333333333333332,9,0.3,0.3,7.3,0,0.0,0,0,11.945454545454545,12859.333333333334,0.18922211565877808,24.0,3,Budget Conscious
1975,Master,Single,46098.0,1,1,2012-08-18,86,57,0,27,0,0,36,4,3,2,2,8,0,0,0,0,0,0,0,51,2012,8,18,5021,Single,4,120,20.0,40.0,11,0.25,0.3333333333333333,10.0,0,0.0,0,0,25.384615384615383,15366.0,0.26030933425887764,1.0114942528735633,0,Middle Class Shoppers
1970,Graduation,Single,22585.0,0,0,2013-03-18,23,3,9,15,13,2,39,1,1,1,2,9,1,0,0,0,0,0,1,56,2013,3,18,4809,Single,3,81,13.5,81.0,5,0.16666666666666666,0.16666666666666666,13.5,1,0.2,1,0,7.105263157894737,22585.0,0.3586292393518109,1.875,3,Budget Conscious
1989,Graduation,Single,30279.0,1,0,2012-12-30,13,10,4,14,4,4,1,1,1,0,3,8,0,0,0,0,0,0,0,37,2012,12,30,4887,Single,3,37,6.166666666666667,18.5,5,0.16666666666666666,0.16666666666666666,6.166666666666667,0,0.0,0,0,4.868421052631579,15139.5,0.12219286657859975,2.857142857142857,3,Budget Conscious
1961,PhD,Together,66426.0,0,1,2013-10-02,14,1043,24,97,32,24,157,2,3,5,10,6,0,0,0,0,0,0,0,65,2013,10,2,4611,Partnered,5,1377,229.5,688.5,20,0.14285714285714285,0.09523809523809523,65.57142857142857,0,0.0,0,0,417.27272727272725,33213.0,2.0729522633868758,8.0,1,Premium Spenders
1969,Graduation,Single,30822.0,1,0,2013-06-14,92,3,9,13,2,12,12,1,1,0,3,7,0,0,0,0,0,0,0,57,2013,6,14,4721,Single,3,51,8.5,25.5,5,0.16666666666666666,0.16666666666666666,8.5,0,0.0,0,0,4.396551724137931,15411.0,0.16546085715212666,0.3763440860215054,3,Budget Conscious
1969,PhD,Married,33581.0,2,0,2013-01-08,38,11,0,5,0,0,1,1,1,0,2,8,0,0,0,0,0,0,0,57,2013,1,8,4878,Married,5,17,2.8333333333333335,5.666666666666667,4,0.2,0.2,3.4,0,0.0,0,0,1.1724137931034482,11193.666666666666,0.050622357215174794,0.8205128205128205,3,Budget Conscious
1985,Graduation,Married,19986.0,1,0,2013-11-14,74,3,6,5,0,2,6,1,0,0,3,7,0,0,0,0,0,0,0,41,2013,11,14,4568,Married,3,22,3.6666666666666665,11.0,4,0.0,0.2,4.4,0,0.0,0,0,2.0952380952380953,9993.0,0.1100715465052284,0.37333333333333335,3,Budget Conscious
1954,Graduation,Widow,27421.0,0,0,2012-12-12,14,43,12,96,78,40,55,3,4,1,6,7,0,0,0,0,0,0,0,72,2012,12,12,4905,Widowed,3,324,54.0,324.0,14,0.26666666666666666,0.2,21.6,0,0.0,0,0,62.136986301369866,27421.0,1.1815330756327036,6.533333333333333,3,Budget Conscious
1981,Master,Single,36143.0,1,0,2014-03-30,33,12,0,1,0,0,6,1,0,1,2,3,0,0,0,0,0,0,0,45,2014,3,30,4432,Single,4,19,3.1666666666666665,9.5,4,0.0,0.2,3.8,0,0.0,0,0,1.6521739130434783,18071.5,0.05256750774679062,0.35294117647058826,3,Budget Conscious
1971,Graduation,Single,10245.0,1,0,2013-05-15,32,4,7,7,6,4,13,3,1,2,2,5,0,0,0,0,0,0,0,55,2013,5,15,4751,Single,3,41,6.833333333333333,20.5,8,0.1111111111111111,0.3333333333333333,4.555555555555555,0,0.0,0,0,5.857142857142857,5122.5,0.40015615850087843,1.2121212121212122,3,Budget Conscious
1968,Master,Together,43795.0,0,1,2013-10-16,11,314,11,53,4,3,107,3,7,3,4,7,0,1,0,0,0,0,1,58,2013,10,16,4597,Partnered,4,492,82.0,246.0,17,0.3888888888888889,0.16666666666666666,27.333333333333332,1,0.2,1,0,141.76271186440678,21897.5,1.1233902639510458,9.916666666666666,0,Middle Class Shoppers
1960,Graduation,Together,63381.0,0,1,2012-10-05,78,571,50,142,33,50,159,4,4,5,13,2,0,0,0,0,0,0,0,66,2012,10,5,4973,Partnered,3,1005,167.5,502.5,26,0.14814814814814814,0.14814814814814814,37.22222222222222,0,0.0,0,0,390.0,31690.5,1.5856236786469344,0.6582278481012658,1,Premium Spenders
1949,Graduation,Together,38823.0,0,1,2012-08-30,56,70,0,11,2,8,23,1,2,1,3,6,0,0,0,0,0,0,0,77,2012,8,30,5009,Partnered,3,114,19.0,57.0,7,0.25,0.125,14.25,0,0.0,0,0,10.23076923076923,19411.5,0.29363280445085516,0.7368421052631579,3,Budget Conscious
1968,PhD,Divorced,83664.0,1,1,2013-05-08,57,866,21,151,28,21,86,3,2,2,12,5,0,0,0,0,0,0,0,58,2013,5,8,4758,Divorced,5,1173,195.5,391.0,19,0.1,0.15,58.65,0,0.0,0,0,377.7457627118644,27888.0,1.4020199605569832,1.6379310344827587,1,Premium Spenders
1979,Graduation,Together,90300.0,0,0,2014-01-03,7,594,134,786,33,134,57,0,5,6,8,1,0,0,1,0,0,0,0,47,2014,1,3,4518,Partnered,3,1738,289.6666666666667,1738.0,19,0.25,0.0,86.9,1,0.2,1,0,687.9583333333334,90300.0,1.9246741453583016,2.375,2,Ultra Premium
1979,Master,Together,62499.0,1,0,2013-12-09,0,140,4,61,0,13,4,2,3,1,6,4,0,0,0,0,0,0,0,47,2013,12,9,4543,Partnered,4,222,37.0,111.0,12,0.23076923076923078,0.15384615384615385,17.076923076923077,0,0.0,0,0,55.5,31249.5,0.3552,48.0,0,Middle Class Shoppers
1993,Graduation,Single,74293.0,0,0,2014-05-04,66,375,152,335,93,91,81,1,5,4,6,2,0,0,0,0,0,0,0,33,2014,5,4,4397,Single,3,1127,187.83333333333334,1127.0,16,0.29411764705882354,0.058823529411764705,66.29411764705883,0,0.0,0,0,530.3529411764706,74293.0,1.5169461867714755,0.47761194029850745,1,Premium Spenders
1946,PhD,Married,51012.0,0,0,2013-04-18,86,102,9,63,2,9,24,1,4,1,4,6,0,0,0,0,0,0,0,80,2013,4,18,4778,Married,5,209,34.833333333333336,209.0,10,0.36363636363636365,0.09090909090909091,19.0,0,0.0,0,0,25.80246913580247,51012.0,0.40969948836571074,0.6896551724137931,0,Middle Class Shoppers
1968,Master,Married,70777.0,0,1,2014-02-25,80,554,35,113,0,7,78,3,5,3,12,3,0,0,0,0,0,0,0,58,2014,2,25,4465,Married,4,787,131.16666666666666,393.5,23,0.20833333333333334,0.125,32.791666666666664,0,0.0,0,0,306.79661016949154,35388.5,1.1119274350786967,0.8518518518518519,1,Premium Spenders
1991,PhD,Together,68682.0,0,0,2013-10-06,56,919,0,505,99,30,45,1,4,9,10,2,0,0,0,0,0,0,0,35,2013,10,6,4607,Partnered,5,1598,266.3333333333333,1598.0,24,0.16,0.04,63.92,0,0.0,0,0,1065.3333333333333,68682.0,2.326631044072041,0.8421052631578947,2,Ultra Premium
1971,Graduation,Married,43824.0,1,1,2012-09-15,18,96,1,42,12,3,32,4,3,1,4,8,0,0,0,0,0,0,0,55,2012,9,15,4993,Married,3,186,31.0,62.0,12,0.23076923076923078,0.3076923076923077,14.307692307692308,0,0.0,0,0,39.857142857142854,14608.0,0.4244152880775813,5.052631578947368,0,Middle Class Shoppers
1984,Graduation,Together,15345.0,1,0,2012-08-31,51,5,2,16,3,2,19,2,1,1,2,8,0,0,0,0,0,0,1,42,2012,8,31,5008,Partnered,3,47,7.833333333333333,23.5,6,0.14285714285714285,0.2857142857142857,6.714285714285714,0,0.0,0,0,6.558139534883721,7672.5,0.3062687345236544,0.9230769230769231,3,Budget Conscious
1987,Graduation,Single,23442.0,1,0,2012-12-24,71,2,0,6,8,6,5,1,1,0,3,7,0,0,0,0,0,0,0,39,2012,12,24,4893,Single,3,27,4.5,13.5,5,0.16666666666666666,0.16666666666666666,4.5,0,0.0,0,0,3.375,11721.0,0.11517297274239646,0.4861111111111111,3,Budget Conscious
1980,2n Cycle,Together,14515.0,1,0,2012-11-09,71,6,4,9,6,36,35,4,2,2,3,7,0,0,0,0,0,0,1,46,2012,11,9,4938,Partnered,2,96,16.0,48.0,11,0.16666666666666666,0.3333333333333333,8.0,0,0.0,0,0,22.46808510638298,7257.5,0.6613392119041058,1.0694444444444444,3,Budget Conscious
1956,2n Cycle,Divorced,31395.0,1,1,2013-03-23,80,23,1,25,0,8,7,4,2,1,3,6,0,0,0,0,0,0,0,70,2013,3,23,4804,Divorced,2,64,10.666666666666666,21.333333333333332,10,0.18181818181818182,0.36363636363636365,5.818181818181818,0,0.0,0,0,9.014084507042254,10465.0,0.2038476239011339,0.7407407407407407,3,Budget Conscious
1965,Graduation,Together,75276.0,0,0,2012-09-27,2,610,105,125,137,42,21,1,9,4,9,5,0,0,0,0,0,0,0,61,2012,9,27,4981,Partnered,3,1040,173.33333333333334,1040.0,23,0.375,0.041666666666666664,43.333333333333336,0,0.0,0,0,385.80645161290323,75276.0,1.381564089961077,38.333333333333336,1,Premium Spenders
1974,Graduation,Single,42373.0,1,1,2013-08-15,83,67,5,61,3,8,19,5,2,1,5,5,0,0,0,0,0,0,0,52,2013,8,15,4659,Single,3,163,27.166666666666668,54.333333333333336,13,0.14285714285714285,0.35714285714285715,11.642857142857142,0,0.0,0,0,39.9811320754717,14124.333333333334,0.3846698447160995,0.7738095238095238,3,Budget Conscious
1960,Graduation,Together,30507.0,0,0,2013-03-11,29,65,36,74,38,20,110,1,5,1,4,7,0,0,0,0,0,0,0,66,2013,3,11,4816,Partnered,3,343,57.166666666666664,343.0,11,0.4166666666666667,0.08333333333333333,28.583333333333332,0,0.0,0,0,56.3134328358209,30507.0,1.1242952668152615,2.566666666666667,3,Budget Conscious
1955,PhD,Single,55521.0,1,2,2013-10-22,11,416,0,26,0,0,4,9,6,3,6,7,0,1,0,0,0,0,1,71,2013,10,22,4591,Single,5,446,74.33333333333333,111.5,24,0.24,0.36,17.84,1,0.2,1,0,148.66666666666666,13880.25,0.8032851842512878,14.0,0,Middle Class Shoppers
1965,Graduation,Married,48006.0,1,1,2014-06-09,55,23,0,11,3,2,2,1,1,0,3,6,0,0,0,0,0,0,0,61,2014,6,9,4361,Married,3,41,6.833333333333333,13.666666666666666,5,0.16666666666666666,0.16666666666666666,6.833333333333333,0,0.0,0,0,3.306451612903226,16002.0,0.08540421188576666,0.5357142857142857,0,Middle Class Shoppers
1972,PhD,Single,27213.0,1,0,2012-08-30,19,19,3,26,10,9,3,3,2,0,4,8,0,0,0,0,0,0,1,54,2012,8,30,5009,Single,5,70,11.666666666666666,35.0,9,0.2,0.3,7.0,0,0.0,0,0,11.454545454545455,13606.5,0.2572205482472257,3.6,3,Budget Conscious
1971,PhD,Divorced,65808.0,1,1,2014-05-30,1,155,7,80,13,7,10,3,5,1,5,6,0,0,0,0,0,0,0,55,2014,5,30,4371,Divorced,5,272,45.333333333333336,90.66666666666667,14,0.3333333333333333,0.2,18.133333333333333,0,0.0,0,0,68.0,21936.0,0.41331732741722255,42.0,0,Middle Class Shoppers
1974,PhD,Together,30351.0,1,0,2013-06-06,19,14,0,24,3,3,2,1,3,0,2,9,0,0,0,0,0,0,0,52,2013,6,6,4729,Partnered,5,46,7.666666666666667,23.0,6,0.42857142857142855,0.14285714285714285,6.571428571428571,0,0.0,0,0,5.2075471698113205,15175.5,0.15155508697944123,2.7,3,Budget Conscious
1963,Graduation,Married,50437.0,0,2,2012-10-17,28,370,9,92,6,9,4,3,7,1,8,7,0,0,0,0,0,0,0,63,2012,10,17,4961,Married,3,490,81.66666666666667,163.33333333333334,19,0.35,0.15,24.5,0,0.0,0,0,145.46875,16812.333333333332,0.9714897497918237,4.586206896551724,0,Middle Class Shoppers
1982,2n Cycle,Single,23616.0,1,0,2012-11-17,76,4,22,11,3,7,32,2,3,0,3,8,0,0,0,0,0,0,1,44,2012,11,17,4930,Single,2,79,13.166666666666666,39.5,8,0.3333333333333333,0.2222222222222222,8.777777777777779,0,0.0,0,0,14.044444444444444,11808.0,0.33450480586018544,0.8311688311688312,3,Budget Conscious
1976,Graduation,Married,53858.0,0,1,2012-11-09,50,407,53,221,58,150,26,4,4,3,6,4,0,0,0,0,0,0,0,50,2012,11,9,4938,Married,3,915,152.5,457.5,17,0.2222222222222222,0.2222222222222222,50.833333333333336,0,0.0,0,0,305.0,26929.0,1.6988804099593382,1.3333333333333333,1,Premium Spenders
1955,PhD,Married,66465.0,0,1,2013-03-30,1,1200,0,204,38,29,14,3,11,9,12,6,0,0,0,1,0,0,0,71,2013,3,30,4797,Married,5,1485,247.5,742.5,35,0.3055555555555556,0.08333333333333333,41.25,1,0.2,1,0,721.875,33232.5,2.2342250173020792,105.0,1,Premium Spenders
1987,Graduation,Single,46923.0,1,0,2012-08-22,90,85,44,54,102,78,6,3,5,1,7,7,0,0,0,0,0,0,0,39,2012,8,22,5017,Single,3,369,61.5,184.5,16,0.29411764705882354,0.17647058823529413,21.705882352941178,0,0.0,0,0,147.6,23461.5,0.7863779728923366,1.2307692307692308,0,Middle Class Shoppers
1962,Graduation,Together,75072.0,0,1,2013-01-23,83,583,34,309,0,22,125,2,5,4,8,3,0,0,0,0,0,0,0,64,2013,1,23,4863,Partnered,3,1073,178.83333333333334,536.5,19,0.25,0.1,53.65,0,0.0,0,0,313.6461538461538,37536.0,1.429275505174963,0.6785714285714286,1,Premium Spenders
1943,PhD,Married,75865.0,0,0,2014-03-31,73,483,0,591,156,0,12,1,3,5,10,1,0,0,0,0,0,0,0,83,2014,3,31,4431,Married,5,1242,207.0,1242.0,19,0.15,0.05,62.1,0,0.0,0,0,280.92857142857144,75865.0,1.6370969867925027,0.25675675675675674,1,Premium Spenders
1975,2n Cycle,Together,19789.0,1,0,2013-11-20,24,2,5,9,28,6,28,3,2,1,3,5,1,0,0,0,0,0,0,51,2013,11,20,4562,Partnered,2,78,13.0,39.0,9,0.2,0.3,7.8,1,0.2,1,0,13.5,9894.5,0.39413845376452755,1.8,3,Budget Conscious
1994,Graduation,Together,80134.0,0,0,2014-02-14,11,966,26,282,52,26,26,1,2,7,11,5,0,1,1,1,1,0,0,32,2014,2,14,4476,Partnered,3,1378,229.66666666666666,1378.0,21,0.09090909090909091,0.045454545454545456,62.63636363636363,4,0.8,1,1,876.9090909090909,80134.0,1.719598178074499,8.75,2,Ultra Premium
1981,Graduation,Single,91065.0,0,0,2013-02-22,33,822,114,108,179,137,114,1,7,9,9,3,0,0,1,1,0,0,1,45,2013,2,22,4833,Single,3,1474,245.66666666666666,1474.0,26,0.25925925925925924,0.037037037037037035,54.592592592592595,2,0.4,1,1,833.1304347826087,91065.0,1.618606285551139,2.2941176470588234,2,Ultra Premium
1971,Master,Married,49505.0,1,1,2013-03-05,4,604,0,100,19,0,28,9,10,2,8,8,0,0,0,0,0,0,0,55,2013,3,5,4822,Married,4,751,125.16666666666667,250.33333333333334,29,0.3333333333333333,0.3,25.033333333333335,0,0.0,0,0,388.9107142857143,16501.666666666668,1.516987839857795,46.4,0,Middle Class Shoppers
1973,PhD,Married,37401.0,1,0,2014-05-06,14,19,3,19,3,1,3,2,2,0,3,7,0,0,0,0,0,0,0,53,2014,5,6,4395,Married,5,48,8.0,24.0,7,0.25,0.25,6.0,0,0.0,0,0,6.222222222222222,18700.5,0.12833538313459172,3.2666666666666666,3,Budget Conscious
1982,Master,Together,18492.0,1,0,2014-06-05,75,2,2,2,2,1,1,1,1,0,2,8,0,0,0,0,0,0,0,44,2014,6,5,4365,Partnered,4,10,1.6666666666666667,5.0,4,0.2,0.2,2.0,0,0.0,0,0,0.8888888888888888,9246.0,0.054074514681230736,0.42105263157894735,3,Budget Conscious
1974,Master,Married,82584.0,0,0,2013-06-04,26,1076,68,103,29,91,68,1,3,4,8,1,0,1,1,0,0,0,1,52,2013,6,4,4731,Married,4,1435,239.16666666666666,1435.0,16,0.17647058823529413,0.058823529411764705,84.41176470588235,2,0.4,1,1,433.20754716981133,82584.0,1.737603681055882,0.5925925925925926,2,Ultra Premium
1941,PhD,Married,93027.0,0,0,2013-04-13,77,1285,42,716,55,0,21,0,7,10,5,2,0,0,1,0,0,0,0,85,2013,4,13,4783,Married,5,2119,353.1666666666667,2119.0,22,0.30434782608695654,0.0,92.1304347826087,1,0.2,1,0,542.0697674418604,93027.0,2.277808831749581,0.5641025641025641,2,Ultra Premium
1953,Graduation,Married,48686.0,1,2,2013-12-04,8,10,0,7,2,0,1,1,1,0,2,8,0,0,0,0,0,0,0,73,2013,12,4,4548,Married,3,20,3.3333333333333335,5.0,4,0.2,0.2,4.0,0,0.0,0,0,1.0810810810810811,12171.5,0.041078727381025734,3.5555555555555554,0,Middle Class Shoppers
1986,Graduation,Married,92910.0,0,0,2014-04-24,42,551,137,792,179,103,33,1,6,7,13,1,0,1,1,1,0,0,0,40,2014,4,24,4407,Married,3,1795,299.1666666666667,1795.0,27,0.21428571428571427,0.03571428571428571,64.10714285714286,3,0.6,1,1,1182.0731707317073,92910.0,1.9319563883716675,0.627906976744186,2,Ultra Premium
1989,Graduation,Married,75433.0,1,0,2014-04-05,28,800,0,297,0,34,57,2,2,5,10,6,0,1,0,1,0,0,0,37,2014,4,5,4426,Married,3,1188,198.0,594.0,19,0.1,0.1,59.4,2,0.4,1,1,594.0,37716.5,1.5748866558846144,3.9310344827586206,1,Premium Spenders
1989,2n Cycle,Together,10404.0,1,0,2014-05-04,52,2,2,11,10,6,12,2,1,0,4,5,0,0,0,0,0,0,0,37,2014,5,4,4397,Partnered,2,43,7.166666666666667,21.5,7,0.125,0.25,5.375,0,0.0,0,0,7.921052631578948,5202.0,0.41326285439692456,0.660377358490566,3,Budget Conscious
1968,Graduation,Married,61314.0,0,1,2013-04-25,1,378,0,189,97,172,172,2,5,5,12,3,0,0,0,0,0,0,0,58,2013,4,25,4771,Married,3,1008,168.0,504.0,24,0.2,0.08,40.32,0,0.0,0,0,410.03389830508473,30657.0,1.64396966484547,36.0,1,Premium Spenders
1961,PhD,Single,84865.0,0,0,2013-05-09,1,1248,16,349,43,16,16,1,2,4,9,4,0,1,1,1,1,0,1,65,2013,5,9,4757,Single,5,1688,281.3333333333333,1688.0,16,0.11764705882352941,0.058823529411764705,99.29411764705883,4,0.8,1,1,409.2121212121212,84865.0,1.9890179812881486,32.0,2,Ultra Premium
1989,Graduation,Married,42387.0,1,0,2012-10-29,42,235,0,235,19,4,191,5,8,1,7,8,0,0,0,0,0,0,0,37,2012,10,29,4949,Married,3,684,114.0,342.0,21,0.36363636363636365,0.22727272727272727,31.09090909090909,0,0.0,0,0,378.0,21193.5,1.6136642445975278,3.9069767441860463,0,Middle Class Shoppers
1967,2n Cycle,Together,67309.0,1,1,2013-01-23,76,515,47,181,149,95,95,15,9,6,9,7,0,0,0,0,0,0,0,59,2013,1,23,4863,Partnered,2,1082,180.33333333333334,360.6666666666667,39,0.225,0.375,27.05,0,0.0,0,0,703.3,22436.333333333332,1.6074877432773735,3.5454545454545454,1,Premium Spenders
1964,Graduation,Married,75236.0,0,1,2013-11-25,27,438,66,400,12,38,114,1,8,3,13,4,0,0,0,0,0,0,0,62,2013,11,25,4557,Married,3,1068,178.0,534.0,25,0.3076923076923077,0.038461538461538464,41.07692307692308,0,0.0,0,0,423.8095238095238,37618.0,1.4195143347023407,3.5714285714285716,1,Premium Spenders
1970,Graduation,Single,30015.0,1,0,2014-02-02,28,25,0,22,2,3,5,2,1,0,4,5,0,0,0,0,0,0,0,56,2014,2,2,4488,Single,3,57,9.5,28.5,7,0.125,0.25,7.125,0,0.0,0,0,7.0,15007.5,0.18989872068230276,1.206896551724138,3,Budget Conscious
1956,Master,Together,50943.0,0,1,2013-06-21,49,31,0,7,2,0,6,1,1,0,3,5,0,0,0,0,0,0,0,70,2013,6,21,4714,Partnered,4,46,7.666666666666667,23.0,5,0.16666666666666666,0.16666666666666666,7.666666666666667,0,0.0,0,0,3.23943661971831,25471.5,0.09029522613065327,0.5,0,Middle Class Shoppers
1966,Graduation,Divorced,67272.0,0,1,2013-12-21,12,357,35,271,28,28,14,3,6,2,12,5,0,0,0,0,0,0,0,60,2013,12,21,4531,Divorced,3,733,122.16666666666667,366.5,23,0.25,0.125,30.541666666666668,0,0.0,0,0,276.37704918032784,33636.0,1.089590177337119,8.846153846153847,1,Premium Spenders
1949,Master,Widow,51529.0,0,1,2013-09-07,14,400,4,35,6,0,22,2,9,1,5,8,0,0,0,0,0,0,0,77,2013,9,7,4636,Widowed,4,467,77.83333333333333,233.5,17,0.5,0.1111111111111111,25.944444444444443,0,0.0,0,0,101.78205128205128,25764.5,0.9062681932854647,9.066666666666666,0,Middle Class Shoppers
1971,PhD,Married,32011.0,1,0,2013-08-22,89,99,0,15,2,1,5,3,2,1,4,7,0,0,0,0,0,0,0,55,2013,8,22,4652,Married,5,122,20.333333333333332,61.0,10,0.18181818181818182,0.2727272727272727,11.090909090909092,0,0.0,0,0,21.785714285714285,16005.5,0.3811070848431838,0.7777777777777778,3,Budget Conscious
1986,2n Cycle,Married,7500.0,1,0,2013-02-07,96,1,11,5,4,6,9,2,2,0,3,8,0,0,0,0,0,0,0,40,2013,2,7,4848,Married,2,36,6.0,18.0,7,0.25,0.25,4.5,0,0.0,0,0,6.146341463414634,3750.0,0.4799360085321957,0.5773195876288659,3,Budget Conscious
1989,Graduation,Married,28691.0,1,0,2013-07-04,56,5,4,13,8,0,4,1,1,0,3,8,0,0,0,0,0,0,0,37,2013,7,4,4701,Married,3,34,5.666666666666667,17.0,5,0.16666666666666666,0.16666666666666666,5.666666666666667,0,0.0,0,0,4.473684210526316,14345.5,0.11849993029415865,0.7017543859649122,3,Budget Conscious
1948,PhD,Married,56223.0,0,1,2013-12-20,72,77,28,31,16,0,4,2,2,1,5,4,0,0,0,0,0,0,0,78,2013,12,20,4532,Married,5,156,26.0,78.0,10,0.18181818181818182,0.18181818181818182,14.181818181818182,0,0.0,0,0,19.746835443037973,28111.5,0.27746158224245876,0.547945205479452,0,Middle Class Shoppers
1946,Graduation,Married,18100.0,0,0,2013-08-06,14,3,1,2,4,3,1,1,0,0,3,5,0,0,0,0,0,0,0,80,2013,8,6,4668,Married,3,14,2.3333333333333335,14.0,4,0.0,0.2,2.8,0,0.0,0,0,0.691358024691358,18100.0,0.07734379316059886,1.3333333333333333,3,Budget Conscious
1974,2n Cycle,Married,20130.0,0,0,2014-03-17,99,0,6,3,7,6,12,1,1,0,3,8,0,0,0,0,0,0,0,52,2014,3,17,4445,Married,2,34,5.666666666666667,34.0,5,0.16666666666666666,0.16666666666666666,5.666666666666667,0,0.0,0,0,3.207547169811321,20130.0,0.16889374596393622,0.4,3,Budget Conscious
1959,Graduation,Divorced,23295.0,0,0,2013-07-13,72,0,0,1,2,12,5,1,1,0,2,8,0,0,0,0,0,0,0,67,2013,7,13,4692,Divorced,3,20,3.3333333333333335,20.0,4,0.2,0.2,4.0,0,0.0,0,0,1.1764705882352942,23295.0,0.08585164835164835,0.4383561643835616,3,Budget Conscious
1972,Master,Divorced,42618.0,1,0,2013-10-09,92,76,14,74,13,5,10,2,5,0,4,8,0,0,0,0,0,0,0,54,2013,10,9,4604,Divorced,4,192,32.0,96.0,11,0.4166666666666667,0.16666666666666666,16.0,0,0.0,0,0,38.4,21309.0,0.4505032966517281,0.946236559139785,0,Middle Class Shoppers
1964,Graduation,Single,81246.0,0,0,2013-12-29,87,398,190,537,61,156,37,1,4,5,7,1,1,0,0,1,0,0,0,62,2013,12,29,4523,Single,3,1379,229.83333333333334,1379.0,17,0.2222222222222222,0.05555555555555555,76.61111111111111,2,0.4,1,1,372.1111111111111,81246.0,1.697293438526961,0.19318181818181818,2,Ultra Premium
1976,Graduation,Married,24027.0,1,0,2013-06-09,7,14,7,11,11,0,5,2,2,0,3,8,0,0,0,0,0,0,0,50,2013,6,9,4726,Married,3,48,8.0,24.0,7,0.25,0.25,6.0,0,0.0,0,0,6.588235294117647,12013.5,0.19976693857166639,7.0,3,Budget Conscious
1953,PhD,Married,55707.0,0,1,2013-12-22,91,208,7,82,30,66,35,2,3,2,9,3,0,0,0,0,0,0,0,73,2013,12,22,4530,Married,5,428,71.33333333333333,214.0,16,0.17647058823529413,0.11764705882352941,25.176470588235293,0,0.0,0,0,92.54054054054055,27853.5,0.7682918072808214,0.5217391304347826,0,Middle Class Shoppers
1955,Graduation,Single,57959.0,0,1,2013-05-02,71,430,16,322,43,24,33,5,4,7,11,3,0,0,0,0,0,0,0,71,2013,5,2,4764,Single,3,868,144.66666666666666,434.0,27,0.14285714285714285,0.17857142857142858,31.0,0,0.0,0,0,325.5,28979.5,1.497584541062802,1.125,1,Premium Spenders
1969,Graduation,Married,56796.0,0,1,2013-02-16,24,656,38,161,62,47,37,3,8,9,7,7,0,0,0,0,0,0,0,57,2013,2,16,4839,Married,3,1001,166.83333333333334,500.5,27,0.2857142857142857,0.10714285714285714,35.75,0,0.0,0,0,465.98275862068965,28398.0,1.7624170290684367,7.56,1,Premium Spenders
1971,Master,Single,36230.0,1,0,2013-10-17,17,14,2,30,8,2,3,1,2,0,4,5,0,0,0,0,0,0,0,55,2013,10,17,4596,Single,4,59,9.833333333333334,29.5,7,0.25,0.125,7.375,0,0.0,0,0,7.375,18115.0,0.16284397339295079,1.9444444444444444,3,Budget Conscious
1980,2n Cycle,Married,70829.0,1,1,2013-12-01,87,141,70,106,72,19,23,2,4,2,8,3,0,0,0,0,0,0,0,46,2013,12,1,4551,Married,2,431,71.83333333333333,143.66666666666666,16,0.23529411764705882,0.11764705882352941,25.352941176470587,0,0.0,0,0,146.72340425531914,23609.666666666668,0.6084992234928702,0.5454545454545454,0,Middle Class Shoppers
1976,Graduation,Married,65991.0,0,1,2012-09-07,21,507,19,364,25,47,9,3,9,5,10,7,0,0,0,0,0,0,0,50,2012,9,7,5001,Married,3,971,161.83333333333334,485.5,27,0.32142857142857145,0.10714285714285714,34.67857142857143,0,0.0,0,0,514.0588235294117,32995.5,1.4713904715723118,8.590909090909092,1,Premium Spenders
1972,Graduation,Married,38988.0,1,2,2012-08-20,90,164,24,103,12,3,42,7,5,1,6,8,0,0,0,0,0,0,0,54,2012,8,20,5019,Married,3,348,58.0,87.0,19,0.25,0.35,17.4,0,0.0,0,0,120.21818181818182,9747.0,0.8925594398420068,1.6703296703296704,3,Budget Conscious
1966,2n Cycle,Single,89572.0,0,0,2012-09-15,44,606,24,974,197,194,64,1,7,7,9,4,0,1,0,1,0,0,1,60,2012,9,15,4993,Single,2,2059,343.1666666666667,2059.0,24,0.28,0.04,82.36,2,0.4,1,1,810.0983606557377,89572.0,2.298683755149431,2.1333333333333333,2,Ultra Premium
1984,Master,Married,42207.0,1,0,2013-04-01,71,116,11,72,3,17,46,4,4,1,5,6,1,0,0,0,0,0,1,42,2013,4,1,4795,Married,4,265,44.166666666666664,132.5,14,0.26666666666666666,0.26666666666666666,17.666666666666668,1,0.2,1,0,86.27906976744185,21103.5,0.6278430629264594,1.1666666666666667,0,Middle Class Shoppers
1952,Graduation,Married,50300.0,0,1,2014-05-25,52,143,15,60,24,23,5,2,2,1,8,2,0,0,0,0,0,0,0,74,2014,5,25,4376,Married,3,270,45.0,135.0,13,0.14285714285714285,0.14285714285714285,19.285714285714285,0,0.0,0,0,46.8,25150.0,0.5367686527106817,0.49056603773584906,0,Middle Class Shoppers
1982,2n Cycle,Together,66664.0,0,0,2012-09-25,78,398,96,447,220,96,32,1,5,7,6,3,0,0,0,0,0,0,0,44,2012,9,25,4983,Partnered,2,1289,214.83333333333334,1289.0,19,0.25,0.05,64.45,0,0.0,0,0,544.2444444444444,66664.0,1.9335483387084678,0.7215189873417721,1,Premium Spenders
1964,Graduation,Married,60597.0,0,1,2014-01-01,2,522,0,257,32,16,66,4,2,2,8,7,0,0,0,1,0,0,1,62,2014,1,1,4520,Married,3,893,148.83333333333334,446.5,16,0.11764705882352941,0.23529411764705882,52.529411764705884,1,0.2,1,0,226.79365079365078,30298.5,1.473645994917324,37.333333333333336,1,Premium Spenders
1949,Graduation,Widow,70165.0,0,0,2013-09-22,60,161,0,253,199,191,122,1,3,7,11,1,0,0,0,0,0,0,0,77,2013,9,22,4621,Widowed,3,926,154.33333333333334,926.0,22,0.13043478260869565,0.043478260869565216,40.26086956521739,0,0.0,0,0,261.1794871794872,70165.0,1.3197275033492004,0.36065573770491804,1,Premium Spenders
1958,PhD,Widow,50520.0,0,1,2014-01-28,25,112,0,6,2,1,14,2,3,1,3,6,0,0,0,0,0,0,0,68,2014,1,28,4493,Widowed,5,135,22.5,67.5,9,0.3,0.2,13.5,0,0.0,0,0,17.608695652173914,25260.0,0.2672156133093169,2.076923076923077,0,Middle Class Shoppers
1975,Graduation,Married,33183.0,1,0,2014-02-24,46,7,5,39,17,15,37,2,4,0,3,7,0,0,0,0,0,0,0,51,2014,2,24,4466,Married,3,120,20.0,60.0,9,0.4,0.2,12.0,0,0.0,0,0,20.76923076923077,16591.5,0.36162005785920925,1.3404255319148937,3,Budget Conscious
1969,PhD,Single,66582.0,0,0,2014-03-03,83,789,25,420,16,38,0,1,2,8,9,1,0,0,0,0,0,0,0,57,2014,3,3,4459,Single,5,1288,214.66666666666666,1288.0,20,0.09523809523809523,0.047619047619047616,61.333333333333336,0,0.0,0,0,444.13793103448273,66582.0,1.934427706771999,0.23809523809523808,1,Premium Spenders
1955,PhD,Together,75261.0,0,0,2013-04-23,17,1239,17,413,23,34,17,1,5,6,5,2,0,1,1,0,0,0,1,71,2013,4,23,4773,Partnered,5,1743,290.5,1743.0,17,0.2777777777777778,0.05555555555555555,96.83333333333333,2,0.4,1,1,411.5416666666667,75261.0,2.315909755254976,1.8888888888888888,2,Ultra Premium
1970,Graduation,Widow,31880.0,1,0,2012-10-31,13,4,1,5,2,0,3,1,1,0,2,8,0,0,0,0,0,0,0,56,2012,10,31,4947,Widowed,3,15,2.5,7.5,4,0.2,0.2,3.0,0,0.0,0,0,1.0526315789473684,15940.0,0.047049967065023054,2.2857142857142856,3,Budget Conscious
1951,Graduation,Married,53790.0,0,2,2014-03-06,86,335,42,127,28,5,5,3,7,2,8,6,0,0,0,0,0,0,0,75,2014,3,6,4456,Married,3,542,90.33333333333333,180.66666666666666,20,0.3333333333333333,0.14285714285714285,25.80952380952381,0,0.0,0,0,142.6315789473684,17930.0,1.0076035024446468,1.3793103448275863,0,Middle Class Shoppers
1971,PhD,Together,49269.0,1,0,2012-08-15,92,639,8,166,11,8,58,3,7,3,12,7,0,0,0,0,0,0,0,55,2012,8,15,5024,Partnered,5,890,148.33333333333334,445.0,25,0.2692307692307692,0.11538461538461539,34.23076923076923,0,0.0,0,0,397.32142857142856,24634.5,1.8063730464785872,1.881720430107527,0,Middle Class Shoppers
1975,Graduation,Married,61456.0,0,1,2013-03-27,47,563,76,384,84,192,89,4,6,10,13,4,0,0,0,0,0,0,0,51,2013,3,27,4800,Married,3,1388,231.33333333333334,694.0,33,0.17647058823529413,0.11764705882352941,40.8235294117647,0,0.0,0,0,880.8461538461538,30728.0,2.2584896757082187,2.75,1,Premium Spenders
1980,Graduation,Married,37406.0,1,0,2013-10-10,18,2,0,8,2,2,3,1,1,0,2,8,0,0,0,0,0,0,1,46,2013,10,10,4603,Married,3,17,2.8333333333333335,8.5,4,0.2,0.2,3.4,0,0.0,0,0,1.446808510638298,18703.0,0.04544603951132141,1.6842105263157894,3,Budget Conscious
1981,PhD,Together,56937.0,1,0,2012-08-04,81,746,8,125,11,8,8,7,8,6,9,6,0,1,0,0,0,0,1,45,2012,8,4,5035,Partnered,5,906,151.0,453.0,30,0.25806451612903225,0.22580645161290322,29.225806451612904,1,0.2,1,0,590.8695652173913,28468.5,1.5912044680178439,2.1951219512195124,1,Premium Spenders
1978,Graduation,Married,38415.0,1,1,2013-01-02,91,22,1,13,4,0,4,2,1,0,3,7,0,0,0,0,0,0,0,48,2013,1,2,4884,Married,3,44,7.333333333333333,14.666666666666666,6,0.14285714285714285,0.2857142857142857,6.285714285714286,0,0.0,0,0,5.387755102040816,12805.0,0.11453561016243233,0.45652173913043476,3,Budget Conscious
1988,Graduation,Single,20518.0,1,0,2014-05-18,58,4,1,6,4,1,9,1,1,1,2,5,0,0,0,0,0,0,0,38,2014,5,18,4383,Single,3,25,4.166666666666667,12.5,5,0.16666666666666666,0.16666666666666666,4.166666666666667,0,0.0,0,0,3.2051282051282053,10259.0,0.12183829621326575,0.423728813559322,3,Budget Conscious
1956,Graduation,Married,62503.0,0,1,2013-02-18,40,478,0,193,110,75,117,4,8,3,11,5,0,0,0,0,0,0,0,70,2013,2,18,4837,Married,3,973,162.16666666666666,486.5,26,0.2962962962962963,0.14814814814814814,36.03703703703704,0,0.0,0,0,356.3098591549296,31251.5,1.5567003711762446,3.1707317073170733,1,Premium Spenders
1972,PhD,Single,41644.0,1,1,2014-05-09,67,20,3,4,2,0,2,2,1,0,3,3,0,0,0,0,0,0,0,54,2014,5,9,4392,Single,5,31,5.166666666666667,10.333333333333334,6,0.14285714285714285,0.2857142857142857,4.428571428571429,0,0.0,0,0,3.381818181818182,13881.333333333334,0.07443870812822667,0.2647058823529412,3,Budget Conscious
1977,Master,Married,55842.0,0,1,2014-05-23,19,451,0,39,0,4,24,1,7,1,8,5,0,0,0,0,0,0,0,49,2014,5,23,4378,Married,4,518,86.33333333333333,259.0,17,0.3888888888888889,0.05555555555555555,28.77777777777778,0,0.0,0,0,176.12,27921.0,0.9276005945239332,4.25,0,Middle Class Shoppers
1972,PhD,Married,62010.0,0,1,2012-10-23,93,371,22,39,6,0,92,4,6,2,7,5,0,0,0,0,0,0,0,54,2012,10,23,4955,Married,5,530,88.33333333333333,265.0,19,0.3,0.2,26.5,0,0.0,0,0,183.0909090909091,31005.0,0.8546870716485786,1.0106382978723405,0,Middle Class Shoppers
1977,Graduation,Married,41124.0,1,0,2012-10-31,41,281,7,84,15,0,119,7,7,3,4,8,0,0,0,0,0,0,0,49,2012,10,31,4947,Married,3,506,84.33333333333333,253.0,21,0.3181818181818182,0.3181818181818182,23.0,0,0.0,0,0,212.52,20562.0,1.2303951367781154,4.0,0,Middle Class Shoppers
1973,Master,Married,38961.0,1,0,2013-12-30,60,19,7,19,0,1,24,1,2,1,2,7,0,0,0,0,0,0,0,53,2013,12,30,4522,Married,4,70,11.666666666666666,35.0,6,0.2857142857142857,0.14285714285714285,10.0,0,0.0,0,0,7.777777777777778,19480.5,0.17966223499820336,0.6885245901639344,3,Budget Conscious
1972,Master,Divorced,37760.0,1,0,2013-08-11,54,26,3,13,2,10,0,1,2,0,3,6,0,0,0,0,0,0,0,54,2013,8,11,4663,Divorced,4,54,9.0,27.0,6,0.2857142857142857,0.14285714285714285,7.714285714285714,0,0.0,0,0,5.890909090909091,18880.0,0.14300468737586397,0.6545454545454545,3,Budget Conscious
1974,Graduation,Single,32233.0,1,0,2012-08-19,26,138,15,35,25,11,72,2,6,2,2,9,1,0,0,0,0,0,1,52,2012,8,19,5020,Single,3,296,49.333333333333336,148.0,12,0.46153846153846156,0.15384615384615385,22.76923076923077,1,0.2,1,0,67.01886792452831,16116.5,0.9182850406403176,4.0,3,Budget Conscious
1975,Graduation,Married,43057.0,0,1,2013-10-30,30,213,2,44,0,2,5,4,4,2,5,5,0,0,0,0,0,0,0,51,2013,10,30,4583,Married,3,266,44.333333333333336,133.0,15,0.25,0.25,16.625,0,0.0,0,0,76.73076923076923,21528.5,0.617771378141112,2.4193548387096775,0,Middle Class Shoppers
1960,Master,Together,83151.0,0,0,2012-10-10,93,407,28,100,120,74,18,1,5,9,4,3,0,0,0,0,0,0,0,66,2012,10,10,4968,Partnered,4,747,124.5,747.0,19,0.25,0.05,37.35,0,0.0,0,0,211.83582089552237,83151.0,0.8983548200885125,0.6063829787234043,1,Premium Spenders
1964,PhD,Divorced,78825.0,0,0,2012-09-14,35,483,74,114,169,37,18,1,5,10,13,3,0,0,0,0,0,0,1,62,2012,9,14,4994,Divorced,5,895,149.16666666666666,895.0,29,0.16666666666666666,0.03333333333333333,29.833333333333332,0,0.0,0,0,411.984126984127,78825.0,1.1354121736482887,2.4166666666666665,1,Premium Spenders
1976,Master,Together,65104.0,0,1,2013-11-14,4,738,0,232,13,20,50,2,3,5,7,7,0,0,0,0,0,0,0,50,2013,11,14,4568,Partnered,4,1053,175.5,526.5,17,0.16666666666666666,0.1111111111111111,58.5,0,0.0,0,0,351.0,32552.0,1.6173872974425927,23.8,1,Premium Spenders
1974,Graduation,Married,60093.0,0,1,2013-06-26,92,502,12,109,16,6,90,2,7,2,10,6,0,0,0,0,0,0,0,52,2013,6,26,4709,Married,3,735,122.5,367.5,21,0.3181818181818182,0.09090909090909091,33.40909090909091,0,0.0,0,0,291.22641509433964,30046.5,1.223083835324658,1.3548387096774193,0,Middle Class Shoppers
1969,Graduation,Married,14045.0,1,0,2014-01-26,24,11,0,5,2,1,1,1,1,0,3,7,0,0,0,0,0,0,0,57,2014,1,26,4495,Married,3,20,3.3333333333333335,10.0,5,0.16666666666666666,0.16666666666666666,3.3333333333333335,0,0.0,0,0,1.7241379310344827,7022.5,0.14238929232521716,1.4,3,Budget Conscious
1952,2n Cycle,Widow,28457.0,0,0,2012-10-28,96,24,1,108,29,29,14,1,4,1,4,8,0,0,0,0,0,0,0,74,2012,10,28,4950,Widowed,2,205,34.166666666666664,205.0,10,0.36363636363636365,0.09090909090909091,18.636363636363637,0,0.0,0,0,27.333333333333332,28457.0,0.7203598285192213,0.8247422680412371,3,Budget Conscious
1958,PhD,Together,78952.0,0,1,2012-09-24,11,1170,19,594,99,76,134,2,2,5,12,6,0,0,0,0,0,0,0,68,2012,9,24,4984,Partnered,5,2092,348.6666666666667,1046.0,21,0.09090909090909091,0.09090909090909091,95.0909090909091,0,0.0,0,0,636.695652173913,39476.0,2.649677656327182,10.5,2,Ultra Premium
1976,Graduation,Divorced,46310.0,1,0,2012-12-03,99,185,2,88,15,5,14,2,6,1,5,8,0,0,0,0,0,0,0,50,2012,12,3,4914,Divorced,3,309,51.5,154.5,14,0.4,0.13333333333333333,20.6,0,0.0,0,0,84.82352941176471,23155.0,0.6672280883591372,1.12,0,Middle Class Shoppers
1955,Graduation,Together,76005.0,0,0,2013-02-22,72,983,20,389,240,50,40,1,3,5,13,6,0,0,0,1,0,0,0,71,2013,2,22,4833,Partnered,3,1722,287.0,1722.0,22,0.13043478260869565,0.043478260869565216,74.8695652173913,1,0.2,1,0,526.1666666666666,76005.0,2.2656106096887085,1.8082191780821917,2,Ultra Premium
1964,Master,Single,58308.0,0,1,2013-01-12,77,691,0,69,10,0,130,4,2,6,3,8,0,0,0,0,0,0,0,62,2013,1,12,4874,Single,4,900,150.0,450.0,15,0.125,0.25,56.25,0,0.0,0,0,214.28571428571428,29154.0,1.543501003275652,1.5384615384615385,1,Premium Spenders
1944,PhD,Divorced,55614.0,0,0,2013-11-27,85,504,13,131,8,0,26,1,9,4,6,7,0,1,0,0,0,0,0,82,2013,11,27,4555,Divorced,5,682,113.66666666666667,682.0,20,0.42857142857142855,0.047619047619047616,32.476190476190474,1,0.2,1,0,164.33734939759037,55614.0,1.2262878719769845,1.627906976744186,1,Premium Spenders
1962,Master,Divorced,59432.0,0,1,2013-04-13,88,317,25,265,25,19,12,3,5,3,11,5,0,0,0,0,0,0,0,64,2013,4,13,4783,Divorced,4,663,110.5,331.5,22,0.21739130434782608,0.13043478260869565,28.82608695652174,0,0.0,0,0,224.4,29716.0,1.1155418706779063,1.2359550561797752,0,Middle Class Shoppers
1978,Graduation,Divorced,55563.0,0,1,2014-04-05,22,29,1,9,2,0,2,1,2,0,3,3,0,0,0,0,0,0,0,48,2014,4,5,4426,Divorced,3,43,7.166666666666667,21.5,6,0.2857142857142857,0.14285714285714285,6.142857142857143,0,0.0,0,0,5.26530612244898,27781.5,0.07738823698797784,0.782608695652174,0,Middle Class Shoppers
1971,PhD,Together,78642.0,0,1,2013-04-21,83,1396,0,322,46,35,17,1,4,9,4,6,0,0,0,0,0,0,0,55,2013,4,21,4775,Partnered,5,1816,302.6666666666667,908.0,18,0.21052631578947367,0.05263157894736842,95.57894736842105,0,0.0,0,0,583.7142857142857,39321.0,2.3091692839795024,1.2857142857142858,1,Premium Spenders
1949,PhD,Together,67911.0,0,1,2014-05-22,63,529,0,356,63,28,0,3,6,7,11,3,0,0,0,0,0,0,0,77,2014,5,22,4379,Partnered,5,976,162.66666666666666,488.0,27,0.21428571428571427,0.10714285714285714,34.857142857142854,0,0.0,0,0,337.84615384615387,33955.5,1.4371539639533515,1.265625,1,Premium Spenders
1944,Graduation,Married,65275.0,0,0,2013-04-03,9,388,14,218,91,14,21,1,4,3,13,2,0,0,0,0,0,0,0,82,2013,4,3,4793,Married,3,746,124.33333333333333,746.0,21,0.18181818181818182,0.045454545454545456,33.90909090909091,0,0.0,0,0,188.74698795180723,65275.0,1.142839634781543,4.2,1,Premium Spenders
1950,Graduation,Together,27203.0,1,1,2012-08-06,92,13,2,21,4,0,24,2,1,1,2,8,0,0,0,0,0,0,0,76,2012,8,6,5033,Partnered,3,64,10.666666666666666,21.333333333333332,6,0.14285714285714285,0.2857142857142857,9.142857142857142,0,0.0,0,0,4.987012987012987,9067.666666666666,0.23525952065872666,0.5161290322580645,3,Budget Conscious
1961,Master,Together,48330.0,0,1,2013-11-15,2,28,0,4,0,0,0,1,1,0,3,5,0,0,0,0,0,0,0,65,2013,11,15,4567,Partnered,4,32,5.333333333333333,16.0,5,0.16666666666666666,0.16666666666666666,5.333333333333333,0,0.0,0,0,2.4242424242424243,24165.0,0.0662100929010366,8.333333333333334,0,Middle Class Shoppers
1990,Basic,Married,24279.0,0,0,2012-12-29,6,16,36,21,20,62,108,1,4,1,3,8,0,0,0,0,0,0,0,36,2012,12,29,4888,Married,1,263,43.833333333333336,263.0,9,0.4,0.1,26.3,0,0.0,0,0,63.972972972972975,24279.0,1.0831960461285008,10.285714285714286,3,Budget Conscious
1985,PhD,Married,64355.0,1,0,2012-08-24,66,1047,0,140,67,38,153,2,4,3,12,8,0,0,0,0,0,0,0,41,2012,8,24,5015,Married,5,1445,240.83333333333334,722.5,21,0.18181818181818182,0.09090909090909091,65.68181818181819,0,0.0,0,0,722.5,32177.5,2.245322891416496,2.5074626865671643,1,Premium Spenders
1953,Graduation,Widow,53653.0,0,0,2012-11-07,29,815,10,239,28,10,108,2,10,4,12,6,0,0,0,0,0,0,0,73,2012,11,7,4940,Widowed,3,1210,201.66666666666666,1210.0,28,0.3448275862068966,0.06896551724137931,41.724137931034484,0,0.0,0,0,457.8378378378378,53653.0,2.2551906661199537,5.6,1,Premium Spenders
1976,Graduation,Married,65665.0,0,1,2013-12-02,77,225,162,387,106,36,29,1,5,10,8,3,0,0,0,0,0,0,0,50,2013,12,2,4550,Married,3,945,157.5,472.5,24,0.2,0.04,37.8,0,0.0,0,0,444.70588235294116,32832.5,1.4391009045777114,0.9230769230769231,1,Premium Spenders
1989,Graduation,Single,81217.0,0,0,2013-07-19,77,493,70,324,146,40,84,1,3,7,11,1,0,0,0,0,0,0,0,37,2013,7,19,4686,Single,3,1157,192.83333333333334,1157.0,22,0.13043478260869565,0.043478260869565216,50.30434782608695,0,0.0,0,0,669.8421052631579,81217.0,1.4245610578935703,0.28205128205128205,1,Premium Spenders
1992,Graduation,Married,34935.0,0,0,2013-06-21,71,34,4,66,3,10,20,1,2,1,4,7,0,0,0,0,0,0,0,34,2013,6,21,4714,Married,3,137,22.833333333333332,137.0,8,0.2222222222222222,0.1111111111111111,15.222222222222221,0,0.0,0,0,31.314285714285713,34935.0,0.3921456377375773,0.7777777777777778,3,Budget Conscious
1959,Graduation,Divorced,61250.0,0,1,2012-12-16,49,382,138,65,60,26,59,6,5,2,12,5,0,0,0,0,0,0,0,67,2012,12,16,4901,Divorced,3,730,121.66666666666667,365.0,25,0.19230769230769232,0.23076923076923078,28.076923076923077,0,0.0,0,0,268.38235294117646,30625.0,1.1918172764526294,2.5,0,Middle Class Shoppers
1981,PhD,Together,39665.0,1,0,2013-05-25,97,127,1,56,0,1,31,3,4,2,3,7,1,0,0,0,0,0,0,45,2013,5,25,4741,Partnered,5,216,36.0,108.0,12,0.3076923076923077,0.23076923076923078,16.615384615384617,1,0.2,1,0,56.34782608695652,19832.5,0.544546967175919,0.8571428571428571,3,Budget Conscious
1979,Graduation,Single,60152.0,0,1,2013-03-28,6,325,83,300,86,58,91,1,6,4,12,3,0,0,0,0,0,0,0,47,2013,3,28,4799,Single,3,943,157.16666666666666,471.5,23,0.25,0.041666666666666664,39.291666666666664,0,0.0,0,0,451.8541666666667,30076.0,1.5676691104350573,9.857142857142858,1,Premium Spenders
1964,Graduation,Married,48920.0,0,2,2013-10-20,93,238,17,68,8,10,6,3,6,2,5,7,0,1,0,0,0,0,0,62,2013,10,20,4593,Married,3,347,57.833333333333336,115.66666666666667,16,0.35294117647058826,0.17647058823529413,20.41176470588235,1,0.2,1,0,88.12698412698413,16306.666666666666,0.7093068416426483,1.1914893617021276,0,Middle Class Shoppers
1959,Master,Together,89120.0,0,0,2014-03-17,78,1168,92,408,72,129,55,1,5,6,7,1,0,0,1,0,0,0,0,67,2014,3,17,4445,Partnered,4,1924,320.6666666666667,1924.0,19,0.25,0.05,96.2,1,0.2,1,0,537.5882352941177,89120.0,2.1588626698533453,0.24050632911392406,2,Ultra Premium
1946,PhD,Together,44124.0,0,1,2013-05-11,62,284,0,55,0,6,52,4,6,2,5,8,0,0,0,0,0,0,0,80,2013,5,11,4755,Partnered,5,397,66.16666666666667,198.5,17,0.3333333333333333,0.2222222222222222,22.055555555555557,0,0.0,0,0,83.32098765432099,22062.0,0.8997167138810198,2.1587301587301586,0,Middle Class Shoppers
1975,Master,Single,81169.0,0,0,2013-04-14,47,1288,20,613,80,61,27,1,5,7,9,2,0,0,0,0,0,0,0,51,2013,4,14,4782,Single,4,2089,348.1666666666667,2089.0,22,0.21739130434782608,0.043478260869565216,90.82608695652173,0,0.0,0,0,883.8076923076923,81169.0,2.573610940002464,0.9166666666666666,2,Ultra Premium
1961,Graduation,Married,36443.0,1,1,2013-02-03,9,65,0,46,4,3,20,4,3,1,3,8,0,0,0,0,0,0,0,65,2013,2,3,4852,Married,3,138,23.0,46.0,11,0.25,0.3333333333333333,11.5,0,0.0,0,0,23.0,12147.666666666666,0.3786631544287125,8.8,3,Budget Conscious
1990,Graduation,Single,26095.0,1,0,2013-06-30,77,11,7,9,3,1,11,1,1,0,3,7,0,0,0,0,0,0,0,36,2013,6,30,4705,Single,3,42,7.0,21.0,5,0.16666666666666666,0.16666666666666666,7.0,0,0.0,0,0,5.675675675675675,13047.5,0.1609442060085837,0.44871794871794873,3,Budget Conscious
1959,Graduation,Together,71367.0,0,0,2013-08-23,24,227,23,389,42,21,75,1,4,5,7,2,0,0,0,0,0,0,0,67,2013,8,23,4651,Partnered,3,777,129.5,777.0,17,0.2222222222222222,0.05555555555555555,43.166666666666664,0,0.0,0,0,194.25,71367.0,1.0887232373052347,1.36,1,Premium Spenders
1944,Master,Married,80184.0,0,0,2014-03-01,19,1035,134,670,25,38,0,1,6,3,10,3,0,0,1,1,0,0,0,82,2014,3,1,4461,Married,4,1902,317.0,1902.0,20,0.2857142857142857,0.047619047619047616,90.57142857142857,2,0.4,1,1,458.31325301204816,80184.0,2.3720147159693212,3.0,2,Ultra Premium
1965,Graduation,Divorced,30630.0,1,1,2014-01-27,67,27,1,12,2,0,10,2,2,0,3,7,0,0,0,0,0,0,0,61,2014,1,27,4494,Divorced,3,52,8.666666666666666,17.333333333333332,7,0.25,0.25,6.5,0,0.0,0,0,5.870967741935484,10210.0,0.16976265874440927,0.7205882352941176,3,Budget Conscious
1987,Master,Single,73454.0,0,0,2014-03-01,95,982,73,351,56,14,175,1,2,4,6,5,1,0,0,0,0,0,0,39,2014,3,1,4461,Single,4,1651,275.1666666666667,1651.0,13,0.14285714285714285,0.07142857142857142,117.92857142857143,1,0.2,1,0,536.575,73454.0,2.247634606221496,0.6770833333333334,2,Ultra Premium
1991,Graduation,Married,42691.0,0,0,2013-08-16,48,179,2,64,38,17,58,1,5,1,6,5,0,0,0,0,0,0,0,35,2013,8,16,4658,Married,3,358,59.666666666666664,358.0,13,0.35714285714285715,0.07142857142857142,25.571428571428573,0,0.0,0,0,129.27777777777777,42691.0,0.8385646022674038,1.3265306122448979,0,Middle Class Shoppers
1953,Graduation,Married,70503.0,0,0,2012-09-30,73,1379,33,216,0,33,66,1,2,4,9,6,0,1,1,0,0,0,0,73,2012,9,30,4978,Married,3,1727,287.8333333333333,1727.0,16,0.11764705882352941,0.058823529411764705,101.58823529411765,2,0.4,1,1,373.4054054054054,70503.0,2.449506410983774,1.2972972972972974,2,Ultra Premium
1987,Graduation,Married,25545.0,1,0,2012-09-08,35,32,1,64,16,12,85,3,2,2,3,6,0,0,0,0,0,0,1,39,2012,9,8,5000,Married,3,210,35.0,105.0,10,0.18181818181818182,0.2727272727272727,19.09090909090909,0,0.0,0,0,52.5,12772.5,0.8220465043451028,1.6666666666666667,3,Budget Conscious
1986,Graduation,Married,32880.0,1,0,2012-12-04,76,8,4,15,7,6,2,1,1,0,3,8,0,0,0,0,0,0,0,40,2012,12,4,4913,Married,3,42,7.0,21.0,5,0.16666666666666666,0.16666666666666666,7.0,0,0.0,0,0,5.121951219512195,16440.0,0.12773334144338674,0.5194805194805194,3,Budget Conscious
1958,PhD,Together,77863.0,0,0,2013-11-27,20,881,38,319,16,25,12,1,4,5,10,2,0,0,0,0,0,0,0,68,2013,11,27,4555,Partnered,5,1291,215.16666666666666,1291.0,20,0.19047619047619047,0.047619047619047616,61.476190476190474,0,0.0,0,0,374.2028985507246,77863.0,1.6580191102435016,1.9047619047619047,2,Ultra Premium
1977,Master,Married,50353.0,0,0,2014-06-08,72,141,15,153,67,31,35,1,4,4,6,3,0,0,0,0,0,0,0,49,2014,6,8,4362,Married,4,442,73.66666666666667,442.0,15,0.25,0.0625,27.625,0,0.0,0,0,132.6,50353.0,0.8777852802160702,0.6164383561643836,0,Middle Class Shoppers
1964,Graduation,Single,61839.0,0,0,2012-08-12,20,1000,155,379,224,17,120,1,4,8,4,8,0,0,0,0,0,0,0,62,2012,8,12,5027,Single,3,1895,315.8333333333333,1895.0,17,0.2222222222222222,0.05555555555555555,105.27777777777777,0,0.0,0,0,511.3492063492063,61839.0,3.0643596377749027,6.476190476190476,2,Ultra Premium
1960,PhD,Married,49154.0,1,1,2013-11-03,69,206,10,67,30,27,71,6,4,1,8,6,0,0,0,0,0,0,0,66,2013,11,3,4579,Married,5,411,68.5,137.0,19,0.2,0.3,20.55,0,0.0,0,0,116.55223880597015,16384.666666666668,0.8361306072627404,1.6285714285714286,0,Middle Class Shoppers
1975,2n Cycle,Widow,47682.0,0,1,2013-02-15,80,162,61,83,97,57,61,4,4,3,8,5,0,0,0,0,0,0,0,51,2013,2,15,4840,Widowed,2,521,86.83333333333333,260.5,19,0.2,0.2,26.05,0,0.0,0,0,190.3653846153846,23841.0,1.0926325944256863,1.1728395061728396,0,Middle Class Shoppers
1969,Graduation,Single,72679.0,0,1,2013-09-18,65,619,54,260,127,54,54,1,4,7,5,1,0,0,0,0,0,0,0,57,2013,9,18,4625,Single,3,1168,194.66666666666666,584.0,17,0.2222222222222222,0.05555555555555555,64.88888888888889,0,0.0,0,0,342.3448275862069,36339.5,1.6070445789763348,0.25757575757575757,1,Premium Spenders
1977,Master,Together,57954.0,1,1,2014-06-18,52,456,4,24,0,0,9,7,8,2,6,7,0,1,0,0,0,0,0,49,2014,6,18,4352,Partnered,4,493,82.16666666666667,164.33333333333334,23,0.3333333333333333,0.2916666666666667,20.541666666666668,1,0.2,1,0,226.78,19318.0,0.85065999482357,3.0377358490566038,0,Middle Class Shoppers
1962,Graduation,Married,65316.0,1,1,2013-04-24,65,112,6,92,3,9,38,2,3,2,5,4,0,0,0,0,0,0,0,64,2013,4,24,4772,Married,3,260,43.333333333333336,86.66666666666667,12,0.23076923076923078,0.15384615384615385,20.0,0,0.0,0,0,48.0,21772.0,0.3980586983480564,0.7272727272727273,0,Middle Class Shoppers
1982,Graduation,Single,28567.0,1,0,2013-06-17,57,11,3,22,2,2,6,2,2,0,3,6,0,0,0,0,0,0,0,44,2013,6,17,4718,Single,3,46,7.666666666666667,23.0,7,0.25,0.25,5.75,0,0.0,0,0,7.155555555555556,14283.5,0.16101932231867824,0.7241379310344828,3,Budget Conscious
1951,Master,Together,47352.0,0,1,2013-04-11,70,172,12,112,8,0,15,4,6,1,5,7,0,0,0,0,0,0,0,75,2013,4,11,4785,Partnered,4,319,53.166666666666664,159.5,16,0.35294117647058826,0.23529411764705882,18.764705882352942,0,0.0,0,0,67.15789473684211,23676.0,0.6736637594239013,1.5774647887323943,0,Middle Class Shoppers
1967,Graduation,Together,44931.0,0,1,2014-01-18,0,78,0,11,0,0,7,1,2,1,3,5,0,0,0,0,0,0,0,59,2014,1,18,4503,Partnered,3,96,16.0,48.0,7,0.25,0.125,12.0,0,0.0,0,0,11.2,22465.5,0.2136561915783851,35.0,0,Middle Class Shoppers
1967,Graduation,Divorced,76982.0,0,0,2014-02-15,19,464,151,292,65,60,30,1,8,3,4,4,0,0,1,0,0,0,1,59,2014,2,15,4475,Divorced,3,1062,177.0,1062.0,16,0.47058823529411764,0.058823529411764705,62.470588235294116,1,0.2,1,0,283.2,76982.0,1.3795253497525428,3.2,1,Premium Spenders
1952,2n Cycle,Together,57247.0,0,1,2013-08-08,50,99,4,32,37,54,6,2,2,1,7,2,0,0,0,0,0,0,0,74,2013,8,8,4666,Partnered,2,232,38.666666666666664,116.0,12,0.15384615384615385,0.15384615384615385,17.846153846153847,0,0.0,0,0,37.12,28623.5,0.4052543320290665,0.47058823529411764,0,Middle Class Shoppers
1981,Master,Single,22944.0,1,0,2013-12-23,67,19,3,19,4,5,26,3,3,0,3,7,0,0,0,0,0,0,0,45,2013,12,23,4529,Single,4,76,12.666666666666666,38.0,9,0.3,0.3,7.6,0,0.0,0,0,14.869565217391305,11472.0,0.33122684680758335,0.9264705882352942,3,Budget Conscious
1977,2n Cycle,Together,25315.0,1,0,2013-11-07,46,1,9,8,11,3,22,3,3,0,3,8,0,0,0,0,0,0,0,49,2013,11,7,4575,Partnered,2,54,9.0,27.0,9,0.3,0.3,5.4,0,0.0,0,0,9.72,12657.5,0.21330383946911044,1.5319148936170213,3,Budget Conscious
1969,Graduation,Widow,43638.0,0,1,2012-08-06,37,63,10,83,7,19,19,2,4,1,4,7,0,0,0,0,0,0,0,57,2012,8,6,5033,Widowed,3,201,33.5,100.5,11,0.3333333333333333,0.16666666666666666,16.75,0,0.0,0,0,38.12068965517241,21819.0,0.4605971722541763,2.026315789473684,0,Middle Class Shoppers
1984,PhD,Single,42710.0,1,0,2012-11-28,38,252,3,42,4,3,102,2,4,5,3,6,0,0,0,0,0,0,0,42,2012,11,28,4919,Single,5,406,67.66666666666667,203.0,14,0.26666666666666666,0.13333333333333333,27.066666666666666,0,0.0,0,0,132.1860465116279,21355.0,0.950574793378755,2.1538461538461537,0,Middle Class Shoppers
1982,PhD,Married,84169.0,0,0,2013-08-07,9,1478,19,403,0,19,0,1,7,6,6,3,0,1,1,0,0,0,1,44,2013,8,7,4667,Married,5,1919,319.8333333333333,1919.0,20,0.3333333333333333,0.047619047619047616,91.38095238095238,2,0.4,1,1,852.8888888888889,84169.0,2.2799097065462752,6.0,2,Ultra Premium
1976,Graduation,Together,54058.0,0,1,2013-06-04,56,198,18,252,32,108,54,2,4,6,8,3,0,0,0,0,0,0,0,50,2013,6,4,4731,Partnered,3,662,110.33333333333333,331.0,20,0.19047619047619047,0.09523809523809523,31.523809523809526,0,0.0,0,0,259.6078431372549,27029.0,1.2245879502025565,1.0526315789473684,0,Middle Class Shoppers
1990,2n Cycle,Married,24683.0,1,0,2014-03-08,98,8,4,10,6,7,6,2,2,0,4,5,0,0,0,0,0,0,0,36,2014,3,8,4454,Married,2,41,6.833333333333333,20.5,8,0.2222222222222222,0.2222222222222222,4.555555555555555,0,0.0,0,0,8.864864864864865,12341.5,0.1660994976502998,0.40404040404040403,3,Budget Conscious
1964,Graduation,Widow,85620.0,0,0,2014-01-07,68,416,46,925,60,107,46,1,3,6,4,1,0,0,0,0,0,0,1,62,2014,1,7,4514,Widowed,3,1600,266.6666666666667,1600.0,14,0.2,0.06666666666666667,106.66666666666667,0,0.0,0,0,355.55555555555554,85620.0,1.868700435640789,0.2028985507246377,2,Ultra Premium
1980,Graduation,Married,47850.0,1,0,2013-12-03,72,42,7,43,20,12,10,1,3,0,4,6,0,0,0,0,0,0,0,46,2013,12,3,4549,Married,3,134,22.333333333333332,67.0,8,0.3333333333333333,0.1111111111111111,14.88888888888889,0,0.0,0,0,22.80851063829787,23925.0,0.280035944912332,0.6575342465753424,0,Middle Class Shoppers
1968,Graduation,Married,19514.0,1,1,2014-01-26,47,14,3,21,2,1,28,4,3,1,2,8,1,0,0,0,0,0,1,58,2014,1,26,4495,Married,3,69,11.5,23.0,10,0.2727272727272727,0.36363636363636365,6.2727272727272725,1,0.2,1,0,11.694915254237289,6504.666666666667,0.3535741737125288,1.6666666666666667,3,Budget Conscious
1973,Master,Married,27159.0,1,1,2014-03-29,33,17,0,3,0,0,1,2,1,0,3,6,0,0,0,0,0,0,0,53,2014,3,29,4433,Married,4,21,3.5,7.0,6,0.14285714285714285,0.2857142857142857,3.0,0,0.0,0,0,2.3333333333333335,9053.0,0.07731958762886598,1.0588235294117647,3,Budget Conscious
1963,2n Cycle,Single,39548.0,1,1,2014-03-31,87,15,4,10,3,4,18,2,1,1,3,3,0,0,0,0,0,0,0,63,2014,3,31,4431,Single,2,54,9.0,18.0,7,0.125,0.25,6.75,0,0.0,0,0,5.90625,13182.666666666666,0.13653948266707125,0.23863636363636365,3,Budget Conscious
1989,Graduation,Single,21474.0,1,0,2014-04-08,0,6,16,24,11,0,34,2,3,1,2,7,1,0,0,0,0,0,1,37,2014,4,8,4423,Single,3,91,15.166666666666666,45.5,8,0.3333333333333333,0.2222222222222222,10.11111111111111,1,0.2,1,0,19.157894736842106,10737.0,0.4237485448195576,56.0,3,Budget Conscious
1971,PhD,Single,60504.0,0,1,2014-02-07,73,458,0,24,6,4,34,2,6,2,8,6,0,0,0,0,0,0,0,55,2014,2,7,4483,Single,5,526,87.66666666666667,263.0,18,0.3157894736842105,0.10526315789473684,27.68421052631579,0,0.0,0,0,169.07142857142858,30252.0,0.8693496405255763,1.4594594594594594,0,Middle Class Shoppers
1963,Graduation,Married,22419.0,0,0,2013-04-18,74,30,3,47,19,21,42,1,3,2,2,8,0,0,0,0,0,0,0,63,2013,4,18,4778,Married,3,162,27.0,162.0,8,0.3333333333333333,0.1111111111111111,18.0,0,0.0,0,0,20.25,22419.0,0.7225691347011597,0.8533333333333334,3,Budget Conscious
1949,Master,Married,81698.0,0,0,2013-11-06,4,179,28,520,111,123,47,1,3,8,13,1,0,0,0,0,0,0,1,77,2013,11,6,4576,Married,4,1008,168.0,1008.0,25,0.11538461538461539,0.038461538461538464,38.76923076923077,0,0.0,0,0,323.0769230769231,81698.0,1.2337972313002608,5.0,1,Premium Spenders
1952,Graduation,Together,43462.0,1,1,2012-09-12,50,90,17,97,15,6,15,6,4,1,5,8,0,0,0,0,0,0,0,74,2012,9,12,4996,Partnered,3,240,40.0,80.0,16,0.23529411764705882,0.35294117647058826,14.117647058823529,0,0.0,0,0,51.2,14487.333333333334,0.5521938200308307,2.5098039215686274,0,Middle Class Shoppers
1978,PhD,Single,54880.0,1,0,2013-03-01,57,308,85,137,102,45,118,2,6,2,11,5,0,0,0,0,0,0,0,48,2013,3,1,4826,Single,5,795,132.5,397.5,21,0.2727272727272727,0.09090909090909091,36.13636363636363,0,0.0,0,0,340.7142857142857,27440.0,1.4485887647819828,1.8103448275862069,0,Middle Class Shoppers
1982,Graduation,Married,79908.0,0,0,2013-04-05,30,557,129,761,29,185,111,1,5,6,7,2,0,0,1,0,0,0,0,44,2013,4,5,4791,Married,3,1772,295.3333333333333,1772.0,19,0.25,0.05,88.6,1,0.2,1,0,748.1777777777778,79908.0,2.2175224317661337,1.2258064516129032,2,Ultra Premium
1970,2n Cycle,Married,15315.0,0,0,2013-08-03,27,7,4,13,15,8,17,2,2,0,4,5,0,0,0,0,0,0,0,56,2013,8,3,4671,Married,2,64,10.666666666666666,64.0,8,0.2222222222222222,0.2222222222222222,7.111111111111111,0,0.0,0,0,8.982456140350877,15315.0,0.4178636719770175,1.4285714285714286,3,Budget Conscious
1959,Graduation,Together,87771.0,0,1,2013-05-22,61,1492,38,287,50,57,33,1,5,10,4,6,0,1,1,1,1,0,1,67,2013,5,22,4744,Partnered,3,1957,326.1666666666667,978.5,20,0.23809523809523808,0.047619047619047616,93.19047619047619,4,0.8,1,1,575.5882352941177,43885.5,2.2296404320284373,1.935483870967742,2,Ultra Premium
1978,Graduation,Married,33039.0,1,0,2013-09-09,4,30,8,12,8,8,12,1,2,0,4,5,0,0,0,0,0,0,0,48,2013,9,9,4634,Married,3,78,13.0,39.0,7,0.25,0.125,9.75,0,0.0,0,0,11.142857142857142,16519.5,0.2360774818401937,7.0,3,Budget Conscious
1980,Graduation,Single,81741.0,0,0,2013-06-16,75,249,153,940,58,134,38,0,6,6,7,2,0,0,0,0,0,0,0,46,2013,6,16,4719,Single,3,1572,262.0,1572.0,19,0.3,0.0,78.6,0,0.0,0,0,635.4893617021277,81741.0,1.923123975434905,0.5,2,Ultra Premium
1971,Master,Together,71499.0,0,1,2013-06-25,12,465,25,132,136,0,37,2,8,3,13,4,0,0,0,0,0,0,0,55,2013,6,25,4710,Partnered,4,795,132.5,397.5,26,0.2962962962962963,0.07407407407407407,29.444444444444443,0,0.0,0,0,369.10714285714283,35749.5,1.1118881118881119,8.0,1,Premium Spenders
1970,2n Cycle,Married,62466.0,0,1,2014-01-15,13,129,129,259,168,121,83,5,6,3,12,4,0,0,0,0,0,0,0,56,2014,1,15,4506,Married,2,889,148.16666666666666,444.5,26,0.2222222222222222,0.18518518518518517,32.925925925925924,0,0.0,0,0,405.50877192982455,31233.0,1.4231514239518466,7.428571428571429,1,Premium Spenders
1963,PhD,Divorced,48799.0,0,1,2013-11-05,9,174,18,81,28,6,24,3,3,2,7,3,0,0,0,0,0,0,0,63,2013,11,5,4577,Divorced,5,331,55.166666666666664,165.5,15,0.1875,0.1875,20.6875,0,0.0,0,0,77.578125,24399.5,0.6782786885245902,4.5,0,Middle Class Shoppers
1950,PhD,Together,52157.0,0,1,2014-06-07,48,189,2,29,3,2,40,2,3,2,5,4,0,0,0,0,0,0,0,76,2014,6,7,4363,Partnered,5,265,44.166666666666664,132.5,12,0.23076923076923078,0.15384615384615385,20.384615384615383,0,0.0,0,0,41.298701298701296,26078.5,0.5080716285133633,0.9795918367346939,0,Middle Class Shoppers
1962,Graduation,Single,66565.0,0,1,2012-12-05,80,747,10,161,65,40,42,4,4,2,9,8,0,0,0,0,0,0,0,64,2012,12,5,4912,Single,3,1065,177.5,532.5,19,0.2,0.2,53.25,0,0.0,0,0,311.3076923076923,33282.5,1.5999158729681817,1.876543209876543,1,Premium Spenders
1951,Master,Together,29298.0,1,1,2013-09-07,60,6,0,2,2,0,1,1,1,0,2,5,0,0,0,0,0,0,0,75,2013,9,7,4636,Partnered,4,11,1.8333333333333333,3.6666666666666665,4,0.2,0.2,2.2,0,0.0,0,0,0.5789473684210527,9766.0,0.03754394347929964,0.32786885245901637,3,Budget Conscious
1979,Graduation,Single,47691.0,0,1,2013-07-05,43,14,0,3,0,0,4,1,1,0,2,6,0,0,0,0,0,0,0,47,2013,7,5,4700,Single,3,21,3.5,10.5,4,0.2,0.2,4.2,0,0.0,0,0,1.75,23845.5,0.044032542145433194,0.5454545454545454,0,Middle Class Shoppers
1970,Graduation,Together,38200.0,1,1,2012-12-07,19,12,0,4,0,0,1,1,1,0,2,7,0,0,0,0,0,0,0,56,2012,12,7,4910,Partnered,3,17,2.8333333333333335,5.666666666666667,4,0.2,0.2,3.4,0,0.0,0,0,1.1929824561403508,12733.333333333334,0.044501452841548654,1.4,3,Budget Conscious
1974,Graduation,Married,44989.0,0,1,2012-09-12,26,98,0,106,49,10,106,5,5,1,5,6,0,0,0,0,0,0,0,52,2012,9,12,4996,Married,3,369,61.5,184.5,16,0.29411764705882354,0.29411764705882354,21.705882352941178,0,0.0,0,0,111.39622641509433,22494.5,0.8201822627250501,3.5555555555555554,0,Middle Class Shoppers
1968,PhD,Married,38443.0,1,1,2014-01-27,58,32,0,5,0,0,1,2,1,0,3,7,0,0,0,0,0,0,0,58,2014,1,27,4494,Married,5,38,6.333333333333333,12.666666666666666,6,0.14285714285714285,0.2857142857142857,5.428571428571429,0,0.0,0,0,3.864406779661017,12814.333333333334,0.09884507335344916,0.711864406779661,3,Budget Conscious
1978,2n Cycle,Single,38593.0,1,0,2013-09-13,42,51,12,49,17,24,24,3,4,1,3,8,0,0,0,0,0,0,0,48,2013,9,13,4630,Single,2,177,29.5,88.5,11,0.3333333333333333,0.25,14.75,0,0.0,0,0,39.734693877551024,19296.5,0.45862051096025286,2.046511627906977,3,Budget Conscious
1970,PhD,Together,64413.0,0,1,2013-08-01,27,200,5,44,0,10,20,1,5,1,5,5,0,0,0,0,0,0,0,56,2013,8,1,4673,Partnered,5,279,46.5,139.5,12,0.38461538461538464,0.07692307692307693,21.46153846153846,0,0.0,0,0,58.73684210526316,32206.5,0.43313565373987023,2.142857142857143,0,Middle Class Shoppers
1981,Master,Married,36959.0,1,0,2013-10-02,56,25,6,25,6,0,0,2,2,0,3,8,0,0,0,0,0,0,0,45,2013,10,2,4611,Married,4,62,10.333333333333334,31.0,7,0.25,0.25,7.75,0,0.0,0,0,9.434782608695652,18479.5,0.16774891774891776,0.9824561403508771,3,Budget Conscious
1977,PhD,Married,61996.0,0,1,2013-01-31,27,1050,12,144,0,0,24,3,6,4,8,5,0,1,0,1,1,0,1,49,2013,1,31,4855,Married,5,1230,205.0,615.0,21,0.2727272727272727,0.13636363636363635,55.90909090909091,3,0.6,1,1,516.6,30998.0,1.983966966143523,3.75,1,Premium Spenders
1968,Graduation,Married,51287.0,1,1,2014-04-01,10,117,0,22,13,0,30,3,4,1,3,7,0,0,0,0,0,0,0,58,2014,4,1,4430,Married,3,182,30.333333333333332,60.666666666666664,11,0.3333333333333333,0.25,15.166666666666666,0,0.0,0,0,33.932203389830505,17095.666666666668,0.3548588363749805,7.0,0,Middle Class Shoppers
1970,Graduation,Married,13260.0,1,1,2013-08-23,48,9,4,17,10,2,7,4,3,0,3,8,0,0,0,0,0,0,0,56,2013,8,23,4651,Married,3,49,8.166666666666666,16.333333333333332,10,0.2727272727272727,0.36363636363636365,4.454545454545454,0,0.0,0,0,8.596491228070175,4420.0,0.3695045622502074,1.6326530612244898,3,Budget Conscious
1966,PhD,Together,47472.0,1,1,2013-09-16,39,56,0,11,0,0,8,2,2,0,4,5,0,0,0,0,0,0,0,60,2013,9,16,4627,Partnered,5,75,12.5,25.0,8,0.2222222222222222,0.2222222222222222,8.333333333333334,0,0.0,0,0,9.836065573770492,15824.0,0.15798453857982434,1.0,0,Middle Class Shoppers
1956,Master,Together,54603.0,1,1,2013-07-09,85,145,13,46,17,2,4,6,4,2,4,7,0,0,0,0,0,0,0,70,2013,7,9,4696,Partnered,4,227,37.833333333333336,75.66666666666667,16,0.23529411764705882,0.35294117647058826,13.352941176470589,0,0.0,0,0,51.15492957746479,18201.0,0.41572046003955754,1.302325581395349,0,Middle Class Shoppers
1974,PhD,Married,45207.0,1,1,2012-11-10,64,203,0,10,0,0,2,5,3,1,6,6,0,1,0,0,0,0,0,52,2012,11,10,4937,Married,5,215,35.833333333333336,71.66666666666667,15,0.1875,0.3125,13.4375,1,0.2,1,0,60.84905660377358,15069.0,0.4755795434436383,1.3846153846153846,0,Middle Class Shoppers
1967,2n Cycle,Together,47821.0,1,1,2013-10-20,54,9,0,16,6,6,10,1,1,0,3,8,0,0,0,0,0,0,0,59,2013,10,20,4593,Partnered,2,47,7.833333333333333,15.666666666666666,5,0.16666666666666666,0.16666666666666666,7.833333333333333,0,0.0,0,0,3.9166666666666665,15940.333333333334,0.09828112584166282,0.7272727272727273,0,Middle Class Shoppers
1951,Master,Married,27450.0,0,0,2013-04-15,57,37,12,23,8,11,52,1,2,1,3,7,0,0,0,0,0,0,0,75,2013,4,15,4781,Married,4,143,23.833333333333332,143.0,7,0.25,0.125,17.875,0,0.0,0,0,13.171052631578947,27450.0,0.5209281993370005,0.8448275862068966,3,Budget Conscious
1983,Graduation,Together,39453.0,1,0,2014-04-03,64,46,0,7,0,0,2,2,2,0,3,6,0,0,0,0,0,0,0,43,2014,4,3,4428,Partnered,3,55,9.166666666666666,27.5,7,0.25,0.25,6.875,0,0.0,0,0,8.75,19726.5,0.1394028488873118,0.6461538461538462,3,Budget Conscious
1971,2n Cycle,Together,26850.0,1,1,2014-04-18,10,31,1,13,7,2,9,4,2,1,4,4,0,0,0,0,0,0,0,55,2014,4,18,4413,Partnered,2,63,10.5,21.0,11,0.16666666666666666,0.3333333333333333,5.25,0,0.0,0,0,12.375,8950.0,0.23462813303042718,4.0,3,Budget Conscious
1955,Graduation,Widow,79800.0,0,0,2012-09-23,65,1060,21,530,32,0,224,1,5,11,5,3,1,0,1,1,0,0,1,71,2012,9,23,4985,Widowed,3,1867,311.1666666666667,1867.0,22,0.21739130434782608,0.043478260869565216,81.17391304347827,3,0.6,1,1,570.4722222222222,79800.0,2.3395696795779504,1.0,2,Ultra Premium
1961,Master,Married,61794.0,0,1,2013-09-14,74,264,47,188,54,47,11,2,4,4,10,2,0,0,0,0,0,0,0,65,2013,9,14,4629,Married,4,611,101.83333333333333,305.5,20,0.19047619047619047,0.09523809523809523,29.095238095238095,0,0.0,0,0,185.15151515151516,30897.0,0.988753135366939,0.5333333333333333,0,Middle Class Shoppers
1955,Graduation,Together,53863.0,0,1,2014-05-17,4,399,4,30,6,4,30,3,7,1,7,7,0,1,0,0,0,0,0,71,2014,5,17,4384,Partnered,3,473,78.83333333333333,236.5,18,0.3684210526315789,0.15789473684210525,24.894736842105264,1,0.2,1,0,118.25,26931.5,0.8781375315609683,25.2,0,Middle Class Shoppers
1959,Graduation,Together,24221.0,0,0,2013-08-20,94,8,9,9,2,5,22,1,1,1,3,4,0,0,0,0,0,0,0,67,2013,8,20,4654,Partnered,3,55,9.166666666666666,55.0,6,0.14285714285714285,0.14285714285714285,7.857142857142857,0,0.0,0,0,4.852941176470588,24221.0,0.2270663033605813,0.25263157894736843,3,Budget Conscious
1984,PhD,Single,39684.0,1,0,2012-10-12,41,19,0,35,6,4,17,2,2,1,2,7,0,0,0,0,0,1,1,42,2012,10,12,4966,Single,5,81,13.5,40.5,7,0.25,0.25,10.125,0,0.0,0,0,13.186046511627907,19842.0,0.20410734534458863,1.1666666666666667,3,Budget Conscious
1975,Master,Married,92163.0,0,0,2012-12-12,25,817,183,797,106,163,20,0,5,11,5,2,0,0,1,1,0,0,1,51,2012,12,12,4905,Married,4,2086,347.6666666666667,2086.0,21,0.22727272727272727,0.0,94.81818181818181,2,0.4,1,1,842.4230769230769,92163.0,2.263356625146478,1.6153846153846154,2,Ultra Premium
1965,Master,Single,69882.0,0,0,2013-11-10,94,292,127,635,132,127,165,1,3,7,9,1,0,0,0,0,0,0,0,61,2013,11,10,4572,Single,4,1478,246.33333333333334,1478.0,20,0.14285714285714285,0.047619047619047616,70.38095238095238,0,0.0,0,0,476.7741935483871,69882.0,2.1149635819870354,0.21052631578947367,2,Ultra Premium
1977,Graduation,Together,33178.0,1,0,2014-01-30,9,12,6,2,11,2,16,1,1,0,3,4,0,0,0,0,0,0,0,49,2014,1,30,4491,Partnered,3,49,8.166666666666666,24.5,5,0.16666666666666666,0.16666666666666666,8.166666666666666,0,0.0,0,0,4.9,16589.0,0.14768377588233522,2.0,3,Budget Conscious
1972,PhD,Married,59973.0,0,0,2013-09-11,47,130,30,168,20,34,0,1,3,4,7,1,0,0,0,0,0,0,0,54,2013,9,11,4632,Married,5,382,63.666666666666664,382.0,15,0.1875,0.0625,23.875,0,0.0,0,0,104.18181818181819,59973.0,0.6369426751592357,0.3125,0,Middle Class Shoppers
1975,Master,Together,17459.0,1,0,2013-09-19,12,6,4,16,3,10,30,3,3,1,2,7,0,0,0,0,0,0,1,51,2013,9,19,4624,Partnered,4,69,11.5,34.5,9,0.3,0.3,6.9,0,0.0,0,0,11.942307692307692,8729.5,0.3951890034364261,4.846153846153846,3,Budget Conscious
1969,Graduation,Divorced,23910.0,1,0,2012-10-26,80,16,12,18,7,1,13,1,2,0,3,7,0,0,0,0,0,0,0,57,2012,10,26,4952,Divorced,3,67,11.166666666666666,33.5,6,0.2857142857142857,0.14285714285714285,9.571428571428571,0,0.0,0,0,6.931034482758621,11955.0,0.2802057630379323,0.5185185185185185,3,Budget Conscious
1969,Master,Married,42169.0,1,1,2013-10-19,20,19,0,9,0,0,2,2,1,0,3,8,0,0,0,0,0,0,0,57,2013,10,19,4594,Married,4,30,5.0,10.0,6,0.14285714285714285,0.2857142857142857,4.285714285714286,0,0.0,0,0,3.103448275862069,14056.333333333334,0.07114062129475932,2.2857142857142856,3,Budget Conscious
1978,2n Cycle,Married,26224.0,1,0,2013-06-04,39,4,7,15,13,9,15,3,2,1,3,6,0,0,0,0,0,0,0,48,2013,6,4,4731,Married,2,63,10.5,31.5,9,0.2,0.3,6.3,0,0.0,0,0,11.571428571428571,13112.0,0.2402287893231649,1.35,3,Budget Conscious
1981,Graduation,Together,31089.0,1,0,2012-08-17,57,31,3,31,2,8,4,3,3,0,4,8,0,0,0,0,0,0,0,45,2012,8,17,5022,Partnered,3,79,13.166666666666666,39.5,10,0.2727272727272727,0.2727272727272727,7.181818181818182,0,0.0,0,0,17.17391304347826,15544.5,0.2541009971051785,1.3793103448275863,3,Budget Conscious
1961,Graduation,Single,30081.0,0,1,2013-02-21,27,36,0,2,0,0,4,1,1,0,3,7,0,0,0,0,0,0,0,65,2013,2,21,4834,Single,3,42,7.0,21.0,5,0.16666666666666666,0.16666666666666666,7.0,0,0.0,0,0,3.1818181818181817,15040.5,0.13961837643773686,1.25,3,Budget Conscious
1960,Graduation,Together,62807.0,0,1,2012-08-31,83,526,28,135,10,21,99,3,5,3,12,5,0,0,0,0,0,0,0,66,2012,8,31,5008,Partnered,3,819,136.5,409.5,23,0.20833333333333334,0.125,34.125,0,0.0,0,0,281.14925373134326,31403.5,1.3039740160489108,1.369047619047619,1,Premium Spenders
1955,Graduation,Single,72906.0,0,0,2013-09-17,79,400,32,519,71,75,54,1,3,4,9,1,0,0,0,0,0,0,0,71,2013,9,17,4626,Single,3,1151,191.83333333333334,1151.0,17,0.16666666666666666,0.05555555555555555,63.94444444444444,0,0.0,0,0,271.7638888888889,72906.0,1.5787235793545202,0.2125,1,Premium Spenders
1948,PhD,Married,61467.0,0,2,2012-12-09,69,410,16,114,0,5,49,3,5,2,10,5,0,0,0,0,0,0,0,78,2012,12,9,4908,Married,5,594,99.0,198.0,20,0.23809523809523808,0.14285714285714285,28.285714285714285,0,0.0,0,0,150.37974683544303,20489.0,0.9663564781675018,1.4285714285714286,0,Middle Class Shoppers
1966,Master,Together,49618.0,1,1,2013-01-26,77,80,3,26,4,2,14,4,3,1,3,7,0,0,0,0,0,0,0,60,2013,1,26,4860,Partnered,4,129,21.5,43.0,11,0.25,0.3333333333333333,10.75,0,0.0,0,0,23.262295081967213,16539.333333333332,0.25998105564400736,0.9871794871794872,0,Middle Class Shoppers
1986,Master,Single,21888.0,1,0,2012-12-29,15,88,10,46,2,3,64,4,5,1,2,10,0,0,0,0,0,0,1,40,2012,12,29,4888,Single,4,213,35.5,106.5,12,0.38461538461538464,0.3076923076923077,16.384615384615383,0,0.0,0,0,62.34146341463415,10944.0,0.9730915071497099,7.5,3,Budget Conscious
1956,Graduation,Divorced,26150.0,2,1,2013-03-11,61,5,1,13,3,5,1,1,1,0,3,7,0,0,0,0,0,0,0,70,2013,3,11,4816,Divorced,3,28,4.666666666666667,7.0,5,0.16666666666666666,0.16666666666666666,4.666666666666667,0,0.0,0,0,1.971830985915493,6537.5,0.1070704753164315,0.5645161290322581,3,Budget Conscious
1975,Basic,Married,30801.0,0,1,2012-10-26,23,8,4,5,15,2,11,2,1,0,3,7,0,0,0,0,0,0,0,51,2012,10,26,4952,Married,1,45,7.5,22.5,6,0.14285714285714285,0.2857142857142857,6.428571428571429,0,0.0,0,0,5.1923076923076925,15400.5,0.14609440945393157,1.75,3,Budget Conscious
1965,Graduation,Married,81168.0,0,0,2014-05-07,84,410,0,592,147,22,22,1,6,4,7,3,0,0,0,1,0,0,0,61,2014,5,7,4394,Married,3,1193,198.83333333333334,1193.0,18,0.3157894736842105,0.05263157894736842,62.78947368421053,1,0.2,1,0,346.35483870967744,81168.0,1.4697729428722788,0.6352941176470588,1,Premium Spenders
1969,Master,Single,26877.0,0,0,2013-08-19,74,101,13,76,20,18,40,2,3,1,6,6,0,0,0,0,0,0,0,57,2013,8,19,4655,Single,4,268,44.666666666666664,268.0,12,0.23076923076923078,0.15384615384615385,20.615384615384617,0,0.0,0,0,55.44827586206897,26877.0,0.9970979983629734,0.96,3,Budget Conscious
1944,Master,Widow,45006.0,0,0,2013-07-18,90,162,25,53,16,0,10,1,3,1,7,3,0,0,0,0,0,0,0,82,2013,7,18,4687,Widowed,4,266,44.333333333333336,266.0,12,0.23076923076923078,0.07692307692307693,20.46153846153846,0,0.0,0,0,38.45783132530121,45006.0,0.591019174795032,0.3956043956043956,0,Middle Class Shoppers
1973,Basic,Married,18978.0,1,0,2012-12-11,41,2,8,1,4,7,15,1,1,0,3,8,0,0,0,0,0,0,0,53,2012,12,11,4906,Married,1,37,6.166666666666667,18.5,5,0.16666666666666666,0.16666666666666666,6.166666666666667,0,0.0,0,0,3.425925925925926,9489.0,0.19495231571737184,0.9523809523809523,3,Budget Conscious
1969,PhD,Single,48240.0,0,0,2012-11-09,73,389,91,248,64,49,41,3,6,3,13,5,0,0,0,0,0,0,1,57,2012,11,9,4938,Single,5,882,147.0,882.0,25,0.23076923076923078,0.11538461538461539,33.92307692307692,0,0.0,0,0,380.17241379310343,48240.0,1.828320308451317,1.6891891891891893,1,Premium Spenders
1974,Graduation,Married,45837.0,1,1,2013-07-26,88,215,13,87,17,17,24,5,6,2,5,7,0,0,0,0,0,0,0,52,2013,7,26,4679,Married,3,373,62.166666666666664,124.33333333333333,18,0.3157894736842105,0.2631578947368421,19.63157894736842,0,0.0,0,0,126.67924528301887,15279.0,0.8137353287665257,1.4157303370786516,0,Middle Class Shoppers
1965,Master,Single,35791.0,2,1,2013-05-06,94,27,0,5,0,0,3,2,1,0,3,8,0,0,0,0,0,0,0,61,2013,5,6,4760,Single,4,35,5.833333333333333,8.75,6,0.14285714285714285,0.2857142857142857,5.0,0,0.0,0,0,3.3870967741935485,8947.75,0.09778721502011624,0.5052631578947369,3,Budget Conscious
1976,PhD,Together,94545.1,1,1,2013-06-03,31,85,1,16,2,1,2,0,0,0,1,1,0,0,0,0,0,0,0,50,2013,6,3,4732,Partnered,5,107,17.833333333333332,35.666666666666664,1,0.0,0.0,53.5,0,0.0,0,0,2.0980392156862746,31515.033333333336,0.11317230430446099,0.03125,0,Middle Class Shoppers
1978,Graduation,Widow,54162.0,1,1,2013-03-18,31,5,6,10,6,5,10,1,1,0,3,4,0,0,0,0,0,0,0,48,2013,3,18,4809,Widowed,3,42,7.0,14.0,5,0.16666666666666666,0.16666666666666666,7.0,0,0.0,0,0,4.285714285714286,18054.0,0.07754371065118254,0.625,0,Middle Class Shoppers
1960,Master,Married,30522.0,0,1,2012-08-17,6,179,8,83,19,11,26,5,1,2,9,2,0,0,0,0,0,0,0,66,2012,8,17,5022,Married,4,326,54.333333333333336,163.0,17,0.05555555555555555,0.2777777777777778,18.11111111111111,0,0.0,0,0,82.71641791044776,15261.0,1.0680470464895324,4.857142857142857,3,Budget Conscious
1961,PhD,Married,54456.0,0,1,2013-07-11,23,352,0,27,10,0,15,3,6,1,7,6,0,0,0,0,0,0,0,65,2013,7,11,4694,Married,5,404,67.33333333333333,202.0,17,0.3333333333333333,0.16666666666666666,22.444444444444443,0,0.0,0,0,104.06060606060606,27228.0,0.7418697320821932,4.25,0,Middle Class Shoppers
1971,Graduation,Single,31632.0,0,0,2013-07-14,92,17,8,12,11,15,32,1,2,1,2,7,0,0,0,0,0,0,0,55,2013,7,14,4691,Single,3,95,15.833333333333334,95.0,6,0.2857142857142857,0.14285714285714285,13.571428571428571,0,0.0,0,0,10.178571428571429,31632.0,0.3003192868207252,0.45161290322580644,3,Budget Conscious
1949,Graduation,Widow,72298.0,0,0,2014-03-10,52,625,35,169,58,17,35,1,4,3,6,1,0,1,1,0,0,0,0,77,2014,3,10,4452,Widowed,3,939,156.5,939.0,14,0.26666666666666666,0.06666666666666667,62.6,2,0.4,1,1,168.53846153846155,72298.0,1.2987731503893551,0.2641509433962264,1,Premium Spenders
1978,2n Cycle,Single,36975.0,1,0,2013-12-28,50,10,6,11,0,4,2,1,1,0,3,7,0,0,0,0,0,0,0,48,2013,12,28,4524,Single,2,33,5.5,16.5,5,0.16666666666666666,0.16666666666666666,5.5,0,0.0,0,0,3.36734693877551,18487.5,0.08924707918649935,0.6862745098039216,3,Budget Conscious
1955,2n Cycle,Married,72635.0,0,0,2013-06-03,54,390,22,323,104,35,107,1,6,8,6,3,0,0,0,1,0,0,0,71,2013,6,3,4732,Married,2,981,163.5,981.0,21,0.2727272727272727,0.045454545454545456,44.59090909090909,1,0.2,1,0,286.125,72635.0,1.3505699653064596,1.1454545454545455,1,Premium Spenders
1976,Graduation,Married,13624.0,1,0,2013-01-20,93,10,2,15,2,1,6,2,2,0,3,6,0,0,0,0,0,0,0,50,2013,1,20,4866,Married,3,36,6.0,18.0,7,0.25,0.25,4.5,0,0.0,0,0,4.9411764705882355,6812.0,0.26422018348623855,0.44680851063829785,3,Budget Conscious
1975,Graduation,Single,84196.0,0,1,2013-06-03,56,215,63,507,231,31,190,1,8,4,7,3,0,0,0,0,0,0,0,51,2013,6,3,4732,Single,3,1237,206.16666666666666,618.5,20,0.38095238095238093,0.047619047619047616,58.904761904761905,0,0.0,0,0,475.7692307692308,42098.0,1.4691734859911874,1.0526315789473684,1,Premium Spenders
1960,Graduation,Together,70971.0,0,1,2012-09-21,28,1001,17,572,93,125,17,7,11,11,5,7,0,0,0,0,0,0,1,66,2012,9,21,4987,Partnered,3,1825,304.1666666666667,912.5,34,0.3142857142857143,0.2,52.142857142857146,0,0.0,0,0,926.1194029850747,35485.5,2.5714366228935357,8.206896551724139,1,Premium Spenders
1977,PhD,Divorced,34487.0,1,1,2012-09-06,94,19,18,33,24,1,8,3,3,0,3,9,0,0,0,0,0,0,0,49,2012,9,6,5002,Divorced,5,103,17.166666666666668,34.333333333333336,9,0.3,0.3,10.3,0,0.0,0,0,18.54,11495.666666666666,0.298654604500116,0.8526315789473684,3,Budget Conscious
1977,Graduation,Single,28769.0,1,0,2012-12-18,76,41,5,129,10,3,3,3,4,1,4,9,0,0,0,0,0,0,0,49,2012,12,18,4899,Single,3,191,31.833333333333332,95.5,12,0.3076923076923077,0.23076923076923078,14.692307692307692,0,0.0,0,0,45.84,14384.5,0.6638859923531457,1.4025974025974026,3,Budget Conscious
1970,PhD,Married,69084.0,1,0,2013-11-19,43,1181,107,199,39,30,30,2,7,3,13,8,0,0,0,0,0,0,0,56,2013,11,19,4563,Married,5,1586,264.3333333333333,793.0,25,0.2692307692307692,0.07692307692307693,61.0,0,0.0,0,0,695.6140350877193,34542.0,2.2957226604907,4.545454545454546,1,Premium Spenders
1958,PhD,Together,65488.0,0,0,2014-06-13,46,603,45,207,36,18,54,1,3,4,6,1,0,0,0,0,0,0,0,68,2014,6,13,4357,Partnered,5,963,160.5,963.0,14,0.2,0.06666666666666667,64.2,0,0.0,0,0,195.3913043478261,65488.0,1.4704759577944388,0.2978723404255319,1,Premium Spenders
1960,2n Cycle,Single,32218.0,0,0,2014-02-15,27,10,24,15,13,1,30,1,2,1,3,7,1,0,0,0,0,0,1,66,2014,2,15,4475,Single,2,93,15.5,93.0,7,0.25,0.125,11.625,1,0.2,1,0,9.716417910447761,32218.0,0.28864955461063346,1.75,3,Budget Conscious
1973,Graduation,Single,83917.0,0,0,2013-04-18,12,514,22,732,42,198,79,1,6,7,7,3,0,0,0,0,0,0,1,53,2013,4,18,4778,Single,3,1587,264.5,1587.0,21,0.2727272727272727,0.045454545454545456,72.13636363636364,0,0.0,0,0,617.1666666666666,83917.0,1.8911318191567958,4.846153846153846,2,Ultra Premium
1962,Graduation,Divorced,46102.0,2,1,2014-03-10,3,14,0,1,0,0,1,1,1,0,2,7,0,0,0,0,0,0,0,64,2014,3,10,4452,Divorced,3,16,2.6666666666666665,4.0,4,0.2,0.2,3.2,0,0.0,0,0,0.9846153846153847,11525.5,0.03470489989805436,7.0,0,Middle Class Shoppers
1952,Graduation,Single,84574.0,0,0,2013-06-04,72,387,20,713,38,54,163,1,9,11,11,5,0,0,0,0,0,0,0,74,2013,6,4,4731,Single,3,1375,229.16666666666666,1375.0,32,0.2727272727272727,0.030303030303030304,41.666666666666664,0,0.0,0,0,586.6666666666666,84574.0,1.6257759385161101,2.191780821917808,2,Ultra Premium
1962,Graduation,Married,56181.0,0,1,2013-01-08,6,121,103,69,8,44,48,1,4,2,7,4,0,0,0,0,0,0,0,64,2013,1,8,4878,Married,3,393,65.5,196.5,14,0.26666666666666666,0.06666666666666667,26.2,0,0.0,0,0,84.64615384615385,28090.5,0.6995122993129472,8.0,0,Middle Class Shoppers
1950,Master,Divorced,63120.0,0,1,2012-09-28,53,965,69,279,54,41,69,5,8,4,9,7,0,0,0,0,0,0,1,76,2012,9,28,4980,Divorced,4,1477,246.16666666666666,738.5,26,0.2962962962962963,0.18518518518518517,54.7037037037037,0,0.0,0,0,498.72727272727275,31560.0,2.339950254273538,3.3703703703703702,1,Premium Spenders
1971,Graduation,Married,73691.0,0,1,2013-11-06,58,707,21,250,85,43,73,2,6,2,8,2,1,0,0,0,0,0,0,55,2013,11,6,4576,Married,3,1179,196.5,589.5,18,0.3157894736842105,0.10526315789473684,62.05263157894737,1,0.2,1,0,378.9642857142857,36845.5,1.5999022960429896,0.6101694915254238,1,Premium Spenders
1948,PhD,Together,76140.0,0,0,2014-05-13,57,586,66,653,17,0,26,1,5,9,6,2,0,0,0,0,0,0,0,78,2014,5,13,4388,Partnered,5,1348,224.66666666666666,1348.0,21,0.22727272727272727,0.045454545454545456,61.27272727272727,0,0.0,0,0,358.32911392405066,76140.0,1.7703996532748452,0.7241379310344828,2,Ultra Premium
1959,PhD,Divorced,62859.0,0,1,2012-12-30,37,1063,89,102,16,12,25,4,9,4,6,6,0,0,0,0,0,0,0,67,2012,12,30,4887,Divorced,5,1307,217.83333333333334,653.5,23,0.375,0.16666666666666666,54.458333333333336,0,0.0,0,0,442.0735294117647,31429.5,2.0792236716512886,3.6315789473684212,1,Premium Spenders
1964,Graduation,Single,45906.0,0,1,2013-05-07,20,305,3,27,4,3,144,2,5,4,4,5,1,0,0,0,0,0,0,62,2013,5,7,4759,Single,3,486,81.0,243.0,15,0.3125,0.125,30.375,1,0.2,1,0,115.71428571428571,22953.0,1.0586620776787854,3.5714285714285716,0,Middle Class Shoppers
1947,Master,Together,77632.0,0,0,2013-03-10,73,1200,105,758,0,42,147,1,4,2,6,2,0,1,1,0,0,0,1,79,2013,3,10,4817,Partnered,4,2252,375.3333333333333,2252.0,13,0.2857142857142857,0.07142857142857142,160.85714285714286,2,0.4,1,1,365.95,77632.0,2.900828256025144,0.35135135135135137,2,Ultra Premium
1971,PhD,Married,46463.0,1,1,2013-08-18,56,163,2,40,8,11,11,7,3,1,6,6,0,0,0,0,0,0,0,55,2013,8,18,4656,Married,5,235,39.166666666666664,78.33333333333333,17,0.16666666666666666,0.3888888888888889,13.055555555555555,0,0.0,0,0,71.33928571428571,15487.666666666666,0.5057679063360881,1.7894736842105263,0,Middle Class Shoppers
1970,Graduation,Together,94545.1,0,0,2013-01-21,36,1009,181,104,202,21,207,0,9,8,13,3,0,0,1,1,0,0,1,56,2013,1,21,4865,Partnered,3,1724,287.3333333333333,1724.0,30,0.2903225806451613,0.0,55.61290322580645,2,0.4,1,1,907.3684210526316,94545.1,1.8234490899148668,2.4324324324324325,2,Ultra Premium
1970,Master,Divorced,55282.0,1,0,2013-12-13,9,125,6,73,8,4,19,1,3,1,6,4,0,0,0,0,0,0,0,56,2013,12,13,4539,Divorced,4,235,39.166666666666664,117.5,11,0.25,0.08333333333333333,19.583333333333332,0,0.0,0,0,45.35087719298246,27641.0,0.42508546931244684,4.4,0,Middle Class Shoppers
1977,Master,Married,78710.0,0,1,2014-05-23,42,721,0,152,119,50,50,3,7,6,12,4,0,0,0,0,0,0,0,49,2014,5,23,4378,Married,4,1092,182.0,546.0,28,0.2413793103448276,0.10344827586206896,37.6551724137931,0,0.0,0,0,611.52,39355.0,1.387353737088844,2.604651162790698,1,Premium Spenders
1958,Graduation,Together,66886.0,0,1,2013-09-16,28,315,4,62,41,31,146,2,7,1,7,5,0,0,0,0,0,0,0,68,2013,9,16,4627,Partnered,3,599,99.83333333333333,299.5,17,0.3888888888888889,0.1111111111111111,33.27777777777778,0,0.0,0,0,147.57971014492753,33443.0,0.8955402395084247,2.9310344827586206,0,Middle Class Shoppers
1960,Master,Single,94545.1,0,0,2014-02-17,23,1000,19,711,125,115,38,0,4,6,9,1,0,1,0,0,0,0,0,66,2014,2,17,4473,Single,4,2008,334.6666666666667,2008.0,19,0.2,0.0,100.4,1,0.2,1,0,569.4328358208955,94545.1,2.1238316546108194,0.7916666666666666,2,Ultra Premium
1985,Graduation,Together,29103.0,1,0,2012-08-27,38,16,0,17,6,3,6,2,1,0,3,9,0,0,0,0,0,0,0,41,2012,8,27,5012,Partnered,3,48,8.0,24.0,6,0.14285714285714285,0.2857142857142857,6.857142857142857,0,0.0,0,0,6.857142857142857,14551.5,0.16492578339747113,1.3846153846153846,3,Budget Conscious
1974,Graduation,Married,67445.0,0,1,2012-08-12,63,757,80,217,29,80,11,5,9,6,12,6,0,0,0,0,0,0,0,52,2012,8,12,5027,Married,3,1174,195.66666666666666,587.0,32,0.2727272727272727,0.15151515151515152,35.57575757575758,0,0.0,0,0,708.8301886792453,33722.5,1.7406517806838062,3.0,1,Premium Spenders
1950,PhD,Together,50616.0,0,1,2014-04-13,71,30,2,25,0,1,9,1,1,1,4,2,0,0,0,0,0,0,0,76,2014,4,13,4418,Partnered,5,67,11.166666666666666,33.5,7,0.125,0.125,8.375,0,0.0,0,0,6.090909090909091,25308.0,0.13236659620285673,0.19444444444444445,0,Middle Class Shoppers
1955,Graduation,Divorced,49431.0,0,1,2012-08-03,9,219,3,100,26,0,17,2,7,1,5,8,0,0,0,0,0,0,0,71,2012,8,3,5036,Divorced,3,365,60.833333333333336,182.5,15,0.4375,0.125,22.8125,0,0.0,0,0,76.04166666666667,24715.5,0.7383880886874898,12.0,0,Middle Class Shoppers
1975,Graduation,Divorced,94545.1,0,0,2014-02-07,81,1,1,1,1,1,1,0,0,0,0,0,0,0,0,0,0,0,0,51,2014,2,7,4483,Divorced,3,6,1.0,6.0,0,0.0,0.0,6.0,0,0.0,0,0,0.0,94545.1,0.006346110521745477,0.0,0,Middle Class Shoppers
1953,Graduation,Together,61278.0,0,1,2014-01-04,87,111,3,28,2,6,15,2,3,1,4,6,0,0,0,0,0,0,0,73,2014,1,4,4517,Partnered,3,165,27.5,82.5,10,0.2727272727272727,0.18181818181818182,15.0,0,0.0,0,0,22.2972972972973,30639.0,0.2692602686075164,0.6818181818181818,0,Middle Class Shoppers
1947,PhD,Together,73059.0,0,1,2013-08-31,36,410,112,420,0,82,71,1,9,3,13,4,0,0,0,0,0,0,0,79,2013,8,31,4643,Partnered,5,1095,182.5,547.5,26,0.3333333333333333,0.037037037037037035,40.55555555555556,0,0.0,0,0,355.875,36529.5,1.4987681357788118,2.810810810810811,1,Premium Spenders
1966,PhD,Single,46734.0,1,2,2013-10-21,86,100,1,39,6,1,76,4,3,2,3,6,1,0,0,0,0,0,0,60,2013,10,21,4592,Single,5,223,37.166666666666664,55.75,12,0.23076923076923078,0.3076923076923077,17.153846153846153,1,0.2,1,0,43.868852459016395,11683.5,0.4771584465603937,0.8275862068965517,0,Middle Class Shoppers
1963,Graduation,Together,56253.0,0,1,2012-12-07,83,509,0,65,7,11,5,4,7,2,9,6,0,0,0,0,0,0,0,63,2012,12,7,4910,Partnered,3,597,99.5,298.5,22,0.30434782608695654,0.17391304347826086,25.956521739130434,0,0.0,0,0,205.21875,28126.5,1.061257866107299,1.5714285714285714,0,Middle Class Shoppers
1975,Graduation,Widow,58330.0,0,1,2013-12-25,87,445,53,213,104,98,151,1,6,4,13,4,0,0,0,0,0,0,0,51,2013,12,25,4527,Widowed,3,1064,177.33333333333334,532.0,24,0.24,0.04,42.56,0,0.0,0,0,491.0769230769231,29165.0,1.8240729629185166,1.0909090909090908,1,Premium Spenders
1980,Basic,Married,25965.0,0,0,2012-09-07,29,2,2,11,41,7,11,1,2,0,3,8,0,0,0,0,0,0,0,46,2012,9,7,5001,Married,1,74,12.333333333333334,74.0,6,0.2857142857142857,0.14285714285714285,10.571428571428571,0,0.0,0,0,9.446808510638299,25965.0,0.28498806131094506,1.6,3,Budget Conscious
1956,Master,Together,14661.0,0,0,2013-01-01,88,4,1,11,6,2,2,1,1,0,3,6,0,0,0,0,0,0,0,70,2013,1,1,4885,Partnered,4,26,4.333333333333333,26.0,5,0.16666666666666666,0.16666666666666666,4.333333333333333,0,0.0,0,0,1.8309859154929577,14661.0,0.1773291501841495,0.33707865168539325,3,Budget Conscious
1959,Graduation,Married,18690.0,0,0,2012-12-28,77,6,1,7,23,4,19,1,1,1,2,8,0,0,0,0,0,0,0,67,2012,12,28,4889,Married,3,60,10.0,60.0,5,0.16666666666666666,0.16666666666666666,10.0,0,0.0,0,0,4.411764705882353,18690.0,0.3210101118185223,0.5128205128205128,3,Budget Conscious
1974,PhD,Together,45068.0,0,1,2013-05-16,25,14,0,3,0,0,3,1,1,0,2,7,0,0,0,0,0,0,0,52,2013,5,16,4750,Partnered,5,20,3.3333333333333335,10.0,4,0.2,0.2,4.0,0,0.0,0,0,1.509433962264151,22534.0,0.044376400630144884,1.0769230769230769,3,Budget Conscious
1987,Basic,Single,21063.0,1,0,2013-09-25,34,1,10,11,19,3,15,2,2,0,3,6,0,0,0,0,0,0,0,39,2013,9,25,4618,Single,1,59,9.833333333333334,29.5,7,0.25,0.25,7.375,0,0.0,0,0,10.325,10531.5,0.2800987466767946,1.2,3,Budget Conscious
1968,PhD,Married,29187.0,1,0,2013-05-09,43,26,0,6,0,0,2,1,1,0,3,8,0,0,0,0,0,0,0,58,2013,5,9,4757,Married,5,34,5.666666666666667,17.0,5,0.16666666666666666,0.16666666666666666,5.666666666666667,0,0.0,0,0,2.8813559322033897,14593.5,0.11648622721666438,0.9090909090909091,3,Budget Conscious
1971,2n Cycle,Married,54690.0,1,1,2013-11-07,76,111,16,37,7,9,18,3,3,1,5,3,0,0,0,0,0,0,0,55,2013,11,7,4575,Married,2,198,33.0,66.0,12,0.23076923076923078,0.23076923076923078,15.23076923076923,0,0.0,0,0,42.42857142857143,18230.0,0.36203397268289117,0.4675324675324675,0,Middle Class Shoppers
1964,PhD,Married,59304.0,0,1,2013-07-29,81,418,61,428,80,51,10,3,7,8,10,5,0,0,0,0,0,0,0,62,2013,7,29,4676,Married,5,1048,174.66666666666666,524.0,28,0.2413793103448276,0.10344827586206896,36.13793103448276,0,0.0,0,0,465.77777777777777,29652.0,1.7671359919062473,1.7073170731707317,1,Premium Spenders
1962,Master,Single,59247.0,0,2,2013-11-08,87,327,9,122,19,14,83,5,5,2,9,6,0,0,0,0,0,0,0,64,2013,11,8,4574,Single,4,574,95.66666666666667,191.33333333333334,21,0.22727272727272727,0.22727272727272727,26.09090909090909,0,0.0,0,0,185.44615384615383,19749.0,0.9688090737240076,1.4318181818181819,0,Middle Class Shoppers
1970,Graduation,Widow,66731.0,0,1,2012-09-12,33,371,159,194,58,106,141,4,4,3,6,3,0,0,0,0,0,0,0,56,2012,9,12,4996,Widowed,3,1029,171.5,514.5,17,0.2222222222222222,0.2222222222222222,57.166666666666664,0,0.0,0,0,306.89473684210526,33365.5,1.5419888509260924,1.5,1,Premium Spenders
1980,Graduation,Married,77353.0,0,1,2013-12-16,38,275,59,107,69,101,59,2,6,4,8,4,0,0,0,0,0,0,0,46,2013,12,16,4536,Married,3,670,111.66666666666667,335.0,20,0.2857142857142857,0.09523809523809523,31.904761904761905,0,0.0,0,0,285.1063829787234,38676.5,0.8661478398014323,2.051282051282051,1,Premium Spenders
1974,Graduation,Married,26751.0,2,0,2014-05-22,26,1,1,5,0,3,1,1,1,0,2,8,0,0,0,0,0,0,0,52,2014,5,22,4379,Married,3,11,1.8333333333333333,3.6666666666666665,4,0.2,0.2,2.2,0,0.0,0,0,0.8301886792452831,8917.0,0.041118421052631575,1.1851851851851851,3,Budget Conscious
1963,PhD,Married,81300.0,0,1,2012-10-30,17,1004,12,145,32,12,36,3,10,3,5,5,0,0,0,1,0,0,1,63,2012,10,30,4948,Married,5,1241,206.83333333333334,620.5,21,0.45454545454545453,0.13636363636363635,56.40909090909091,1,0.2,1,0,407.203125,40650.0,1.5264264892190749,5.833333333333333,1,Premium Spenders
1979,Graduation,Single,70337.0,0,0,2014-01-02,75,187,81,149,25,43,91,1,2,2,12,1,0,0,0,0,0,0,0,47,2014,1,2,4519,Single,3,576,96.0,576.0,17,0.1111111111111111,0.05555555555555555,32.0,0,0.0,0,0,204.0,70337.0,0.8189030111746141,0.2236842105263158,1,Premium Spenders
1985,2n Cycle,Married,36145.0,1,0,2013-06-16,13,56,4,76,17,1,18,4,4,1,3,9,1,0,0,0,0,0,1,41,2013,6,16,4719,Married,2,172,28.666666666666668,86.0,12,0.3076923076923077,0.3076923076923077,13.23076923076923,1,0.2,1,0,49.142857142857146,18072.5,0.47584794998063407,7.714285714285714,3,Budget Conscious
1980,PhD,Single,65295.0,0,0,2013-12-23,19,365,32,117,34,110,6,1,3,3,13,2,0,0,0,0,0,0,0,46,2013,12,23,4529,Single,5,664,110.66666666666667,664.0,20,0.14285714285714285,0.047619047619047616,31.61904761904762,0,0.0,0,0,282.5531914893617,65295.0,1.0169076206812055,2.0,1,Premium Spenders
1963,Graduation,Divorced,68118.0,0,1,2013-10-18,51,595,23,123,10,23,154,2,8,9,4,6,0,0,0,0,0,0,0,63,2013,10,18,4595,Divorced,3,928,154.66666666666666,464.0,23,0.3333333333333333,0.08333333333333333,38.666666666666664,0,0.0,0,0,333.5,34059.0,1.3623218191693947,2.6538461538461537,1,Premium Spenders
1967,Graduation,Divorced,68743.0,0,0,2012-08-30,81,1132,134,384,175,134,115,1,11,5,13,7,0,0,0,0,0,0,0,59,2012,8,30,5009,Divorced,3,2074,345.6666666666667,2074.0,30,0.3548387096774194,0.03225806451612903,66.90322580645162,0,0.0,0,0,1037.0,68743.0,3.0169905737227976,2.5609756097560976,2,Ultra Premium
1982,2n Cycle,Together,41039.0,0,0,2013-07-25,32,34,11,137,179,61,45,1,8,1,5,8,0,0,0,0,0,0,0,44,2013,7,25,4680,Partnered,2,467,77.83333333333333,467.0,15,0.5,0.0625,29.1875,0,0.0,0,0,155.66666666666666,41039.0,1.137914230019493,3.6363636363636362,0,Middle Class Shoppers
1955,Graduation,Together,38946.0,0,1,2013-10-24,84,116,6,82,6,6,41,2,3,1,6,5,0,0,0,0,0,0,0,71,2013,10,24,4589,Partnered,3,257,42.833333333333336,128.5,12,0.23076923076923078,0.15384615384615385,19.76923076923077,0,0.0,0,0,42.833333333333336,19473.0,0.659871106888849,0.7058823529411765,3,Budget Conscious
1967,Graduation,Together,65777.0,0,0,2013-12-19,87,565,32,435,28,32,54,1,2,8,6,1,0,0,0,0,0,0,0,59,2013,12,19,4533,Partnered,3,1146,191.0,1146.0,17,0.1111111111111111,0.05555555555555555,63.666666666666664,0,0.0,0,0,324.7,65777.0,1.7422238438383655,0.19318181818181818,1,Premium Spenders
1976,PhD,Divorced,66476.0,0,1,2013-03-07,99,372,18,126,47,48,78,2,5,2,11,4,0,0,0,0,0,0,0,50,2013,3,7,4820,Divorced,5,689,114.83333333333333,344.5,20,0.23809523809523808,0.09523809523809523,32.80952380952381,0,0.0,0,0,270.19607843137254,33238.0,1.036448696541661,0.8,0,Middle Class Shoppers
1972,PhD,Single,86857.0,0,0,2012-09-12,96,899,102,838,133,102,40,1,5,6,10,2,0,0,0,0,0,0,1,54,2012,9,12,4996,Single,5,2114,352.3333333333333,2114.0,22,0.21739130434782608,0.043478260869565216,91.91304347826087,0,0.0,0,0,845.6,86857.0,2.433857560616178,0.4536082474226804,2,Ultra Premium
1982,PhD,Married,94545.1,0,0,2012-08-04,21,55,16,1622,17,3,4,15,0,28,1,0,0,0,0,0,0,0,0,44,2012,8,4,5035,Married,5,1717,286.1666666666667,1717.0,44,0.0,0.3333333333333333,38.15555555555556,0,0.0,0,0,1678.8444444444444,94545.1,1.8160452943061636,0.0,2,Ultra Premium
1989,PhD,Together,77845.0,0,0,2014-05-16,40,760,40,480,0,40,26,1,3,5,12,1,0,0,1,1,0,0,0,37,2014,5,16,4385,Partnered,5,1346,224.33333333333334,1346.0,21,0.13636363636363635,0.045454545454545456,61.18181818181818,2,0.4,1,1,743.8421052631579,77845.0,1.7290548005035582,0.5121951219512195,2,Ultra Premium
1969,PhD,Together,69476.0,0,0,2013-09-30,3,260,86,559,63,9,67,1,4,6,4,2,0,0,0,0,0,0,0,57,2013,9,30,4613,Partnered,5,1044,174.0,1044.0,15,0.25,0.0625,65.25,0,0.0,0,0,270.0,69476.0,1.5026555550757805,7.5,1,Premium Spenders
1960,PhD,Divorced,50611.0,0,1,2012-10-04,98,459,0,24,6,0,4,6,4,5,7,6,0,1,0,0,0,0,1,66,2012,10,4,4974,Divorced,5,493,82.16666666666667,246.5,22,0.17391304347826086,0.2608695652173913,21.434782608695652,1,0.2,1,0,161.88059701492537,25305.5,0.97407729392239,1.3333333333333333,0,Middle Class Shoppers
1970,Graduation,Single,61209.0,0,0,2013-08-25,73,466,0,224,119,49,99,1,5,3,4,2,0,0,0,0,0,0,0,56,2013,8,25,4649,Single,3,957,159.5,957.0,13,0.35714285714285715,0.07142857142857142,68.35714285714286,0,0.0,0,0,218.26315789473685,61209.0,1.5634700212383599,0.35135135135135137,1,Premium Spenders
1958,Master,Together,42315.0,0,1,2013-07-12,90,67,15,80,17,11,80,3,1,4,4,3,0,0,0,0,0,0,0,68,2013,7,12,4693,Partnered,4,270,45.0,135.0,12,0.07692307692307693,0.23076923076923078,20.76923076923077,0,0.0,0,0,46.95652173913044,21157.5,0.6380565270819548,0.3956043956043956,0,Middle Class Shoppers
1952,Basic,Together,13084.0,0,0,2013-11-02,29,2,0,7,3,7,10,1,1,0,3,6,0,0,0,0,0,0,0,74,2013,11,2,4580,Partnered,1,29,4.833333333333333,29.0,5,0.16666666666666666,0.16666666666666666,4.833333333333333,0,0.0,0,0,1.9333333333333333,13084.0,0.2216278181123424,1.0,3,Budget Conscious
1949,Master,Widow,47570.0,1,1,2013-05-29,3,67,1,20,0,2,31,3,2,2,2,7,0,0,0,0,0,0,1,77,2013,5,29,4737,Widowed,4,121,20.166666666666668,40.333333333333336,9,0.2,0.3,12.1,0,0.0,0,0,13.961538461538462,15856.666666666666,0.25435664585566836,15.75,0,Middle Class Shoppers
1961,Master,Married,61923.0,0,2,2013-07-26,94,92,4,18,3,3,6,1,2,1,4,3,0,0,0,0,0,0,0,65,2013,7,26,4679,Married,4,126,21.0,42.0,8,0.2222222222222222,0.1111111111111111,14.0,0,0.0,0,0,15.272727272727273,20641.0,0.20347522769846907,0.25263157894736843,0,Middle Class Shoppers
1995,Graduation,Single,34824.0,0,0,2014-03-26,65,4,2,11,2,0,4,1,1,0,2,6,0,0,0,0,0,0,0,31,2014,3,26,4436,Single,3,23,3.8333333333333335,23.0,4,0.2,0.2,4.6,0,0.0,0,0,2.875,34824.0,0.06604450825556353,0.36363636363636365,3,Budget Conscious
1949,PhD,Single,26518.0,1,1,2013-04-08,33,20,1,28,3,3,2,3,2,0,3,8,0,0,0,0,0,0,1,77,2013,4,8,4788,Single,5,57,9.5,19.0,8,0.2222222222222222,0.3333333333333333,6.333333333333333,0,0.0,0,0,5.846153846153846,8839.333333333334,0.21494023153210903,1.8823529411764706,3,Budget Conscious
1961,Graduation,Single,45938.0,0,0,2013-11-03,46,273,11,178,62,83,29,2,8,4,6,6,0,0,0,0,0,0,0,65,2013,11,3,4579,Single,3,636,106.0,636.0,20,0.38095238095238093,0.09523809523809523,30.285714285714285,0,0.0,0,0,192.72727272727272,45938.0,1.3844445895644224,2.5531914893617023,0,Middle Class Shoppers
1960,Graduation,Together,78468.0,0,0,2014-04-09,29,434,22,388,104,22,34,1,10,7,10,4,0,0,0,1,0,0,0,66,2014,4,9,4422,Partnered,3,1004,167.33333333333334,1004.0,28,0.3448275862068966,0.034482758620689655,34.62068965517241,1,0.2,1,0,419.5820895522388,78468.0,1.2794861665116162,3.7333333333333334,1,Premium Spenders
1973,Graduation,Divorced,78901.0,0,1,2013-09-17,99,321,11,309,33,26,34,3,9,3,5,4,0,0,0,0,0,0,0,53,2013,9,17,4626,Divorced,3,734,122.33333333333333,367.0,20,0.42857142857142855,0.14285714285714285,34.95238095238095,0,0.0,0,0,271.85185185185185,39450.5,0.930267927302223,0.8,1,Premium Spenders
1978,Graduation,Married,71427.0,2,0,2014-03-12,26,212,123,177,15,64,23,2,8,2,8,4,0,0,0,0,0,0,0,48,2014,3,12,4450,Married,3,614,102.33333333333333,204.66666666666666,20,0.38095238095238093,0.09523809523809523,29.238095238095237,0,0.0,0,0,250.6122448979592,23809.0,0.8596068768550149,2.962962962962963,0,Middle Class Shoppers
1978,Graduation,Divorced,71022.0,0,1,2014-02-11,30,909,12,278,0,12,242,3,5,2,11,8,1,0,0,0,0,0,0,48,2014,2,11,4479,Divorced,3,1453,242.16666666666666,726.5,21,0.22727272727272727,0.13636363636363635,66.04545454545455,1,0.2,1,0,622.7142857142857,35511.0,2.0458161440660065,5.419354838709677,1,Premium Spenders
1988,Master,Single,90247.0,0,0,2014-04-29,27,1184,32,352,21,16,16,1,3,4,7,1,0,1,1,1,0,0,1,38,2014,4,29,4402,Single,4,1621,270.1666666666667,1621.0,15,0.1875,0.0625,101.3125,3,0.6,1,1,623.4615384615385,90247.0,1.7961616877936353,0.5357142857142857,2,Ultra Premium
1968,Master,Divorced,41335.0,1,0,2013-12-26,24,112,19,21,16,14,5,3,4,1,4,7,0,0,0,0,0,0,0,58,2013,12,26,4526,Divorced,4,187,31.166666666666668,93.5,12,0.3076923076923077,0.23076923076923078,14.384615384615385,0,0.0,0,0,38.03389830508475,20667.5,0.4523901683762338,3.36,3,Budget Conscious
1970,PhD,Divorced,35682.0,1,0,2014-06-27,34,23,0,8,6,2,18,1,1,1,3,2,0,0,0,0,0,0,0,56,2014,6,27,4343,Divorced,5,57,9.5,28.5,6,0.14285714285714285,0.14285714285714285,8.142857142857142,0,0.0,0,0,6.0,17841.0,0.1597399321805902,0.34285714285714286,3,Budget Conscious
1951,Graduation,Divorced,43185.0,0,1,2013-04-10,88,537,6,42,16,6,30,2,9,3,6,8,0,0,0,0,0,0,0,75,2013,4,10,4786,Divorced,3,637,106.16666666666667,318.5,20,0.42857142857142855,0.09523809523809523,30.333333333333332,0,0.0,0,0,167.6315789473684,21592.5,1.4750150511739917,1.797752808988764,0,Middle Class Shoppers
1948,PhD,Together,66375.0,0,1,2013-11-21,96,712,0,45,0,0,191,3,2,4,5,7,1,0,0,0,0,0,0,78,2013,11,21,4561,Partnered,5,948,158.0,474.0,14,0.13333333333333333,0.2,63.2,1,0.2,1,0,168.0,33187.5,1.4282270700253104,1.0103092783505154,1,Premium Spenders
1986,Graduation,Married,25252.0,1,0,2013-07-12,26,1,3,4,2,2,6,1,1,0,2,8,0,0,0,0,0,0,0,40,2013,7,12,4693,Married,3,18,3.0,9.0,4,0.2,0.2,3.6,0,0.0,0,0,1.7560975609756098,12626.0,0.07127865996119273,1.1851851851851851,3,Budget Conscious
1965,Master,Single,55250.0,0,1,2012-10-21,49,664,58,83,32,0,66,4,7,5,10,5,0,0,0,0,0,0,0,61,2012,10,21,4957,Single,4,903,150.5,451.5,26,0.25925925925925924,0.14814814814814814,33.44444444444444,0,0.0,0,0,378.6774193548387,27625.0,1.6343595591030027,2.6,1,Premium Spenders
1975,Graduation,Single,33249.0,1,0,2013-02-20,11,6,10,21,19,14,42,2,2,1,3,6,0,0,0,0,0,0,0,51,2013,2,20,4835,Single,3,112,18.666666666666668,56.0,8,0.2222222222222222,0.2222222222222222,12.444444444444445,0,0.0,0,0,17.23076923076923,16624.5,0.3368421052631579,4.0,3,Budget Conscious
1953,Graduation,Together,58398.0,0,0,2013-05-14,44,299,5,201,21,21,49,3,5,4,8,4,0,0,0,0,0,0,0,73,2013,5,14,4752,Partnered,3,596,99.33333333333333,596.0,20,0.23809523809523808,0.14285714285714285,28.38095238095238,0,0.0,0,0,161.0810810810811,58398.0,1.0205654206407644,1.7777777777777777,0,Middle Class Shoppers
1982,Graduation,Together,50272.0,1,0,2013-08-07,75,99,13,66,43,8,4,3,4,1,5,7,0,0,0,0,0,0,0,44,2013,8,7,4667,Partnered,3,233,38.833333333333336,116.5,13,0.2857142857142857,0.21428571428571427,16.642857142857142,0,0.0,0,0,67.31111111111112,25136.0,0.46346945676605733,1.1973684210526316,0,Middle Class Shoppers
1975,PhD,Married,76618.0,0,0,2012-12-07,64,749,40,294,121,160,147,1,3,2,5,1,0,0,0,0,0,0,0,51,2012,12,7,4910,Married,5,1511,251.83333333333334,1511.0,11,0.25,0.08333333333333333,125.91666666666667,0,0.0,0,0,319.63461538461536,76618.0,1.9720956942794867,0.16923076923076924,2,Ultra Premium
1960,2n Cycle,Divorced,87305.0,0,0,2012-09-23,19,345,25,501,63,138,80,1,5,3,8,2,0,0,1,0,0,0,1,66,2012,9,23,4985,Divorced,2,1152,192.0,1152.0,17,0.2777777777777778,0.05555555555555555,64.0,1,0.2,1,0,292.2985074626866,87305.0,1.3194969417909421,1.7,1,Premium Spenders
1978,Graduation,Together,25851.0,1,0,2013-02-11,45,9,4,18,7,5,5,2,2,0,3,7,0,0,0,0,0,0,0,48,2013,2,11,4844,Partnered,3,48,8.0,24.0,7,0.25,0.25,6.0,0,0.0,0,0,6.857142857142857,12925.5,0.18567228841095468,1.065217391304348,3,Budget Conscious
1970,Graduation,Divorced,58710.0,0,1,2013-03-31,77,440,81,368,0,122,174,6,11,5,9,6,0,0,0,0,0,0,0,56,2013,3,31,4796,Divorced,3,1185,197.5,592.5,31,0.34375,0.1875,37.03125,0,0.0,0,0,644.4736842105264,29355.0,2.018361124831803,2.3846153846153846,1,Premium Spenders
1958,Graduation,Single,45160.0,1,1,2014-03-29,9,8,2,5,3,0,3,1,1,0,2,7,0,0,0,0,0,0,0,68,2014,3,29,4433,Single,3,21,3.5,7.0,4,0.2,0.2,4.2,0,0.0,0,0,1.2173913043478262,15053.333333333334,0.04650029893049312,2.8,3,Budget Conscious
1965,Master,Married,74806.0,0,1,2012-12-19,1,670,9,249,0,28,9,2,5,4,5,4,0,0,0,0,0,0,0,61,2012,12,19,4898,Married,4,965,160.83333333333334,482.5,16,0.29411764705882354,0.11764705882352941,56.76470588235294,0,0.0,0,0,249.03225806451613,37403.0,1.289986231235045,32.0,1,Premium Spenders
1954,Graduation,Married,59111.0,0,0,2013-05-02,90,524,0,134,28,28,155,1,11,1,8,7,0,0,0,0,0,0,0,72,2013,5,2,4764,Married,3,869,144.83333333333334,869.0,21,0.5,0.045454545454545456,39.5,0,0.0,0,0,249.986301369863,59111.0,1.4700906753281906,1.6153846153846154,1,Premium Spenders
1984,PhD,Married,18988.0,1,0,2014-05-23,43,6,0,6,2,1,1,2,1,0,3,7,0,0,0,0,0,0,0,42,2014,5,23,4378,Married,5,16,2.6666666666666665,8.0,6,0.14285714285714285,0.2857142857142857,2.2857142857142856,0,0.0,0,0,2.2325581395348837,9494.0,0.08425930802043288,0.9545454545454546,3,Budget Conscious
1965,Graduation,Married,72190.0,0,0,2013-02-13,79,597,166,597,172,166,249,1,5,6,4,3,0,0,0,0,0,0,0,61,2013,2,13,4842,Married,3,1947,324.5,1947.0,16,0.29411764705882354,0.058823529411764705,114.52941176470588,0,0.0,0,0,502.4516129032258,72190.0,2.69701209292017,0.6,2,Ultra Premium
1976,Graduation,Married,7500.0,1,0,2012-08-01,19,7,0,12,13,7,32,5,4,1,2,9,1,0,0,0,0,0,1,50,2012,8,1,5038,Married,3,71,11.833333333333334,35.5,12,0.3076923076923077,0.38461538461538464,5.461538461538462,1,0.2,1,0,16.705882352941178,3750.0,0.9465404612718306,5.4,3,Budget Conscious
1955,Graduation,Married,80395.0,0,0,2013-11-23,62,445,25,706,80,76,48,1,6,5,12,2,0,0,0,1,0,0,0,71,2013,11,23,4559,Married,3,1380,230.0,1380.0,24,0.24,0.04,55.2,1,0.2,1,0,460.0,80395.0,1.7165033086223196,0.7619047619047619,2,Ultra Premium
1976,Master,Divorced,75012.0,0,0,2014-01-25,41,294,142,218,164,58,151,1,3,8,11,1,0,0,0,0,0,0,0,50,2014,1,25,4496,Divorced,4,1027,171.16666666666666,1027.0,23,0.125,0.041666666666666664,42.791666666666664,0,0.0,0,0,463.15686274509807,75012.0,1.3690960233559515,0.5476190476190477,1,Premium Spenders
1965,Master,Married,56962.0,2,1,2013-10-11,60,292,3,77,10,3,26,7,6,3,5,7,0,0,0,0,0,0,0,61,2013,10,11,4602,Married,4,411,68.5,102.75,21,0.2727272727272727,0.3181818181818182,18.681818181818183,0,0.0,0,0,139.20967741935485,14240.5,0.7215209873075505,2.4098360655737703,0,Middle Class Shoppers
1991,Graduation,Together,89891.0,0,0,2013-04-15,17,412,22,132,59,28,183,1,11,6,8,4,0,0,1,0,0,0,0,35,2013,4,15,4781,Partnered,3,836,139.33333333333334,836.0,26,0.4074074074074074,0.037037037037037035,30.962962962962962,1,0.2,1,0,603.7777777777778,89891.0,0.9300048947626041,5.777777777777778,1,Premium Spenders
1949,PhD,Divorced,35946.0,1,1,2013-09-27,24,8,0,3,0,0,0,1,0,0,3,5,0,0,0,0,0,0,0,77,2013,9,27,4616,Divorced,5,11,1.8333333333333333,3.6666666666666665,4,0.0,0.2,2.2,0,0.0,0,0,0.5641025641025641,11982.0,0.03060060644838234,0.8,3,Budget Conscious
1953,PhD,Together,53593.0,1,1,2012-08-07,60,349,4,78,6,0,43,8,7,2,6,8,0,0,0,0,0,0,0,73,2012,8,7,5032,Partnered,5,480,80.0,160.0,23,0.2916666666666667,0.3333333333333333,20.0,0,0.0,0,0,149.1891891891892,17864.333333333332,0.8956226443258574,3.0163934426229506,0,Middle Class Shoppers
1948,PhD,Divorced,45072.0,1,2,2013-10-16,74,144,2,99,7,2,30,5,6,1,4,8,0,0,0,0,0,0,0,78,2013,10,16,4597,Divorced,5,284,47.333333333333336,71.0,16,0.35294117647058826,0.29411764705882354,16.705882352941178,0,0.0,0,0,57.51898734177215,11268.0,0.6300889667872118,1.7066666666666668,0,Middle Class Shoppers
1973,Graduation,Divorced,89694.0,1,1,2013-10-09,22,1126,28,211,37,28,42,3,4,3,4,5,0,1,1,1,0,0,0,53,2013,10,9,4604,Divorced,3,1472,245.33333333333334,490.6666666666667,14,0.26666666666666666,0.2,98.13333333333334,3,0.6,1,1,381.6296296296296,29898.0,1.6411171191259268,3.0434782608695654,1,Premium Spenders
1949,Graduation,Married,72025.0,0,0,2014-04-29,46,967,0,617,43,50,0,1,4,8,13,2,0,1,1,1,0,0,1,77,2014,4,29,4402,Married,3,1677,279.5,1677.0,26,0.14814814814814814,0.037037037037037035,62.111111111111114,3,0.6,1,1,559.0,72025.0,2.3283258823202733,1.1063829787234043,2,Ultra Premium
1973,Graduation,Married,67432.0,0,1,2013-03-29,69,432,79,341,177,136,170,2,8,5,4,4,0,0,0,0,0,0,0,53,2013,3,29,4798,Married,3,1335,222.5,667.5,19,0.4,0.1,66.75,0,0.0,0,0,469.72222222222223,33716.0,1.9797428558717542,1.0857142857142856,1,Premium Spenders
1952,Master,Together,70545.0,0,1,2014-06-03,29,138,39,63,55,18,21,1,4,1,7,2,0,0,0,0,0,0,0,74,2014,6,3,4367,Partnered,4,334,55.666666666666664,167.0,13,0.2857142857142857,0.07142857142857142,23.857142857142858,0,0.0,0,0,57.89333333333333,35272.5,0.4734499475519519,0.8666666666666667,0,Middle Class Shoppers
1989,Basic,Married,17487.0,1,0,2013-03-18,37,0,0,1,7,4,6,1,1,0,2,7,0,0,0,0,0,0,0,37,2013,3,18,4809,Married,1,18,3.0,9.0,4,0.2,0.2,3.6,0,0.0,0,0,1.894736842105263,8743.5,0.10292772186642268,0.7368421052631579,3,Budget Conscious
1969,Graduation,Together,62882.0,0,1,2012-08-09,26,509,133,497,78,24,97,2,7,5,6,4,0,0,0,0,0,0,0,57,2012,8,9,5030,Partnered,3,1338,223.0,669.0,20,0.3333333333333333,0.09523809523809523,63.714285714285715,0,0.0,0,0,461.37931034482756,31441.0,2.1277610801011404,2.962962962962963,1,Premium Spenders
1953,PhD,Single,64108.0,0,1,2013-03-23,8,948,10,86,13,21,21,4,6,9,11,5,0,0,0,0,0,0,0,73,2013,3,23,4804,Single,5,1099,183.16666666666666,549.5,30,0.1935483870967742,0.12903225806451613,35.45161290322581,0,0.0,0,0,445.5405405405405,32054.0,1.7142678875040946,16.666666666666668,1,Premium Spenders
1956,Master,Together,34941.0,1,1,2013-03-06,26,39,2,25,4,3,24,2,3,0,3,8,0,0,0,0,0,0,0,70,2013,3,6,4821,Partnered,4,97,16.166666666666668,32.333333333333336,8,0.3333333333333333,0.2222222222222222,10.777777777777779,0,0.0,0,0,10.929577464788732,11647.0,0.2776028847804934,2.3703703703703702,3,Budget Conscious
1950,PhD,Single,48767.0,1,2,2014-01-01,79,28,1,21,3,0,10,3,2,1,3,5,0,0,0,0,0,0,0,76,2014,1,1,4520,Single,5,63,10.5,15.75,9,0.2,0.3,6.3,0,0.0,0,0,7.363636363636363,12191.75,0.12918307086614175,0.5625,0,Middle Class Shoppers
1978,2n Cycle,Together,38702.0,1,0,2013-08-01,71,13,11,24,13,8,40,2,3,0,4,6,0,0,0,0,0,0,0,48,2013,8,1,4673,Partnered,2,109,18.166666666666668,54.5,9,0.3,0.2,10.9,0,0.0,0,0,20.020408163265305,19351.0,0.281631914838643,0.75,3,Budget Conscious
1964,Graduation,Married,82224.0,0,0,2014-01-25,83,307,26,360,138,31,40,1,6,9,5,3,0,0,0,1,0,0,0,62,2014,1,25,4496,Married,3,902,150.33333333333334,902.0,21,0.2727272727272727,0.045454545454545456,41.0,1,0.2,1,0,300.6666666666667,82224.0,1.0969899665551839,0.75,1,Premium Spenders
1952,Graduation,Together,83844.0,0,0,2013-05-12,57,901,31,345,75,31,191,1,4,4,11,1,0,0,1,0,0,0,0,74,2013,5,12,4754,Partnered,3,1574,262.3333333333333,1574.0,20,0.19047619047619047,0.047619047619047616,74.95238095238095,1,0.2,1,0,419.73333333333335,83844.0,1.877273540461566,0.3448275862068966,2,Ultra Premium
1975,2n Cycle,Married,17003.0,1,0,2013-12-09,37,2,5,12,4,8,7,3,2,0,4,5,0,0,0,0,0,0,0,51,2013,12,9,4543,Married,2,38,6.333333333333333,19.0,9,0.2,0.3,3.8,0,0.0,0,0,6.576923076923077,8501.5,0.22347682898141613,1.1842105263157894,3,Budget Conscious
1995,Graduation,Single,71163.0,0,0,2014-03-09,30,283,17,372,138,106,44,1,3,8,12,1,0,0,0,0,0,0,0,31,2014,3,9,4453,Single,3,960,160.0,960.0,24,0.12,0.04,38.4,0,0.0,0,0,720.0,71163.0,1.348996683716486,0.7741935483870968,1,Premium Spenders
1970,Graduation,Single,33697.0,1,0,2013-09-15,34,4,3,7,0,3,11,1,1,0,2,7,1,0,0,0,0,0,0,56,2013,9,15,4628,Single,3,28,4.666666666666667,14.0,4,0.2,0.2,5.6,1,0.2,1,0,1.9649122807017543,16848.5,0.08309098462816784,0.8,3,Budget Conscious
1954,2n Cycle,Married,63564.0,0,0,2014-01-29,0,769,80,252,15,34,65,1,10,10,7,6,1,0,0,0,0,0,1,72,2014,1,29,4492,Married,2,1215,202.5,1215.0,28,0.3448275862068966,0.034482758620689655,41.89655172413793,1,0.2,1,0,466.027397260274,63564.0,1.911429245654055,168.0,1,Premium Spenders
1972,PhD,Together,83443.0,0,0,2013-12-31,89,518,42,742,55,56,84,1,6,10,5,2,0,0,0,0,0,0,0,54,2013,12,31,4521,Partnered,5,1497,249.5,1497.0,22,0.2608695652173913,0.043478260869565216,65.08695652173913,0,0.0,0,0,598.8,83443.0,1.7940175447006375,0.4888888888888889,2,Ultra Premium
1958,PhD,Together,51518.0,0,1,2013-10-03,92,350,8,66,17,4,4,2,3,2,10,3,0,0,0,0,0,0,0,68,2013,10,3,4610,Partnered,5,449,74.83333333333333,224.5,17,0.16666666666666666,0.1111111111111111,24.944444444444443,0,0.0,0,0,110.6231884057971,25759.0,0.8715231273898951,0.5483870967741935,0,Middle Class Shoppers
1969,Graduation,Married,80952.0,0,0,2013-02-28,20,778,178,689,41,27,44,1,8,5,11,8,0,1,1,1,0,0,1,57,2013,2,28,4827,Married,3,1757,292.8333333333333,1757.0,25,0.3076923076923077,0.038461538461538464,67.57692307692308,3,0.6,1,1,757.3275862068965,80952.0,2.1703951675663657,9.523809523809524,2,Ultra Premium
1979,Graduation,Together,75507.0,0,0,2014-05-02,56,709,93,374,104,80,80,1,8,6,6,3,0,0,0,0,0,0,0,47,2014,5,2,4399,Partnered,3,1440,240.0,1440.0,21,0.36363636363636365,0.045454545454545456,65.45454545454545,0,0.0,0,0,630.0,75507.0,1.9070826932245588,1.105263157894737,2,Ultra Premium
1978,2n Cycle,Together,63855.0,0,0,2013-02-09,28,359,35,314,93,116,89,1,7,3,13,4,0,0,0,0,0,0,0,48,2013,2,9,4846,Partnered,2,1006,167.66666666666666,1006.0,24,0.28,0.04,40.24,0,0.0,0,0,492.734693877551,63855.0,1.5754196943122023,3.310344827586207,1,Premium Spenders
1972,PhD,Together,62220.0,0,1,2012-08-11,55,799,12,375,16,12,12,5,7,6,5,6,0,0,0,0,0,0,1,54,2012,8,11,5028,Partnered,5,1226,204.33333333333334,613.0,23,0.2916666666666667,0.20833333333333334,51.083333333333336,0,0.0,0,0,512.6909090909091,31110.0,1.9703958470612817,2.4642857142857144,1,Premium Spenders
1964,Graduation,Married,58512.0,0,1,2013-09-19,25,895,10,101,13,0,152,5,3,4,8,8,0,0,0,0,0,0,0,62,2013,9,19,4624,Married,3,1171,195.16666666666666,585.5,20,0.14285714285714285,0.23809523809523808,55.76190476190476,0,0.0,0,0,371.74603174603175,29256.0,2.001264676225796,6.153846153846154,1,Premium Spenders
1979,Master,Married,40662.0,1,0,2013-03-15,0,40,2,23,0,4,23,2,2,1,3,4,0,0,0,0,0,0,0,47,2013,3,15,4812,Married,4,92,15.333333333333334,46.0,8,0.2222222222222222,0.2222222222222222,10.222222222222221,0,0.0,0,0,15.333333333333334,20331.0,0.2262499077785702,32.0,3,Budget Conscious
1959,PhD,Married,38829.0,0,1,2014-04-06,86,76,0,7,0,0,16,1,3,2,2,5,0,0,0,0,0,0,0,67,2014,4,6,4425,Married,5,99,16.5,49.5,8,0.3333333333333333,0.1111111111111111,11.0,0,0.0,0,0,11.647058823529411,19414.5,0.254957507082153,0.45977011494252873,3,Budget Conscious
1981,2n Cycle,Married,35523.0,1,0,2013-10-03,8,11,5,22,12,5,11,2,3,0,3,7,0,0,0,0,0,0,0,45,2013,10,3,4610,Married,2,66,11.0,33.0,8,0.3333333333333333,0.2222222222222222,7.333333333333333,0,0.0,0,0,11.478260869565217,17761.5,0.18578988852606687,6.222222222222222,3,Budget Conscious
1967,Graduation,Single,79146.0,1,1,2014-04-24,33,245,16,223,21,43,16,2,8,1,8,6,0,0,0,0,0,0,0,59,2014,4,24,4407,Single,3,564,94.0,188.0,19,0.4,0.1,28.2,0,0.0,0,0,178.6,26382.0,0.7125980769959696,3.3529411764705883,0,Middle Class Shoppers
1988,Master,Married,78285.0,0,0,2013-10-28,13,647,107,391,175,67,40,1,6,4,10,3,0,0,0,0,0,0,0,38,2013,10,28,4585,Married,4,1427,237.83333333333334,1427.0,21,0.2727272727272727,0.045454545454545456,64.86363636363636,0,0.0,0,0,768.3846153846154,78285.0,1.8228035664103415,4.5,2,Ultra Premium
1978,PhD,Single,31626.0,1,0,2013-05-10,12,39,1,9,2,1,34,1,2,1,2,7,1,0,0,0,0,0,1,48,2013,5,10,4756,Single,5,86,14.333333333333334,43.0,6,0.2857142857142857,0.14285714285714285,12.285714285714286,1,0.2,1,0,10.53061224489796,15813.0,0.27191956239921583,3.230769230769231,3,Budget Conscious
1952,Graduation,Single,75127.0,0,0,2014-05-22,92,203,35,305,46,17,227,1,2,11,5,1,0,0,0,0,0,0,0,74,2014,5,22,4379,Single,3,833,138.83333333333334,833.0,19,0.1,0.05,41.65,0,0.0,0,0,211.02666666666667,75127.0,1.1087743584282823,0.20430107526881722,1,Premium Spenders
1955,Graduation,Married,48726.0,0,1,2013-04-27,90,138,3,38,4,0,59,3,3,2,4,6,0,0,0,0,0,0,0,71,2013,4,27,4769,Married,3,242,40.333333333333336,121.0,12,0.23076923076923078,0.23076923076923078,18.615384615384617,0,0.0,0,0,40.333333333333336,24363.0,0.4966445707718513,0.7912087912087912,0,Middle Class Shoppers
1977,Graduation,Married,74985.0,0,0,2012-09-11,8,587,51,898,247,0,86,1,3,6,7,2,0,0,0,0,0,0,0,49,2012,9,11,4997,Married,3,1869,311.5,1869.0,17,0.16666666666666666,0.05555555555555555,103.83333333333333,0,0.0,0,0,635.46,74985.0,2.4924652601819006,3.7777777777777777,2,Ultra Premium
1987,Graduation,Together,67430.0,0,0,2012-09-05,6,595,97,291,127,133,121,1,11,5,12,6,0,0,0,0,0,0,0,39,2012,9,5,5003,Partnered,3,1364,227.33333333333334,1364.0,29,0.36666666666666664,0.03333333333333333,45.46666666666667,0,0.0,0,0,988.9,67430.0,2.022808500541294,24.857142857142858,2,Ultra Premium
1965,2n Cycle,Married,46891.0,0,1,2013-09-01,91,43,12,23,29,15,61,1,2,1,4,4,0,0,0,0,0,0,0,61,2013,9,1,4642,Married,2,183,30.5,91.5,8,0.2222222222222222,0.1111111111111111,20.333333333333332,0,0.0,0,0,23.612903225806452,23445.5,0.390258466262902,0.34782608695652173,0,Middle Class Shoppers
1956,Master,Married,62058.0,0,1,2013-05-26,52,301,7,74,10,0,58,4,6,1,7,6,0,0,0,0,0,0,0,70,2013,5,26,4740,Married,4,450,75.0,225.0,18,0.3157894736842105,0.21052631578947367,23.68421052631579,0,0.0,0,0,114.08450704225352,31029.0,0.7251164214698915,2.0377358490566038,0,Middle Class Shoppers
1979,Graduation,Married,72063.0,0,1,2013-07-03,3,180,32,348,76,32,90,2,5,2,12,2,0,0,0,0,0,0,0,47,2013,7,3,4702,Married,3,758,126.33333333333333,379.0,21,0.22727272727272727,0.09090909090909091,34.45454545454545,0,0.0,0,0,331.625,36031.5,1.0518428063943162,10.5,1,Premium Spenders
1951,PhD,Married,78939.0,0,0,2013-12-12,57,794,115,243,150,0,205,1,8,5,6,3,0,0,0,0,0,0,0,75,2013,12,12,4540,Married,5,1507,251.16666666666666,1507.0,20,0.38095238095238093,0.047619047619047616,71.76190476190476,0,0.0,0,0,396.57894736842104,78939.0,1.9090448441854573,1.0344827586206897,2,Ultra Premium
1965,Graduation,Single,42720.0,1,1,2013-04-24,9,392,5,91,28,26,112,8,7,3,7,8,0,0,0,0,0,0,1,61,2013,4,24,4772,Single,3,654,109.0,218.0,25,0.2692307692307692,0.3076923076923077,25.153846153846153,0,0.0,0,0,263.7096774193548,14240.0,1.5308630415954683,20.0,0,Middle Class Shoppers
1972,Graduation,Married,33622.0,1,1,2013-04-13,22,39,1,22,3,4,12,3,2,0,4,7,0,0,0,0,0,0,0,54,2013,4,13,4783,Married,3,81,13.5,27.0,9,0.2,0.3,8.1,0,0.0,0,0,13.254545454545454,11207.333333333334,0.24090652232103024,2.739130434782609,3,Budget Conscious
1957,PhD,Together,6835.0,0,1,2012-12-08,76,107,2,12,2,2,12,0,0,0,1,20,0,0,0,0,0,0,0,69,2012,12,8,4909,Partnered,5,137,22.833333333333332,68.5,1,0.0,0.0,68.5,0,0.0,0,0,1.957142857142857,3417.5,2.0040959625511996,0.2597402597402597,3,Budget Conscious
1953,Graduation,Together,41452.0,1,1,2013-03-06,86,13,0,3,0,0,0,1,1,0,2,7,0,0,0,0,0,0,0,73,2013,3,6,4821,Partnered,3,16,2.6666666666666665,5.333333333333333,4,0.2,0.2,3.2,0,0.0,0,0,0.8648648648648649,13817.333333333334,0.03859793018599378,0.3218390804597701,3,Budget Conscious
1965,PhD,Single,40760.0,0,1,2013-08-30,64,70,0,17,0,0,6,2,2,1,3,6,0,0,0,0,0,0,0,61,2013,8,30,4644,Single,5,93,15.5,46.5,8,0.2222222222222222,0.2222222222222222,10.333333333333334,0,0.0,0,0,12.0,20380.0,0.22815926989033633,0.7384615384615385,3,Budget Conscious
1958,PhD,Together,74250.0,0,0,2014-01-26,90,680,11,392,75,0,0,1,2,11,4,1,0,0,0,0,0,0,0,68,2014,1,26,4495,Partnered,5,1158,193.0,1158.0,18,0.10526315789473684,0.05263157894736842,60.94736842105263,0,0.0,0,0,302.0869565217391,74250.0,1.5595749552194582,0.1978021978021978,1,Premium Spenders
1955,Master,Single,51124.0,1,1,2013-12-18,79,26,1,11,0,1,4,2,1,0,3,3,0,0,0,0,0,0,0,71,2013,12,18,4534,Single,4,43,7.166666666666667,14.333333333333334,6,0.14285714285714285,0.2857142857142857,6.142857142857143,0,0.0,0,0,3.5833333333333335,17041.333333333332,0.08410757946210269,0.225,0,Middle Class Shoppers
1971,Graduation,Single,72258.0,0,1,2013-09-12,28,522,0,522,227,120,134,2,6,9,5,2,0,0,0,0,0,0,0,55,2013,9,12,4631,Single,3,1525,254.16666666666666,762.5,22,0.2608695652173913,0.08695652173913043,66.30434782608695,0,0.0,0,0,599.1071428571429,36129.0,2.1104637484603996,1.5172413793103448,1,Premium Spenders
1974,PhD,Single,71466.0,0,0,2014-04-05,86,412,12,546,78,182,0,1,4,4,10,1,0,0,0,0,0,0,0,52,2014,4,5,4426,Single,5,1230,205.0,1230.0,19,0.2,0.05,61.5,0,0.0,0,0,440.9433962264151,71466.0,1.7210740621545608,0.21839080459770116,1,Premium Spenders
1976,Graduation,Together,36283.0,1,1,2014-04-14,42,6,5,5,8,0,5,2,1,0,3,4,0,0,0,0,0,0,0,50,2014,4,14,4417,Partnered,3,29,4.833333333333333,9.666666666666666,6,0.14285714285714285,0.2857142857142857,4.142857142857143,0,0.0,0,0,3.411764705882353,12094.333333333334,0.07992503582846433,0.5581395348837209,3,Budget Conscious
1970,Graduation,Single,20587.0,1,0,2014-05-11,39,2,3,6,4,1,9,1,1,1,2,7,0,0,0,0,0,0,0,56,2014,5,11,4390,Single,3,25,4.166666666666667,12.5,5,0.16666666666666666,0.16666666666666666,4.166666666666667,0,0.0,0,0,2.192982456140351,10293.5,0.12142995919953371,0.875,3,Budget Conscious
1972,Graduation,Married,30467.0,1,0,2014-03-19,8,1,3,8,2,5,5,1,1,0,2,7,0,0,0,0,0,0,0,54,2014,3,19,4443,Married,3,24,4.0,12.0,4,0.2,0.2,4.8,0,0.0,0,0,1.7454545454545454,15233.5,0.07877116975187082,3.111111111111111,3,Budget Conscious
1972,Graduation,Together,31590.0,1,0,2013-06-18,40,6,2,15,6,6,3,1,1,0,3,8,0,0,0,0,0,0,0,54,2013,6,18,4717,Partnered,3,38,6.333333333333333,19.0,5,0.16666666666666666,0.16666666666666666,6.333333333333333,0,0.0,0,0,3.4545454545454546,15795.0,0.12028742363331328,0.975609756097561,3,Budget Conscious
1986,Basic,Married,20425.0,1,0,2012-10-29,5,4,12,5,3,16,17,2,2,0,3,7,0,0,0,0,0,0,0,40,2012,10,29,4949,Married,1,57,9.5,28.5,7,0.25,0.25,7.125,0,0.0,0,0,9.731707317073171,10212.5,0.27905610496426125,8.166666666666666,3,Budget Conscious
1960,Master,Together,17144.0,1,1,2014-02-15,96,18,2,19,0,2,6,5,3,0,4,7,0,0,0,0,0,0,0,66,2014,2,15,4475,Partnered,4,47,7.833333333333333,15.666666666666666,12,0.23076923076923078,0.38461538461538464,3.6153846153846154,0,0.0,0,0,8.417910447761194,5714.666666666667,0.2741324001166521,0.865979381443299,3,Budget Conscious
1968,PhD,Divorced,42564.0,0,1,2013-01-02,28,324,48,186,39,18,198,6,6,8,4,7,1,0,0,0,0,0,1,58,2013,1,2,4884,Divorced,5,813,135.5,406.5,24,0.24,0.24,32.52,1,0.2,1,0,330.7118644067797,21282.0,1.9100199694584752,5.793103448275862,0,Middle Class Shoppers
1978,Master,Married,43783.0,1,0,2014-05-29,22,327,9,125,25,4,139,6,7,1,8,7,1,0,0,0,0,0,0,48,2014,5,29,4372,Married,4,629,104.83333333333333,314.5,22,0.30434782608695654,0.2608695652173913,27.347826086956523,1,0.2,1,0,282.40816326530614,21891.5,1.4365978439612646,6.695652173913044,0,Middle Class Shoppers
1976,Graduation,Divorced,40780.0,0,1,2012-09-08,30,229,27,71,13,3,34,4,7,1,5,9,0,0,0,0,0,0,0,50,2012,9,8,5000,Divorced,3,377,62.833333333333336,188.5,17,0.3888888888888889,0.2222222222222222,20.944444444444443,0,0.0,0,0,125.66666666666667,20390.0,0.9244501115715651,4.935483870967742,0,Middle Class Shoppers
1945,Master,Together,62847.0,0,0,2013-01-15,45,521,168,706,80,76,61,1,3,6,4,2,0,0,0,0,0,0,0,81,2013,1,15,4871,Partnered,4,1612,268.6666666666667,1612.0,14,0.2,0.06666666666666667,107.46666666666667,0,0.0,0,0,275.219512195122,62847.0,2.5649185336048883,0.6086956521739131,2,Ultra Premium
1957,PhD,Married,82017.0,0,0,2012-11-07,58,184,23,446,30,23,23,1,5,4,7,2,0,1,1,1,0,0,1,69,2012,11,7,4940,Married,5,729,121.5,729.0,17,0.2777777777777778,0.05555555555555555,40.5,3,0.6,1,1,177.04285714285714,82017.0,0.8888292813772587,0.576271186440678,1,Premium Spenders
1950,Graduation,Single,16813.0,0,0,2013-07-19,49,4,8,11,12,2,13,1,2,0,3,7,1,0,0,0,0,0,0,76,2013,7,19,4686,Single,3,50,8.333333333333334,50.0,6,0.2857142857142857,0.14285714285714285,7.142857142857143,1,0.2,1,0,3.896103896103896,16813.0,0.29737123825383605,0.84,3,Budget Conscious
1978,Graduation,Married,51267.0,1,1,2013-10-29,37,183,2,64,7,2,12,4,3,3,5,4,0,0,0,0,0,0,0,48,2013,10,29,4584,Married,3,270,45.0,90.0,15,0.1875,0.25,16.875,0,0.0,0,0,82.65306122448979,17089.0,0.5266443005383475,1.5789473684210527,0,Middle Class Shoppers
1961,Graduation,Single,46524.0,0,1,2013-04-05,70,31,19,35,26,14,52,2,1,1,5,3,0,0,0,0,0,0,0,65,2013,4,5,4791,Single,3,177,29.5,88.5,9,0.1,0.2,17.7,0,0.0,0,0,24.136363636363637,23262.0,0.38044062332079526,0.38028169014084506,0,Middle Class Shoppers
1962,Master,Single,45183.0,0,0,2013-01-20,33,219,3,60,12,9,12,1,4,1,7,7,0,1,0,0,0,0,0,64,2013,1,20,4866,Single,4,315,52.5,315.0,13,0.2857142857142857,0.07142857142857142,22.5,1,0.2,1,0,63.0,45183.0,0.697149433427762,2.676470588235294,0,Middle Class Shoppers
1954,PhD,Married,70421.0,0,1,2014-06-28,98,479,28,136,75,14,35,3,10,3,7,6,0,0,0,0,0,0,0,72,2014,6,28,4342,Married,5,767,127.83333333333333,383.5,23,0.4166666666666667,0.125,31.958333333333332,0,0.0,0,0,241.65753424657535,35210.5,1.089148277526909,1.393939393939394,1,Premium Spenders
1965,2n Cycle,Divorced,60161.0,0,1,2012-10-23,17,584,44,212,46,8,177,3,11,4,8,8,0,0,0,0,0,0,0,61,2012,10,23,4955,Divorced,2,1071,178.5,535.5,26,0.4074074074074074,0.1111111111111111,39.666666666666664,0,0.0,0,0,449.1290322580645,30080.5,1.780193477610452,11.555555555555555,1,Premium Spenders
1973,Graduation,Together,73926.0,0,0,2013-03-02,54,627,91,597,159,91,15,1,6,5,12,3,0,0,0,0,0,0,0,53,2013,3,2,4825,Partnered,3,1580,263.3333333333333,1580.0,24,0.24,0.04,63.2,0,0.0,0,0,702.2222222222222,73926.0,2.1372434969632206,1.309090909090909,2,Ultra Premium
1968,Graduation,Married,19329.0,1,0,2013-12-14,39,24,1,16,12,2,5,3,4,0,3,8,0,0,0,0,0,0,0,58,2013,12,14,4538,Married,3,60,10.0,30.0,10,0.36363636363636365,0.2727272727272727,5.454545454545454,0,0.0,0,0,10.169491525423728,9664.5,0.3103983445421624,2.0,3,Budget Conscious
1970,Master,Married,61872.0,0,1,2013-12-13,81,330,5,159,36,27,16,4,4,4,9,4,0,0,0,0,0,0,0,56,2013,12,13,4539,Married,4,573,95.5,286.5,21,0.18181818181818182,0.18181818181818182,26.045454545454547,0,0.0,0,0,211.10526315789474,30936.0,0.9260905403002926,1.024390243902439,0,Middle Class Shoppers
1956,Graduation,Widow,46984.0,1,1,2013-03-26,71,19,1,10,2,1,8,1,1,0,3,5,0,0,0,0,0,0,0,70,2013,3,26,4801,Widowed,3,41,6.833333333333333,13.666666666666666,5,0.16666666666666666,0.16666666666666666,6.833333333333333,0,0.0,0,0,2.887323943661972,15661.333333333334,0.08726189209322124,0.3472222222222222,0,Middle Class Shoppers
1951,Graduation,Married,34838.0,1,1,2013-01-19,62,28,23,29,29,14,47,3,2,1,4,6,0,0,0,0,0,0,0,75,2013,1,19,4867,Married,3,170,28.333333333333332,56.666666666666664,10,0.18181818181818182,0.2727272727272727,15.454545454545455,0,0.0,0,0,22.36842105263158,11612.666666666666,0.48795889663882425,0.9523809523809523,3,Budget Conscious
1944,PhD,Single,82716.0,0,0,2013-11-05,8,606,148,228,15,148,22,1,6,8,13,2,0,0,0,0,0,0,0,82,2013,11,5,4577,Single,5,1167,194.5,1167.0,28,0.20689655172413793,0.034482758620689655,40.241379310344826,0,0.0,0,0,393.68674698795184,82716.0,1.4108345322001523,6.222222222222222,1,Premium Spenders
1958,Graduation,Married,48192.0,0,0,2013-04-06,76,1039,43,204,153,58,29,3,2,8,12,8,0,1,0,1,1,0,1,68,2013,4,6,4790,Married,3,1526,254.33333333333334,1526.0,25,0.07692307692307693,0.11538461538461539,58.69230769230769,3,0.6,1,1,552.8985507246376,48192.0,3.1664349594339427,2.5974025974025974,2,Ultra Premium
1976,Master,Married,49681.0,0,2,2013-11-04,66,411,0,26,0,0,21,6,7,1,7,7,0,0,0,0,0,0,0,50,2013,11,4,4578,Married,4,458,76.33333333333333,152.66666666666666,21,0.3181818181818182,0.2727272727272727,20.818181818181817,0,0.0,0,0,188.58823529411765,16560.333333333332,0.9218630489915866,2.1940298507462686,0,Middle Class Shoppers
1971,Master,Married,56850.0,0,1,2014-03-23,83,34,1,19,2,7,0,1,1,1,3,2,0,0,0,0,0,0,0,55,2014,3,23,4439,Married,4,63,10.5,31.5,6,0.14285714285714285,0.14285714285714285,9.0,0,0.0,0,0,6.75,28425.0,0.11081599268262651,0.14285714285714285,0,Middle Class Shoppers
1957,Graduation,Married,55267.0,0,1,2013-10-21,28,161,28,136,32,3,45,4,3,4,6,3,0,0,0,0,0,0,0,69,2013,10,21,4592,Married,3,405,67.5,202.5,17,0.16666666666666666,0.2222222222222222,22.5,0,0.0,0,0,98.35714285714286,27633.5,0.7327929362379677,1.7586206896551724,0,Middle Class Shoppers
1972,Graduation,Married,59666.0,1,1,2013-03-22,87,623,53,178,23,17,133,7,3,2,8,8,0,1,0,0,0,0,0,54,2013,3,22,4805,Married,3,1027,171.16666666666666,342.3333333333333,20,0.14285714285714285,0.3333333333333333,48.904761904761905,1,0.2,1,0,373.45454545454544,19888.666666666668,1.7212194345282987,1.8181818181818181,1,Premium Spenders
1972,Graduation,Single,72504.0,0,1,2013-04-06,43,604,26,470,123,161,94,2,5,9,6,2,0,0,0,0,0,0,0,54,2013,4,6,4790,Single,3,1478,246.33333333333334,739.0,22,0.21739130434782608,0.08695652173913043,64.26086956521739,0,0.0,0,0,591.2,36252.0,2.038480104820357,1.0,1,Premium Spenders
1981,Graduation,Married,26872.0,0,0,2013-10-16,0,3,10,8,3,16,32,1,1,1,2,6,0,0,0,0,0,0,0,45,2013,10,16,4597,Married,3,72,12.0,72.0,5,0.16666666666666666,0.16666666666666666,12.0,0,0.0,0,0,7.826086956521739,26872.0,0.2679269154913854,30.0,3,Budget Conscious
1972,Graduation,Single,21359.0,1,0,2013-04-20,1,12,2,17,6,1,10,2,2,0,3,8,0,0,0,0,0,0,1,54,2013,4,20,4776,Single,3,48,8.0,24.0,7,0.25,0.25,6.0,0,0.0,0,0,6.109090909090909,10679.5,0.22471910112359553,28.0,3,Budget Conscious
1975,Graduation,Single,73170.0,0,0,2014-05-31,1,184,174,256,50,30,32,1,5,4,6,2,0,0,0,0,0,0,0,51,2014,5,31,4370,Single,3,726,121.0,726.0,16,0.29411764705882354,0.058823529411764705,42.705882352941174,0,0.0,0,0,223.3846153846154,73170.0,0.9921963619466728,16.0,1,Premium Spenders
1955,Master,Married,52750.0,0,1,2013-02-04,72,393,0,239,90,69,69,6,5,7,9,4,0,0,0,0,0,0,0,71,2013,2,4,4851,Married,4,860,143.33333333333334,430.0,27,0.17857142857142858,0.21428571428571427,30.714285714285715,0,0.0,0,0,322.5,26375.0,1.6303008473773009,1.4794520547945205,0,Middle Class Shoppers
1986,PhD,Together,91820.0,0,0,2013-11-23,72,410,73,747,76,161,30,0,5,5,12,1,0,0,0,0,0,0,0,40,2013,11,23,4559,Partnered,5,1497,249.5,1497.0,22,0.21739130434782608,0.0,65.08695652173913,0,0.0,0,0,803.2682926829268,91820.0,1.6303459992812104,0.3013698630136986,2,Ultra Premium
1970,PhD,Together,65968.0,0,1,2014-05-12,12,376,9,83,19,4,4,2,5,4,7,3,0,0,0,0,0,0,0,56,2014,5,12,4389,Partnered,5,495,82.5,247.5,18,0.2631578947368421,0.10526315789473684,26.05263157894737,0,0.0,0,0,156.31578947368422,32984.0,0.7503524382664585,4.153846153846154,0,Middle Class Shoppers
1976,Graduation,Married,30772.0,1,1,2014-03-12,89,7,2,4,2,1,4,1,1,0,2,6,0,0,0,0,0,0,0,50,2014,3,12,4450,Married,3,20,3.3333333333333335,6.666666666666667,4,0.2,0.2,4.0,0,0.0,0,0,1.5686274509803921,10257.333333333334,0.06499203847528678,0.26666666666666666,3,Budget Conscious
1954,Graduation,Single,22507.0,0,0,2012-11-24,67,68,0,226,51,157,68,3,10,2,4,9,0,0,0,0,0,0,0,72,2012,11,24,4923,Single,3,570,95.0,570.0,19,0.5,0.15,28.5,0,0.0,0,0,148.35616438356163,22507.0,2.532432912742136,2.514705882352941,3,Budget Conscious
1972,Graduation,Married,65685.0,0,1,2014-03-29,54,642,14,49,0,7,57,1,9,2,9,5,0,0,0,0,0,0,0,54,2014,3,29,4433,Married,3,769,128.16666666666666,384.5,21,0.4090909090909091,0.045454545454545456,34.95454545454545,0,0.0,0,0,293.6181818181818,32842.5,1.1707213104771184,1.9090909090909092,1,Premium Spenders
1978,2n Cycle,Married,25804.0,1,0,2013-09-01,34,8,7,9,13,6,12,2,2,0,3,8,0,0,0,0,0,0,0,48,2013,9,1,4642,Married,2,55,9.166666666666666,27.5,7,0.25,0.25,6.875,0,0.0,0,0,7.857142857142857,12902.0,0.21313698895562877,1.6,3,Budget Conscious
1980,PhD,Single,76412.0,0,0,2013-05-05,15,840,53,804,23,71,17,1,5,4,8,3,0,0,1,1,0,0,1,46,2013,5,5,4761,Single,5,1808,301.3333333333333,1808.0,18,0.2631578947368421,0.05263157894736842,95.15789473684211,2,0.4,1,1,692.4255319148937,76412.0,2.3660895397380024,3.375,2,Ultra Premium
1972,Graduation,Married,22063.0,1,0,2013-08-08,43,7,10,13,3,11,11,2,2,0,3,7,0,0,0,0,0,0,0,54,2013,8,8,4666,Married,3,55,9.166666666666666,27.5,7,0.25,0.25,6.875,0,0.0,0,0,7.0,11031.5,0.2492748368382886,1.1136363636363635,3,Budget Conscious
1961,Graduation,Single,57091.0,0,0,2014-06-15,0,464,5,64,7,0,37,1,7,3,7,5,0,0,0,0,1,0,1,65,2014,6,15,4355,Single,3,577,96.16666666666667,577.0,18,0.3684210526315789,0.05263157894736842,30.36842105263158,1,0.2,1,0,157.36363636363637,57091.0,1.0106494780354516,90.0,0,Middle Class Shoppers
1959,2n Cycle,Divorced,78353.0,0,1,2013-04-16,51,752,122,476,39,153,34,1,10,2,11,8,0,0,0,0,0,0,0,67,2013,4,16,4780,Divorced,2,1576,262.6666666666667,788.0,24,0.4,0.04,63.04,0,0.0,0,0,556.2352941176471,39176.5,2.011384230543431,3.6923076923076925,1,Premium Spenders
1954,Graduation,Married,93404.0,1,2,2013-05-07,97,1279,15,287,20,0,15,3,3,4,7,5,0,1,1,0,0,0,0,72,2013,5,7,4759,Married,3,1616,269.3333333333333,404.0,17,0.16666666666666666,0.16666666666666666,89.77777777777777,2,0.4,1,1,376.32876712328766,23351.0,1.7301001017076174,0.8673469387755102,1,Premium Spenders
1962,Graduation,Divorced,37859.0,1,2,2013-01-12,75,22,1,8,2,1,2,2,1,0,3,8,0,0,0,0,0,0,0,64,2013,1,12,4874,Divorced,3,36,6.0,9.0,6,0.14285714285714285,0.2857142857142857,5.142857142857143,0,0.0,0,0,3.3230769230769233,9464.75,0.09508716323296355,0.631578947368421,3,Budget Conscious
1958,PhD,Widow,80995.0,0,1,2013-05-11,83,860,28,409,73,56,56,1,8,9,4,4,0,0,0,0,0,0,0,68,2013,5,11,4755,Widowed,5,1482,247.0,741.0,22,0.34782608695652173,0.043478260869565216,64.43478260869566,0,0.0,0,0,472.5217391304348,40497.5,1.8297199861721565,1.0476190476190477,1,Premium Spenders
1984,Graduation,Together,16529.0,1,0,2014-03-01,23,3,0,5,13,0,1,1,1,0,3,6,0,0,0,0,0,0,0,42,2014,3,1,4461,Partnered,3,22,3.6666666666666665,11.0,5,0.16666666666666666,0.16666666666666666,3.6666666666666665,0,0.0,0,0,2.558139534883721,8264.5,0.13309134906231096,1.25,3,Budget Conscious
1976,PhD,Divorced,55412.0,1,1,2013-11-22,65,10,5,28,11,1,8,1,2,0,3,5,0,0,0,0,0,0,0,50,2013,11,22,4560,Divorced,5,63,10.5,21.0,6,0.2857142857142857,0.14285714285714285,9.0,0,0.0,0,0,7.411764705882353,18470.666666666668,0.11369173298684424,0.45454545454545453,0,Middle Class Shoppers
1992,Graduation,Single,48789.0,0,0,2012-09-10,94,351,16,156,7,5,145,1,6,4,7,6,0,0,0,0,0,0,0,34,2012,9,10,4998,Single,3,680,113.33333333333333,680.0,18,0.3157894736842105,0.05263157894736842,35.78947368421053,0,0.0,0,0,349.7142857142857,48789.0,1.3937282229965158,1.1368421052631579,0,Middle Class Shoppers
1967,PhD,Together,56575.0,0,2,2013-05-05,42,421,5,90,0,16,10,3,7,3,7,5,0,0,0,0,0,0,0,59,2013,5,5,4761,Partnered,5,542,90.33333333333333,180.66666666666666,20,0.3333333333333333,0.14285714285714285,25.80952380952381,0,0.0,0,0,180.66666666666666,18858.333333333332,0.9580033936651584,2.3255813953488373,0,Middle Class Shoppers
1980,2n Cycle,Together,25130.0,1,0,2013-10-02,10,2,5,7,0,18,18,2,2,0,3,7,0,0,0,0,0,0,0,46,2013,10,2,4611,Partnered,2,50,8.333333333333334,25.0,7,0.25,0.25,6.25,0,0.0,0,0,7.446808510638298,12565.0,0.19895746289443317,4.454545454545454,3,Budget Conscious
1967,Graduation,Married,35441.0,1,1,2013-02-14,94,25,1,9,2,1,1,2,1,0,3,8,0,0,0,0,0,0,0,59,2013,2,14,4841,Married,3,39,6.5,13.0,6,0.14285714285714285,0.2857142857142857,5.571428571428571,0,0.0,0,0,3.9,11813.666666666666,0.1100389368545793,0.5052631578947369,3,Budget Conscious
1956,Graduation,Married,71391.0,0,1,2013-03-29,50,336,123,274,46,123,141,5,6,5,12,3,0,0,0,0,0,0,0,70,2013,3,29,4798,Married,3,1043,173.83333333333334,521.5,28,0.20689655172413793,0.1724137931034483,35.96551724137931,0,0.0,0,0,411.32394366197184,35695.5,1.460948005378754,1.6470588235294117,1,Premium Spenders
1972,Master,Single,49494.0,1,0,2013-04-25,46,191,9,97,0,6,82,2,6,1,5,7,0,0,0,0,0,0,0,54,2013,4,25,4771,Single,4,385,64.16666666666667,192.5,14,0.4,0.13333333333333333,25.666666666666668,0,0.0,0,0,98.0,24747.0,0.7778563491261744,2.0851063829787235,0,Middle Class Shoppers
1980,Graduation,Divorced,81702.0,0,0,2012-09-23,98,563,50,774,28,31,187,1,7,7,12,3,0,0,0,0,0,0,0,46,2012,9,23,4985,Divorced,3,1633,272.1666666666667,1633.0,27,0.25,0.03571428571428571,58.32142857142857,0,0.0,0,0,938.1063829787234,81702.0,1.9987026180189222,0.8181818181818182,2,Ultra Premium
1980,2n Cycle,Single,45889.0,0,1,2013-07-02,42,31,0,6,0,1,8,1,1,0,3,6,0,0,0,0,0,0,0,46,2013,7,2,4703,Single,2,46,7.666666666666667,23.0,5,0.16666666666666666,0.16666666666666666,7.666666666666667,0,0.0,0,0,4.8936170212765955,22944.5,0.10023970363913708,0.6976744186046512,0,Middle Class Shoppers
1977,Graduation,Single,56628.0,0,1,2014-03-21,30,479,5,82,7,17,171,2,7,6,5,5,1,0,0,0,0,0,0,49,2014,3,21,4441,Single,3,761,126.83333333333333,380.5,20,0.3333333333333333,0.09523809523809523,36.23809523809524,1,0.2,1,0,304.4,28314.0,1.3438344311218633,3.225806451612903,0,Middle Class Shoppers
1950,Graduation,Together,34026.0,1,1,2013-08-05,11,18,6,15,12,8,17,3,2,1,3,5,0,0,0,0,0,0,0,76,2013,8,5,4669,Partnered,3,76,12.666666666666666,25.333333333333332,9,0.2,0.3,7.6,0,0.0,0,0,8.883116883116884,11342.0,0.22335204396508654,3.75,3,Budget Conscious
1974,Graduation,Married,40049.0,0,1,2012-11-29,61,91,65,52,10,44,28,3,3,2,6,5,0,0,0,0,0,0,0,52,2012,11,29,4918,Married,3,290,48.333333333333336,145.0,14,0.2,0.2,19.333333333333332,0,0.0,0,0,76.60377358490567,20024.5,0.7240948813982522,1.1290322580645162,3,Budget Conscious
1988,Graduation,Single,34176.0,1,0,2014-05-12,12,5,7,24,19,14,20,4,3,0,4,6,0,0,0,0,0,0,0,38,2014,5,12,4389,Single,3,89,14.833333333333334,44.5,11,0.25,0.3333333333333333,7.416666666666667,0,0.0,0,0,25.102564102564102,17088.0,0.2604090470199257,5.076923076923077,3,Budget Conscious
1981,Graduation,Married,19419.0,1,0,2012-11-10,76,2,14,28,16,3,7,4,4,0,3,9,0,0,0,0,0,0,0,45,2012,11,10,4937,Married,3,70,11.666666666666666,35.0,11,0.3333333333333333,0.3333333333333333,5.833333333333333,0,0.0,0,0,16.73913043478261,9709.5,0.3604531410916581,1.2857142857142858,3,Budget Conscious
1960,2n Cycle,Married,82504.0,0,0,2013-07-27,2,362,50,431,134,35,54,1,3,6,7,1,0,0,0,0,0,0,0,66,2013,7,27,4678,Married,2,1066,177.66666666666666,1066.0,17,0.16666666666666666,0.05555555555555555,59.22222222222222,0,0.0,0,0,270.4776119402985,82504.0,1.2920429064905157,5.666666666666667,1,Premium Spenders
1970,Graduation,Together,81205.0,0,0,2014-01-13,43,724,74,929,97,55,130,1,5,6,7,2,1,0,1,0,1,0,1,56,2014,1,13,4508,Partnered,3,2009,334.8333333333333,2009.0,19,0.25,0.05,100.45,3,0.6,1,1,669.6666666666666,81205.0,2.473955126468488,0.8636363636363636,2,Ultra Premium
1991,2n Cycle,Single,61618.0,0,0,2012-09-29,27,605,91,399,0,45,205,2,3,6,8,3,0,0,0,0,0,0,0,35,2012,9,29,4979,Single,2,1345,224.16666666666666,1345.0,19,0.15,0.1,67.25,0,0.0,0,0,709.8611111111111,61618.0,2.1827683019847774,2.0357142857142856,2,Ultra Premium
1956,Master,Single,55284.0,0,1,2012-12-24,60,547,7,140,0,7,63,3,7,5,8,5,0,0,0,0,0,0,0,70,2012,12,24,4893,Single,4,764,127.33333333333333,382.0,23,0.2916666666666667,0.125,31.833333333333332,0,0.0,0,0,247.49295774647888,27642.0,1.3819299990955956,1.8852459016393444,0,Middle Class Shoppers
1963,Graduation,Single,49980.0,0,1,2013-10-23,79,104,1,54,13,9,14,2,3,1,5,5,0,0,0,0,0,0,0,63,2013,10,23,4590,Single,3,195,32.5,97.5,11,0.25,0.16666666666666666,16.25,0,0.0,0,0,33.515625,24990.0,0.39014825633740824,0.6875,0,Middle Class Shoppers
1980,Graduation,Married,15072.0,2,0,2013-05-10,96,8,2,15,0,10,18,4,3,1,3,5,0,0,0,0,0,0,0,46,2013,5,10,4756,Married,3,53,8.833333333333334,17.666666666666668,11,0.25,0.3333333333333333,4.416666666666667,0,0.0,0,0,12.404255319148936,5024.0,0.3516221057520069,0.5670103092783505,3,Budget Conscious
1974,Graduation,Single,49166.0,0,1,2013-06-13,17,224,2,25,7,0,110,2,5,3,3,6,0,0,0,0,0,0,0,52,2013,6,13,4722,Single,3,368,61.333333333333336,184.0,13,0.35714285714285715,0.14285714285714285,26.285714285714285,0,0.0,0,0,90.26415094339623,24583.0,0.748469501901682,4.333333333333333,0,Middle Class Shoppers
1957,2n Cycle,Married,82347.0,0,0,2012-11-06,38,556,54,845,202,133,63,1,7,7,10,3,1,0,0,1,0,0,0,69,2012,11,6,4941,Married,2,1853,308.8333333333333,1853.0,25,0.2692307692307692,0.038461538461538464,71.26923076923077,2,0.4,1,1,661.7857142857143,82347.0,2.2502064409578857,1.9230769230769231,2,Ultra Premium
1966,PhD,Together,30843.0,1,1,2014-05-26,43,24,0,2,0,0,9,2,1,1,2,5,1,0,0,0,0,0,0,60,2014,5,26,4375,Partnered,5,35,5.833333333333333,11.666666666666666,6,0.14285714285714285,0.2857142857142857,5.0,1,0.2,1,0,3.442622950819672,10281.0,0.11347425755414343,0.6818181818181818,3,Budget Conscious
1974,PhD,Married,46374.0,0,1,2014-03-17,1,408,0,21,0,0,17,3,7,1,7,8,0,1,0,1,0,0,1,52,2014,3,17,4445,Married,5,446,74.33333333333333,223.0,18,0.3684210526315789,0.15789473684210525,23.473684210526315,2,0.4,1,1,151.47169811320754,23187.0,0.9617250673854447,72.0,0,Middle Class Shoppers
1979,Graduation,Single,60474.0,0,1,2013-04-01,25,265,199,303,234,9,170,7,10,2,12,7,0,0,0,0,0,0,0,47,2013,4,1,4795,Single,3,1180,196.66666666666666,590.0,31,0.3125,0.21875,36.875,0,0.0,0,0,762.0833333333334,30237.0,1.951219512195122,8.346153846153847,1,Premium Spenders
1973,Master,Married,38576.0,0,1,2014-03-04,2,34,0,7,0,0,0,1,1,0,3,7,0,0,0,0,0,0,0,53,2014,3,4,4458,Married,4,41,6.833333333333333,20.5,5,0.16666666666666666,0.16666666666666666,6.833333333333333,0,0.0,0,0,3.7962962962962963,19288.0,0.10628094460429789,11.666666666666666,3,Budget Conscious
1985,Graduation,Married,55357.0,2,0,2013-02-19,66,374,64,116,84,25,64,3,6,2,11,5,0,0,0,0,0,0,0,41,2013,2,19,4836,Married,3,727,121.16666666666667,242.33333333333334,22,0.2608695652173913,0.13043478260869565,31.608695652173914,0,0.0,0,0,380.8095238095238,18452.333333333332,1.313269988077604,1.6417910447761195,0,Middle Class Shoppers
1966,Graduation,Together,37758.0,1,1,2012-10-04,49,27,2,10,0,0,1,2,1,0,3,8,0,0,0,0,0,0,0,60,2012,10,4,4974,Partnered,3,40,6.666666666666667,13.333333333333334,6,0.14285714285714285,0.2857142857142857,5.714285714285714,0,0.0,0,0,3.9344262295081966,12586.0,0.105935008872057,0.96,3,Budget Conscious
1989,2n Cycle,Married,85710.0,0,0,2013-05-05,5,600,20,350,29,30,33,1,6,9,10,2,0,0,1,0,0,0,0,37,2013,5,5,4761,Married,2,1062,177.0,1062.0,26,0.2222222222222222,0.037037037037037035,39.333333333333336,1,0.2,1,0,726.6315789473684,85710.0,1.2390474968207115,8.666666666666666,1,Premium Spenders
1969,Graduation,Together,23228.0,1,0,2014-01-26,71,13,2,18,6,1,0,2,2,0,3,8,0,0,0,0,0,0,0,57,2014,1,26,4495,Partnered,3,40,6.666666666666667,20.0,7,0.25,0.25,5.0,0,0.0,0,0,4.827586206896552,11614.0,0.17219854492229542,0.7777777777777778,3,Budget Conscious
1969,Master,Together,44602.0,1,1,2014-02-15,35,167,2,89,0,0,34,6,6,1,4,8,0,0,0,0,0,0,0,57,2014,2,15,4475,Partnered,4,292,48.666666666666664,97.33333333333333,17,0.3333333333333333,0.3333333333333333,16.22222222222222,0,0.0,0,0,85.58620689655173,14867.333333333334,0.6546644844517185,3.7777777777777777,0,Middle Class Shoppers
1987,Graduation,Married,7500.0,0,0,2013-01-09,94,0,2,3,4,1,5,1,0,0,3,6,0,0,0,0,0,0,0,39,2013,1,9,4877,Married,3,15,2.5,15.0,4,0.0,0.2,3.0,0,0.0,0,0,1.5,7500.0,0.1999733368884149,0.25263157894736843,3,Budget Conscious
1989,2n Cycle,Together,38683.0,1,0,2012-10-04,80,46,35,69,84,41,66,6,4,1,6,7,0,0,0,0,0,0,0,37,2012,10,4,4974,Partnered,2,341,56.833333333333336,170.5,17,0.2222222222222222,0.3333333333333333,18.944444444444443,0,0.0,0,0,152.55263157894737,19341.5,0.8815013959259642,1.4691358024691359,3,Budget Conscious
1975,2n Cycle,Single,49514.0,1,0,2013-12-17,61,88,39,78,58,13,93,2,6,1,4,7,0,0,0,0,0,0,0,51,2013,12,17,4535,Single,2,369,61.5,184.5,13,0.42857142857142855,0.14285714285714285,26.357142857142858,0,0.0,0,0,92.25,24757.0,0.7452287185701303,1.467741935483871,0,Middle Class Shoppers
1973,PhD,Together,57906.0,0,1,2013-06-11,29,243,11,119,10,3,15,3,4,2,8,4,0,0,0,0,0,0,0,53,2013,6,11,4724,Partnered,5,401,66.83333333333333,200.5,17,0.2222222222222222,0.16666666666666666,22.27777777777778,0,0.0,0,0,126.24074074074075,28953.0,0.6924896817310515,2.2666666666666666,0,Middle Class Shoppers
1966,Master,Single,43456.0,0,1,2013-03-26,0,275,11,68,25,7,7,3,5,1,8,5,0,0,0,0,0,0,0,60,2013,3,26,4801,Single,4,393,65.5,196.5,17,0.2777777777777778,0.16666666666666666,21.833333333333332,0,0.0,0,0,109.52459016393442,21728.0,0.9043422233472167,85.0,0,Middle Class Shoppers
1986,Master,Single,19485.0,2,0,2013-09-24,80,6,0,4,0,0,0,1,1,0,2,7,0,0,0,0,0,0,0,40,2013,9,24,4619,Single,4,10,1.6666666666666667,3.3333333333333335,4,0.2,0.2,2.0,0,0.0,0,0,0.975609756097561,6495.0,0.051318895617366314,0.345679012345679,3,Budget Conscious
1978,Graduation,Together,53172.0,0,1,2013-05-06,54,121,62,90,68,20,125,3,2,3,8,3,0,0,0,0,0,0,0,48,2013,5,6,4760,Partnered,3,486,81.0,243.0,16,0.11764705882352941,0.17647058823529413,28.58823529411765,0,0.0,0,0,158.69387755102042,26586.0,0.9139977056024675,0.8727272727272727,0,Middle Class Shoppers
1979,Graduation,Together,30545.0,1,0,2012-10-17,71,4,12,15,19,7,12,2,2,0,3,7,0,0,0,0,0,0,0,47,2012,10,17,4961,Partnered,3,69,11.5,34.5,7,0.25,0.25,8.625,0,0.0,0,0,10.0625,15272.5,0.2258888234138676,0.6805555555555556,3,Budget Conscious
1983,PhD,Together,70123.0,0,0,2013-09-28,27,1308,0,396,23,0,0,1,5,7,4,3,0,1,0,0,1,0,0,43,2013,9,28,4615,Partnered,5,1727,287.8333333333333,1727.0,17,0.2777777777777778,0.05555555555555555,95.94444444444444,2,0.4,1,1,667.25,70123.0,2.4627802178997205,1.8214285714285714,2,Ultra Premium
1959,Graduation,Single,62450.0,0,1,2014-01-06,61,515,47,267,62,66,38,2,5,5,4,3,0,1,0,0,0,0,0,67,2014,1,6,4515,Single,3,995,165.83333333333334,497.5,16,0.29411764705882354,0.11764705882352941,58.529411764705884,1,0.2,1,0,234.11764705882354,31225.0,1.5932491073001234,0.7741935483870968,1,Premium Spenders
1976,Graduation,Together,21675.0,1,0,2014-06-11,55,4,0,16,17,4,4,3,4,0,3,7,0,0,0,0,0,0,0,50,2014,6,11,4359,Partnered,3,45,7.5,22.5,10,0.36363636363636365,0.2727272727272727,4.090909090909091,0,0.0,0,0,8.823529411764707,10837.5,0.20760287875991879,1.25,3,Budget Conscious
1981,2n Cycle,Single,42395.0,1,1,2014-04-04,35,48,13,57,24,15,25,4,3,1,4,7,0,0,0,0,0,0,0,45,2014,4,4,4427,Single,2,182,30.333333333333332,60.666666666666664,12,0.23076923076923078,0.3076923076923077,14.0,0,0.0,0,0,47.47826086956522,14131.666666666666,0.42928578167751674,2.3333333333333335,3,Budget Conscious
1978,Master,Together,61346.0,1,0,2013-10-06,34,562,58,168,43,16,142,1,5,7,10,3,0,0,0,0,0,0,0,48,2013,10,6,4607,Partnered,4,989,164.83333333333334,494.5,23,0.20833333333333334,0.041666666666666664,41.208333333333336,0,0.0,0,0,464.2244897959184,30673.0,1.612140772979934,1.9714285714285715,1,Premium Spenders
1953,Graduation,Together,80812.0,0,0,2013-09-17,95,769,22,500,210,143,33,1,4,8,5,2,1,0,1,1,0,0,0,73,2013,9,17,4626,Partnered,3,1677,279.5,1677.0,18,0.21052631578947367,0.05263157894736842,88.26315789473684,3,0.6,1,1,407.9189189189189,80812.0,2.0751611745634984,0.375,2,Ultra Premium
1971,Master,Divorced,42835.0,1,1,2013-06-30,64,379,4,93,12,9,98,7,6,6,4,6,0,0,0,0,0,0,0,55,2013,6,30,4705,Divorced,4,595,99.16666666666667,198.33333333333334,23,0.25,0.2916666666666667,24.791666666666668,0,0.0,0,0,244.375,14278.333333333334,1.3890185825007002,2.123076923076923,0,Middle Class Shoppers
1983,Graduation,Married,39922.0,1,0,2013-02-14,30,29,12,59,19,1,36,2,3,0,4,8,0,0,0,0,0,0,0,43,2013,2,14,4841,Married,3,156,26.0,78.0,9,0.3,0.2,15.6,0,0.0,0,0,31.90909090909091,19961.0,0.39075219798111366,2.3225806451612905,3,Budget Conscious
1956,Master,Single,86424.0,0,0,2014-04-05,12,387,68,569,89,45,68,1,6,9,12,1,0,0,0,0,0,0,0,70,2014,4,5,4426,Single,4,1226,204.33333333333334,1226.0,28,0.20689655172413793,0.034482758620689655,42.275862068965516,0,0.0,0,0,483.49295774647885,86424.0,1.418571015331212,2.1538461538461537,2,Ultra Premium
1978,2n Cycle,Together,17117.0,1,0,2013-01-17,96,12,23,38,30,18,7,4,3,1,3,9,0,0,0,0,0,0,0,48,2013,1,17,4869,Partnered,2,128,21.333333333333332,64.0,11,0.25,0.3333333333333333,10.666666666666666,0,0.0,0,0,28.73469387755102,8558.5,0.7477509054796121,1.0206185567010309,3,Budget Conscious
1972,Graduation,Single,24762.0,1,0,2014-02-10,16,6,10,12,3,15,40,3,3,1,2,8,1,0,0,0,0,0,1,54,2014,2,10,4480,Single,3,86,14.333333333333334,43.0,9,0.3,0.3,8.6,1,0.2,1,0,14.072727272727272,12381.0,0.34729233130073095,4.235294117647059,3,Budget Conscious
1975,Graduation,Married,35797.0,0,1,2012-10-16,16,27,1,14,4,1,21,2,2,0,3,8,0,0,0,0,0,0,0,51,2012,10,16,4962,Married,3,68,11.333333333333334,34.0,7,0.25,0.25,8.5,0,0.0,0,0,9.153846153846153,17898.5,0.18995474607519972,3.2941176470588234,3,Budget Conscious
1975,Graduation,Divorced,36627.0,2,0,2013-07-23,78,9,1,5,0,0,1,1,0,0,3,5,0,0,0,0,0,0,0,51,2013,7,23,4682,Divorced,3,16,2.6666666666666665,5.333333333333333,4,0.0,0.2,3.2,0,0.0,0,0,1.2307692307692308,12209.0,0.04368242874303811,0.25316455696202533,3,Budget Conscious
1981,2n Cycle,Married,51111.0,1,1,2014-06-19,83,22,0,19,6,5,3,2,2,0,3,6,0,0,0,0,0,0,0,45,2014,6,19,4351,Married,2,55,9.166666666666666,18.333333333333332,7,0.25,0.25,6.875,0,0.0,0,0,8.369565217391305,17037.0,0.10760682422914383,0.5,0,Middle Class Shoppers
1970,PhD,Together,82072.0,0,0,2013-07-02,67,889,55,685,168,92,129,1,3,2,13,1,0,0,0,0,0,0,0,56,2013,7,2,4703,Partnered,5,2018,336.3333333333333,2018.0,19,0.15,0.05,100.9,0,0.0,0,0,672.6666666666666,82072.0,2.4587866898980173,0.27941176470588236,2,Ultra Premium
1953,PhD,Single,46231.0,2,1,2012-11-26,87,189,2,55,0,5,12,4,6,1,4,9,0,0,0,0,0,0,0,73,2012,11,26,4921,Single,5,263,43.833333333333336,65.75,15,0.375,0.25,16.4375,0,0.0,0,0,53.310810810810814,11557.75,0.568870046720886,1.5340909090909092,0,Middle Class Shoppers
1959,Graduation,Married,42243.0,1,1,2013-12-11,34,48,0,2,0,0,5,2,2,0,3,7,0,0,0,0,0,0,0,67,2013,12,11,4541,Married,3,55,9.166666666666666,18.333333333333332,7,0.25,0.25,6.875,0,0.0,0,0,5.661764705882353,14081.0,0.1301960041662721,1.4,3,Budget Conscious
1962,Graduation,Together,51195.0,1,1,2013-04-01,46,230,14,156,82,24,58,8,9,2,5,8,0,0,0,0,0,0,0,64,2013,4,1,4795,Partnered,3,564,94.0,188.0,24,0.36,0.32,22.56,0,0.0,0,0,208.24615384615385,17065.0,1.1016485662942417,4.085106382978723,0,Middle Class Shoppers
1978,Master,Single,68092.0,0,0,2013-12-16,7,852,60,207,78,36,48,2,2,6,10,5,0,0,0,0,0,0,0,48,2013,12,16,4536,Single,4,1281,213.5,1281.0,20,0.09523809523809523,0.09523809523809523,61.0,0,0.0,0,0,522.8571428571429,68092.0,1.8812506425036346,12.5,1,Premium Spenders
1973,Graduation,Married,31814.0,1,0,2013-02-09,73,35,3,20,4,1,20,2,2,0,3,9,1,0,0,0,0,0,0,53,2013,2,9,4846,Married,3,83,13.833333333333334,41.5,7,0.25,0.25,10.375,1,0.2,1,0,10.75925925925926,15907.0,0.26088323118026086,0.8513513513513513,3,Budget Conscious
1965,Master,Widow,51390.0,1,1,2012-09-08,54,205,20,47,23,2,56,6,5,2,5,5,0,0,0,0,0,0,0,61,2012,9,8,5000,Widowed,4,353,58.833333333333336,117.66666666666667,18,0.2631578947368421,0.3157894736842105,18.57894736842105,0,0.0,0,0,102.48387096774194,17130.0,0.6868907007063494,1.6363636363636365,0,Middle Class Shoppers
1983,Graduation,Married,76630.0,0,0,2014-01-14,93,255,31,446,40,56,175,1,3,10,11,1,0,0,0,0,0,0,0,43,2014,1,14,4507,Married,3,1003,167.16666666666666,1003.0,25,0.11538461538461539,0.038461538461538464,38.57692307692308,0,0.0,0,0,569.8863636363636,76630.0,1.3088697785491512,0.26595744680851063,1,Premium Spenders
1991,Basic,Single,26868.0,1,0,2014-04-30,52,0,0,1,8,3,2,1,1,0,2,7,0,0,0,0,0,0,0,35,2014,4,30,4401,Single,1,14,2.3333333333333335,7.0,4,0.2,0.2,2.8,0,0.0,0,0,1.5555555555555556,13434.0,0.052104655923182856,0.5283018867924528,3,Budget Conscious
1972,PhD,Single,55260.0,0,1,2012-12-12,81,825,8,53,11,0,242,2,8,10,5,6,0,0,0,0,0,0,0,54,2012,12,12,4905,Single,5,1139,189.83333333333334,569.5,25,0.3076923076923077,0.07692307692307693,43.80769230769231,0,0.0,0,0,517.7272727272727,27630.0,2.061128101192523,1.829268292682927,1,Premium Spenders
1956,Graduation,Together,64090.0,0,1,2013-08-07,8,316,58,161,76,51,135,1,6,9,4,5,0,0,0,0,0,0,1,70,2013,8,7,4667,Partnered,3,797,132.83333333333334,398.5,20,0.2857142857142857,0.047619047619047616,37.95238095238095,0,0.0,0,0,224.50704225352112,32045.0,1.243544335398106,11.11111111111111,1,Premium Spenders
1958,Graduation,Divorced,78331.0,0,1,2014-01-23,97,756,138,354,160,169,61,2,10,6,7,4,0,0,0,0,0,0,0,68,2014,1,23,4498,Divorced,3,1638,273.0,819.0,25,0.38461538461538464,0.07692307692307693,63.0,0,0.0,0,0,593.4782608695652,39165.5,2.0910994229689015,1.0204081632653061,1,Premium Spenders
1974,PhD,Married,37087.0,1,0,2013-08-11,50,194,55,134,15,0,3,3,4,2,8,6,0,0,0,0,0,0,0,52,2013,8,11,4663,Married,5,401,66.83333333333333,200.5,17,0.2222222222222222,0.16666666666666666,22.27777777777778,0,0.0,0,0,128.62264150943398,18543.5,1.0812122519413288,2.0,3,Budget Conscious
1986,Graduation,Divorced,21846.0,1,0,2013-10-22,38,7,17,18,6,10,26,4,4,0,3,8,0,0,0,0,0,0,0,40,2013,10,22,4591,Divorced,3,84,14.0,42.0,11,0.3333333333333333,0.3333333333333333,7.0,0,0.0,0,0,22.536585365853657,10923.0,0.3844921499519385,2.2564102564102564,3,Budget Conscious
1958,Graduation,Married,81320.0,0,0,2013-02-06,61,183,33,493,59,103,57,1,4,3,10,2,0,0,0,0,0,0,0,68,2013,2,6,4849,Married,3,928,154.66666666666666,928.0,18,0.21052631578947367,0.05263157894736842,48.8421052631579,0,0.0,0,0,242.08695652173913,81320.0,1.1411566508036053,0.5806451612903226,1,Premium Spenders
1970,Graduation,Divorced,54137.0,0,1,2013-08-16,46,171,0,11,0,1,20,2,4,1,4,6,0,0,0,0,0,0,0,56,2013,8,16,4658,Divorced,3,203,33.833333333333336,101.5,11,0.3333333333333333,0.16666666666666666,16.916666666666668,0,0.0,0,0,39.175438596491226,27068.5,0.3749676752004138,1.4042553191489362,0,Middle Class Shoppers
1967,Graduation,Together,66825.0,0,0,2013-07-14,73,243,101,405,29,40,40,1,4,5,6,2,0,0,0,0,0,0,0,59,2013,7,14,4691,Partnered,3,858,143.0,858.0,16,0.23529411764705882,0.058823529411764705,50.470588235294116,0,0.0,0,0,228.8,66825.0,1.2839314039445726,0.43243243243243246,1,Premium Spenders
1973,Graduation,Together,57100.0,0,0,2013-12-04,19,181,21,69,39,3,96,1,3,3,6,3,0,0,0,0,0,0,0,53,2013,12,4,4548,Partnered,3,409,68.16666666666667,409.0,13,0.21428571428571427,0.07142857142857142,29.214285714285715,0,0.0,0,0,98.46296296296296,57100.0,0.7162746711966516,1.95,0,Middle Class Shoppers
1969,Graduation,Together,58917.0,1,2,2013-03-24,10,151,7,89,0,7,28,5,4,1,6,5,0,0,0,0,0,0,0,57,2013,3,24,4803,Partnered,3,282,47.0,70.5,16,0.23529411764705882,0.29411764705882354,16.58823529411765,0,0.0,0,0,77.79310344827586,14729.25,0.4786313181031264,7.2727272727272725,0,Middle Class Shoppers
1977,Graduation,Single,85072.0,0,0,2014-04-09,94,494,92,391,194,11,241,1,3,4,10,0,0,0,0,0,0,0,0,49,2014,4,9,4422,Single,3,1423,237.16666666666666,1423.0,18,0.15789473684210525,0.05263157894736842,74.89473684210526,0,0.0,0,0,512.28,85072.0,1.67268110916507,0.0,2,Ultra Premium
1961,Graduation,Single,86429.0,0,0,2013-11-21,10,464,28,873,29,18,37,0,7,4,7,2,0,0,0,1,0,0,1,65,2013,11,21,4561,Single,3,1449,241.5,1449.0,18,0.3684210526315789,0.0,76.26315789473684,1,0.2,1,0,395.1818181818182,86429.0,1.6765012148559528,3.272727272727273,2,Ultra Premium
1971,Graduation,Widow,45684.0,1,0,2013-12-02,37,5,1,5,10,0,7,1,1,0,2,7,0,0,0,0,0,0,0,55,2013,12,2,4550,Widowed,3,28,4.666666666666667,14.0,4,0.2,0.2,5.6,0,0.0,0,0,2.0,22842.0,0.061289263434387654,0.7368421052631579,0,Middle Class Shoppers
1974,Graduation,Together,47889.0,1,0,2014-01-04,94,29,0,29,0,5,4,1,2,0,3,5,0,0,0,0,0,0,0,52,2014,1,4,4517,Partnered,3,67,11.166666666666666,33.5,6,0.2857142857142857,0.14285714285714285,9.571428571428571,0,0.0,0,0,7.584905660377358,23944.5,0.1399039465441637,0.3157894736842105,0,Middle Class Shoppers
1986,PhD,Married,45921.0,0,0,2014-03-10,23,102,9,49,24,3,12,1,2,1,6,4,0,0,0,0,0,0,0,40,2014,3,10,4452,Married,5,199,33.166666666666664,199.0,10,0.18181818181818182,0.09090909090909091,18.09090909090909,0,0.0,0,0,48.53658536585366,45921.0,0.4333434954923566,1.6666666666666667,0,Middle Class Shoppers
1966,PhD,Single,78420.0,0,0,2013-06-29,75,604,28,674,91,28,28,1,3,10,8,1,0,0,0,0,0,0,0,60,2013,6,29,4706,Single,5,1453,242.16666666666666,1453.0,22,0.13043478260869565,0.043478260869565216,63.17391304347826,0,0.0,0,0,524.0327868852459,78420.0,1.8528200354496882,0.2894736842105263,2,Ultra Premium
1992,Graduation,Together,75114.0,0,0,2013-11-07,40,571,12,523,63,60,24,1,3,10,5,2,0,0,0,0,0,0,0,34,2013,11,7,4575,Partnered,3,1253,208.83333333333334,1253.0,19,0.15,0.05,62.65,0,0.0,0,0,680.2,75114.0,1.6681088996871465,0.926829268292683,1,Premium Spenders
1963,PhD,Widow,52278.0,0,1,2013-01-25,24,953,0,71,0,0,174,6,10,5,10,8,0,0,0,0,0,0,1,63,2013,1,25,4861,Widowed,5,1198,199.66666666666666,599.0,31,0.3125,0.1875,37.4375,0,0.0,0,0,580.28125,26139.0,2.2915511008244227,9.92,1,Premium Spenders
1972,Master,Married,35641.0,1,0,2013-07-14,11,63,3,67,8,9,28,2,3,1,4,7,0,0,0,0,0,0,1,54,2013,7,14,4691,Married,4,178,29.666666666666668,89.0,10,0.2727272727272727,0.18181818181818182,16.181818181818183,0,0.0,0,0,32.36363636363637,17820.5,0.4994108074743281,5.833333333333333,3,Budget Conscious
1994,Graduation,Single,94545.1,0,0,2012-12-03,29,770,29,890,250,27,24,1,7,3,7,3,0,0,1,0,0,0,1,32,2012,12,3,4914,Single,3,1990,331.6666666666667,1990.0,18,0.3684210526315789,0.05263157894736842,104.73684210526316,1,0.2,1,0,1085.4545454545455,94545.1,2.104793323045583,1.8,2,Ultra Premium
1954,Graduation,Married,62820.0,0,0,2013-05-11,51,398,61,265,138,61,53,1,3,4,6,1,0,0,0,0,0,0,0,72,2013,5,11,4755,Married,3,976,162.66666666666666,976.0,14,0.2,0.06666666666666667,65.06666666666666,0,0.0,0,0,187.17808219178082,62820.0,1.5536206045749033,0.2692307692307692,1,Premium Spenders
1960,Master,Together,73113.0,0,0,2013-12-26,86,741,19,154,50,9,28,1,3,4,7,2,0,0,0,0,0,0,0,66,2013,12,26,4526,Partnered,4,1001,166.83333333333334,1001.0,15,0.1875,0.0625,62.5625,0,0.0,0,0,224.1044776119403,73113.0,1.369094838197883,0.3448275862068966,1,Premium Spenders
1954,2n Cycle,Single,42607.0,0,1,2013-11-17,30,156,29,56,30,32,47,2,3,2,7,3,0,0,0,0,0,0,0,72,2013,11,17,4565,Single,2,350,58.333333333333336,175.0,14,0.2,0.13333333333333333,23.333333333333332,0,0.0,0,0,67.12328767123287,21303.5,0.8214419827262487,1.3548387096774193,0,Middle Class Shoppers
1954,PhD,Single,74637.0,0,0,2013-05-18,73,960,64,464,146,0,16,1,6,9,9,3,0,0,0,1,0,0,0,72,2013,5,18,4748,Single,5,1650,275.0,1650.0,25,0.23076923076923078,0.038461538461538464,63.46153846153846,1,0.2,1,0,565.068493150685,74637.0,2.210670168010933,1.0135135135135136,2,Ultra Premium
1955,PhD,Together,46015.0,1,1,2014-04-13,25,38,0,2,0,0,6,1,1,0,3,7,1,0,0,0,1,0,0,71,2014,4,13,4418,Partnered,5,46,7.666666666666667,15.333333333333334,5,0.16666666666666666,0.16666666666666666,7.666666666666667,2,0.4,1,1,3.1944444444444446,15338.333333333334,0.09996522948539639,1.3461538461538463,0,Middle Class Shoppers
1993,Graduation,Single,72354.0,0,0,2013-04-17,67,315,26,473,220,12,182,1,2,10,6,1,0,0,0,0,0,0,0,33,2013,4,17,4779,Single,3,1228,204.66666666666666,1228.0,19,0.1,0.05,61.4,0,0.0,0,0,686.2352941176471,72354.0,1.697187478405086,0.27941176470588236,1,Premium Spenders
1969,Master,Single,39858.0,1,0,2013-01-24,67,15,20,25,2,7,26,1,2,0,4,6,0,0,0,0,0,0,1,57,2013,1,24,4862,Single,4,95,15.833333333333334,47.5,7,0.25,0.125,11.875,0,0.0,0,0,11.46551724137931,19929.0,0.23834014902531422,0.6176470588235294,3,Budget Conscious
1948,PhD,Married,34469.0,1,1,2014-05-04,58,19,6,20,0,5,12,3,1,1,4,4,0,0,0,0,0,0,0,78,2014,5,4,4397,Married,5,62,10.333333333333334,20.666666666666668,9,0.1,0.3,6.2,0,0.0,0,0,7.063291139240507,11489.666666666666,0.17986655062373078,0.6101694915254238,3,Budget Conscious
1986,Graduation,Together,83033.0,1,0,2014-05-18,82,812,99,431,237,149,33,1,11,4,10,5,0,0,0,1,0,0,0,40,2014,5,18,4383,Partnered,3,1761,293.5,880.5,26,0.4074074074074074,0.037037037037037035,65.22222222222223,1,0.2,1,0,1116.7317073170732,41516.5,2.120817978177614,1.5662650602409638,1,Premium Spenders
1979,Master,Together,24401.0,0,0,2012-08-31,98,73,28,217,10,24,115,3,6,1,6,8,0,0,0,0,0,0,0,47,2012,8,31,5008,Partnered,4,467,77.83333333333333,467.0,16,0.35294117647058826,0.17647058823529413,27.470588235294116,0,0.0,0,0,155.66666666666666,24401.0,1.9137775592164576,1.292929292929293,3,Budget Conscious
1978,Graduation,Married,77583.0,0,0,2014-02-10,93,372,23,384,250,12,108,1,4,5,9,2,0,0,0,1,0,0,0,48,2014,2,10,4480,Married,3,1149,191.5,1149.0,19,0.2,0.05,57.45,1,0.2,1,0,445.53061224489795,77583.0,1.4809754588574964,0.40425531914893614,1,Premium Spenders
1982,2n Cycle,Single,74116.0,0,0,2013-12-30,53,871,111,704,145,55,166,1,4,4,10,2,0,1,0,0,0,0,0,44,2013,12,30,4522,Single,2,2052,342.0,2052.0,19,0.2,0.05,102.6,1,0.2,1,0,866.4,74116.0,2.768595598850466,0.7037037037037037,2,Ultra Premium
1976,PhD,Married,68397.0,0,1,2013-11-17,6,760,80,466,17,13,80,1,6,9,5,3,0,0,0,0,0,0,0,50,2013,11,17,4565,Married,5,1416,236.0,708.0,21,0.2727272727272727,0.045454545454545456,64.36363636363636,0,0.0,0,0,583.0588235294117,34198.5,2.0702359718120413,9.0,1,Premium Spenders
1974,PhD,Together,79632.0,0,0,2014-04-08,42,471,0,510,99,21,12,1,6,4,9,2,0,0,0,0,0,0,0,52,2014,4,8,4423,Partnered,5,1113,185.5,1113.0,20,0.2857142857142857,0.047619047619047616,53.0,0,0.0,0,0,420.0,79632.0,1.3976617733854055,0.9302325581395349,1,Premium Spenders
1989,Graduation,Single,46107.0,1,0,2014-02-10,78,31,9,27,16,9,33,1,1,1,4,3,0,0,0,0,0,0,0,37,2014,2,10,4480,Single,3,125,20.833333333333332,62.5,7,0.125,0.125,15.625,0,0.0,0,0,23.026315789473685,23053.5,0.271102628611087,0.26582278481012656,0,Middle Class Shoppers
1951,PhD,Single,64950.0,0,1,2012-08-12,29,819,0,72,12,0,63,2,11,2,10,7,0,1,0,0,0,0,0,75,2012,8,12,5027,Single,5,966,161.0,483.0,25,0.4230769230769231,0.07692307692307693,37.15384615384615,1,0.2,1,0,317.7631578947368,32475.0,1.4872750227094271,5.833333333333333,1,Premium Spenders
1989,Basic,Married,25443.0,1,0,2012-12-22,82,1,4,3,8,9,7,1,1,0,3,8,0,0,0,0,0,0,0,37,2012,12,22,4895,Married,1,32,5.333333333333333,16.0,5,0.16666666666666666,0.16666666666666666,5.333333333333333,0,0.0,0,0,4.2105263157894735,12721.5,0.1257663889325578,0.4819277108433735,3,Budget Conscious
1971,PhD,Together,32892.0,1,0,2014-05-25,78,26,0,15,2,1,2,2,3,0,3,8,0,0,0,0,0,0,0,55,2014,5,25,4376,Partnered,5,46,7.666666666666667,23.0,8,0.3333333333333333,0.2222222222222222,5.111111111111111,0,0.0,0,0,6.571428571428571,16446.0,0.13984738394187213,0.810126582278481,3,Budget Conscious
1971,Graduation,Together,71796.0,0,0,2013-10-24,54,354,21,311,167,75,32,1,9,3,4,4,0,0,0,0,0,0,0,55,2013,10,24,4589,Partnered,3,960,160.0,960.0,17,0.5,0.05555555555555555,53.333333333333336,0,0.0,0,0,291.42857142857144,71796.0,1.3371032215830745,1.2363636363636363,1,Premium Spenders
1970,PhD,Married,67536.0,0,1,2013-05-22,45,1253,0,447,23,71,35,3,11,5,11,8,0,0,0,1,0,0,0,56,2013,5,22,4744,Married,5,1829,304.8333333333333,914.5,30,0.3548387096774194,0.0967741935483871,59.0,1,0.2,1,0,962.6315789473684,33768.0,2.7081451648725885,5.217391304347826,1,Premium Spenders
1971,Graduation,Single,55239.0,0,1,2013-07-14,59,371,17,238,23,24,106,3,7,5,11,5,0,0,0,0,0,0,0,55,2013,7,14,4691,Single,3,779,129.83333333333334,389.5,26,0.25925925925925924,0.1111111111111111,28.85185185185185,0,0.0,0,0,361.67857142857144,27619.5,1.4102099927588703,2.1666666666666665,0,Middle Class Shoppers
1975,PhD,Divorced,60554.0,1,0,2013-08-09,8,588,7,76,110,15,15,2,8,4,9,6,0,0,0,0,0,0,0,51,2013,8,9,4665,Divorced,5,811,135.16666666666666,405.5,23,0.3333333333333333,0.08333333333333333,33.791666666666664,0,0.0,0,0,358.71153846153845,30277.0,1.3392783420031376,15.333333333333334,1,Premium Spenders
1952,2n Cycle,Single,64831.0,1,1,2013-06-10,51,480,86,249,75,86,144,8,6,3,5,6,0,0,0,0,0,0,0,74,2013,6,10,4725,Single,2,1120,186.66666666666666,373.3333333333333,22,0.2608695652173913,0.34782608695652173,48.69565217391305,0,0.0,0,0,328.53333333333336,21610.333333333332,1.7275419545903257,2.5384615384615383,1,Premium Spenders
1962,PhD,Together,56067.0,0,1,2013-07-20,51,517,12,54,16,6,120,2,7,4,7,5,0,0,0,0,0,0,0,64,2013,7,20,4685,Partnered,5,725,120.83333333333333,362.5,20,0.3333333333333333,0.09523809523809523,34.523809523809526,0,0.0,0,0,223.07692307692307,28033.5,1.2930726974388242,1.9230769230769231,0,Middle Class Shoppers
1983,Graduation,Divorced,82025.0,0,0,2013-05-28,76,267,98,606,48,70,98,1,3,2,6,1,0,0,1,0,0,0,1,43,2013,5,28,4738,Divorced,3,1187,197.83333333333334,1187.0,12,0.23076923076923078,0.07692307692307693,91.3076923076923,1,0.2,1,0,323.72727272727275,82025.0,1.447102138346378,0.15584415584415584,1,Premium Spenders
1953,Graduation,Together,94384.0,0,0,2013-03-04,62,1111,24,790,160,45,172,0,5,8,5,2,0,1,1,1,0,0,1,73,2013,3,4,4823,Partnered,3,2302,383.6666666666667,2302.0,18,0.2631578947368421,0.0,121.15789473684211,3,0.6,1,1,559.9459459459459,94384.0,2.438946866557186,0.5714285714285714,2,Ultra Premium
1986,Basic,Single,14906.0,0,0,2012-12-22,86,7,7,14,7,16,15,3,2,1,3,7,0,0,0,0,0,0,0,40,2012,12,22,4895,Single,1,66,11.0,66.0,9,0.2,0.3,6.6,0,0.0,0,0,14.487804878048781,14906.0,0.4427450191185349,0.7241379310344828,3,Budget Conscious
1987,PhD,Married,51563.0,0,0,2012-10-01,60,1166,0,48,0,0,36,1,4,4,10,8,0,1,1,0,0,0,0,39,2012,10,1,4977,Married,5,1250,208.33333333333334,1250.0,19,0.2,0.05,62.5,2,0.4,1,1,593.75,51563.0,2.4241719028779767,2.4918032786885247,1,Premium Spenders
1982,2n Cycle,Married,57937.0,0,1,2014-02-16,56,261,42,144,55,48,133,3,4,4,9,3,0,0,0,0,0,0,0,44,2014,2,16,4474,Married,2,683,113.83333333333333,341.5,20,0.19047619047619047,0.14285714285714285,32.523809523809526,0,0.0,0,0,303.55555555555554,28968.5,1.1788463529980324,1.0526315789473684,0,Middle Class Shoppers
1979,Graduation,Divorced,68274.0,1,1,2013-09-30,83,135,25,51,23,25,46,2,4,2,5,3,0,0,0,0,0,0,0,47,2013,9,30,4613,Divorced,3,305,50.833333333333336,101.66666666666667,13,0.2857142857142857,0.14285714285714285,21.785714285714285,0,0.0,0,0,82.60416666666667,22758.0,0.44672281215671916,0.4642857142857143,0,Middle Class Shoppers
1977,Graduation,Together,39771.0,1,0,2013-12-06,92,6,2,18,2,8,14,1,2,0,3,4,0,0,0,0,0,0,0,49,2013,12,6,4546,Partnered,3,50,8.333333333333334,25.0,6,0.2857142857142857,0.14285714285714285,7.142857142857143,0,0.0,0,0,6.0,19885.5,0.12571658453183143,0.25806451612903225,3,Budget Conscious
1975,2n Cycle,Divorced,67893.0,0,1,2012-10-01,31,711,28,142,49,18,47,2,3,2,9,8,0,0,0,0,0,0,0,51,2012,10,1,4977,Divorced,2,995,165.83333333333334,497.5,16,0.17647058823529413,0.11764705882352941,58.529411764705884,0,0.0,0,0,306.15384615384613,33946.5,1.4655197808348308,4.0,1,Premium Spenders
1979,PhD,Together,27922.0,1,0,2014-05-10,80,11,0,13,2,4,11,1,2,0,3,4,0,0,0,0,0,0,0,47,2014,5,10,4391,Partnered,5,41,6.833333333333333,20.5,6,0.2857142857142857,0.14285714285714285,5.857142857142857,0,0.0,0,0,5.125,13961.0,0.14683236041972567,0.2962962962962963,3,Budget Conscious
1976,PhD,Together,52190.0,1,1,2014-05-08,39,42,0,17,0,0,18,3,2,1,3,5,1,0,0,0,0,0,0,50,2014,5,8,4393,Partnered,5,77,12.833333333333334,25.666666666666668,9,0.2,0.3,7.7,1,0.2,1,0,13.588235294117647,17396.666666666668,0.1475350156157192,1.125,0,Middle Class Shoppers
1973,Master,Divorced,44051.0,1,1,2013-01-29,20,79,7,58,6,3,18,4,3,1,4,6,0,0,0,0,0,0,1,53,2013,1,29,4857,Divorced,4,171,28.5,57.0,12,0.23076923076923078,0.3076923076923077,13.153846153846153,0,0.0,0,0,38.0,14683.666666666666,0.3881776082811223,3.4285714285714284,0,Middle Class Shoppers
1971,PhD,Single,42767.0,2,0,2013-05-11,53,20,6,43,19,5,38,1,3,1,2,8,0,0,0,0,0,0,0,55,2013,5,11,4755,Single,5,131,21.833333333333332,43.666666666666664,7,0.375,0.125,16.375,0,0.0,0,0,16.375,14255.666666666666,0.30630377852600077,1.037037037037037,3,Budget Conscious
1976,Master,Together,46106.0,1,1,2014-05-11,84,30,0,8,2,0,14,1,1,1,2,6,0,0,0,0,0,0,0,50,2014,5,11,4390,Partnered,4,54,9.0,18.0,5,0.16666666666666666,0.16666666666666666,9.0,0,0.0,0,0,5.294117647058823,15368.666666666666,0.11711887565879367,0.35294117647058826,0,Middle Class Shoppers
1976,PhD,Married,16927.0,1,1,2013-02-10,50,20,2,23,3,1,4,5,3,0,4,8,0,0,0,0,0,0,0,50,2013,2,10,4845,Married,5,53,8.833333333333334,17.666666666666668,12,0.23076923076923078,0.38461538461538464,4.076923076923077,0,0.0,0,0,12.470588235294118,5642.333333333333,0.31309073724007563,1.8823529411764706,3,Budget Conscious
1965,Graduation,Married,59754.0,0,1,2012-12-01,96,115,27,44,4,146,139,3,5,2,6,5,0,0,0,0,0,0,1,61,2012,12,1,4916,Married,3,475,79.16666666666667,237.5,16,0.29411764705882354,0.17647058823529413,27.941176470588236,0,0.0,0,0,122.58064516129032,29877.0,0.7949125596184419,0.8247422680412371,0,Middle Class Shoppers
1952,Graduation,Single,53700.0,0,1,2012-08-17,94,263,5,233,69,41,83,4,5,5,8,5,0,0,0,0,0,0,0,74,2012,8,17,5022,Single,3,694,115.66666666666667,347.0,22,0.21739130434782608,0.17391304347826086,30.17391304347826,0,0.0,0,0,203.57333333333332,26850.0,1.2923409247500046,1.1578947368421053,0,Middle Class Shoppers
1973,Graduation,Married,59041.0,1,1,2014-05-07,25,69,2,15,2,2,6,2,2,0,4,5,0,0,0,0,0,0,0,53,2014,5,7,4394,Married,3,96,16.0,32.0,8,0.2222222222222222,0.2222222222222222,10.666666666666666,0,0.0,0,0,14.222222222222221,19680.333333333332,0.16259611801768234,1.5384615384615385,0,Middle Class Shoppers
1957,PhD,Divorced,54237.0,0,1,2013-04-27,48,267,3,30,4,0,57,4,5,2,5,6,0,0,0,0,0,0,0,69,2013,4,27,4769,Divorced,5,361,60.166666666666664,180.5,16,0.29411764705882354,0.23529411764705882,21.235294117647058,0,0.0,0,0,82.51428571428572,27118.5,0.6655850141966887,1.9591836734693877,0,Middle Class Shoppers
1967,Graduation,Divorced,70647.0,0,1,2012-09-21,65,561,85,171,25,123,114,2,4,7,13,2,0,0,0,0,0,0,0,59,2012,9,21,4987,Divorced,3,1079,179.83333333333334,539.5,26,0.14814814814814814,0.07407407407407407,39.96296296296296,0,0.0,0,0,467.56666666666666,35323.5,1.5272902276072924,0.7878787878787878,1,Premium Spenders
1962,PhD,Single,52597.0,0,1,2014-05-07,69,492,0,37,7,0,42,3,6,3,8,5,0,0,0,0,0,0,0,64,2014,5,7,4394,Single,5,578,96.33333333333333,289.0,20,0.2857142857142857,0.14285714285714285,27.523809523809526,0,0.0,0,0,177.84615384615384,26298.5,1.098901098901099,1.4285714285714286,0,Middle Class Shoppers
1969,Master,Together,41021.0,1,0,2012-12-30,12,14,7,9,6,16,12,2,2,0,3,6,0,0,0,0,0,0,1,57,2012,12,30,4887,Partnered,4,64,10.666666666666666,32.0,7,0.25,0.25,8.0,0,0.0,0,0,7.724137931034483,20510.5,0.1560138462288528,3.230769230769231,3,Budget Conscious
1975,PhD,Married,40233.0,0,1,2013-10-14,84,80,4,46,0,17,2,5,2,1,5,6,0,0,0,0,0,0,0,51,2013,10,14,4599,Married,5,149,24.833333333333332,74.5,13,0.14285714285714285,0.35714285714285715,10.642857142857142,0,0.0,0,0,37.25,20116.5,0.3703335487398718,0.9176470588235294,3,Budget Conscious
1980,Graduation,Married,50183.0,1,1,2014-06-25,47,97,12,84,13,10,15,7,3,1,6,5,0,0,0,0,0,0,0,46,2014,6,25,4345,Married,3,231,38.5,77.0,17,0.16666666666666666,0.3888888888888889,12.833333333333334,0,0.0,0,0,83.55319148936171,16727.666666666668,0.4603060736489718,1.7708333333333333,0,Middle Class Shoppers
1959,Graduation,Together,54753.0,0,1,2013-09-12,87,197,107,227,7,59,131,3,5,2,11,4,0,0,0,0,0,0,0,67,2013,9,12,4631,Partnered,3,728,121.33333333333333,364.0,21,0.22727272727272727,0.13636363636363635,33.09090909090909,0,0.0,0,0,224.8235294117647,27376.5,1.3295832267962158,0.9545454545454546,0,Middle Class Shoppers
1973,Graduation,Married,92955.0,0,0,2013-08-19,35,693,21,925,31,24,84,1,6,7,9,2,0,0,1,1,0,0,1,53,2013,8,19,4655,Married,3,1778,296.3333333333333,1778.0,23,0.25,0.041666666666666664,74.08333333333333,2,0.4,1,1,757.2962962962963,92955.0,1.912732905890959,1.2777777777777777,2,Ultra Premium
1973,Graduation,Married,33471.0,1,0,2012-10-12,47,43,2,27,0,9,12,3,3,0,4,7,0,0,0,0,0,0,0,53,2012,10,12,4966,Married,3,93,15.5,46.5,10,0.2727272727272727,0.2727272727272727,8.454545454545455,0,0.0,0,0,17.22222222222222,16735.5,0.27784416826003827,1.4583333333333333,3,Budget Conscious
1974,PhD,Married,34596.0,1,0,2013-04-13,48,14,0,2,0,0,7,1,1,0,2,8,0,0,0,0,0,0,1,52,2013,4,13,4783,Married,5,23,3.8333333333333335,11.5,4,0.2,0.2,4.6,0,0.0,0,0,1.7358490566037736,17298.0,0.06647975257970344,0.6530612244897959,3,Budget Conscious
1980,Graduation,Together,44010.0,1,0,2012-10-13,46,186,36,234,86,72,48,6,10,2,6,9,0,0,0,0,0,0,0,46,2012,10,13,4965,Partnered,3,662,110.33333333333333,331.0,24,0.4,0.24,26.48,0,0.0,0,0,338.0425531914894,22005.0,1.5041694121924065,4.595744680851064,0,Middle Class Shoppers
1988,Graduation,Married,84219.0,0,0,2014-02-02,27,434,137,400,45,137,45,1,3,4,10,1,0,0,0,0,0,0,0,38,2014,2,2,4488,Married,3,1198,199.66666666666666,1198.0,18,0.15789473684210525,0.05263157894736842,63.05263157894737,0,0.0,0,0,552.9230769230769,84219.0,1.4224649726905725,0.6428571428571429,1,Premium Spenders
1968,PhD,Together,40706.0,2,1,2013-01-17,37,59,0,11,4,2,5,4,3,0,4,7,0,0,0,0,0,0,0,58,2013,1,17,4869,Partnered,5,81,13.5,20.25,11,0.25,0.3333333333333333,6.75,0,0.0,0,0,15.101694915254237,10176.5,0.1989829759009507,2.026315789473684,3,Budget Conscious
1988,2n Cycle,Married,15716.0,1,0,2012-11-12,8,16,5,30,8,7,26,3,3,0,4,8,0,0,0,0,0,1,0,38,2012,11,12,4935,Married,2,92,15.333333333333334,46.0,10,0.2727272727272727,0.2727272727272727,8.363636363636363,0,0.0,0,0,23.58974358974359,7858.0,0.5853534389514539,8.88888888888889,3,Budget Conscious
1959,2n Cycle,Divorced,59052.0,0,1,2013-11-17,29,230,35,75,63,57,31,3,7,1,7,5,0,0,0,0,0,0,0,67,2013,11,17,4565,Divorced,2,491,81.83333333333333,245.5,18,0.3684210526315789,0.15789473684210525,25.842105263157894,0,0.0,0,0,129.97058823529412,29526.0,0.8314564882393781,3.0,0,Middle Class Shoppers
1971,Master,Together,80573.0,0,0,2012-10-14,85,829,138,430,60,92,15,1,4,6,13,2,0,0,0,0,0,0,0,55,2012,10,14,4964,Partnered,4,1564,260.6666666666667,1564.0,24,0.16,0.04,62.56,0,0.0,0,0,670.2857142857143,80573.0,1.9410728026410504,0.5581395348837209,2,Ultra Premium
1962,Graduation,Married,83715.0,0,0,2014-02-03,2,318,8,407,150,35,8,1,2,8,13,0,0,0,0,0,0,0,0,64,2014,2,3,4487,Married,3,926,154.33333333333334,926.0,24,0.08,0.04,37.04,0,0.0,0,0,341.9076923076923,83715.0,1.106120693774189,0.0,1,Premium Spenders
1959,Master,Together,82576.0,0,0,2012-08-01,66,1206,55,445,168,18,18,1,2,4,12,1,0,0,1,0,0,0,0,67,2012,8,1,5038,Partnered,4,1910,318.3333333333333,1910.0,19,0.1,0.05,95.5,1,0.2,1,0,533.6764705882352,82576.0,2.312992721944367,0.2835820895522388,2,Ultra Premium
1952,Graduation,Married,35704.0,1,1,2014-01-03,54,30,9,12,2,11,30,3,2,0,4,4,0,0,0,0,0,0,0,74,2014,1,3,4518,Married,3,94,15.666666666666666,31.333333333333332,9,0.2,0.3,9.4,0,0.0,0,0,11.28,11901.333333333334,0.26326844979694725,0.6545454545454545,3,Budget Conscious
1954,Graduation,Together,53103.0,0,1,2013-09-12,70,729,17,133,11,0,195,5,10,6,7,7,1,0,0,0,0,0,0,72,2013,9,12,4631,Partnered,3,1085,180.83333333333334,542.5,28,0.3448275862068966,0.1724137931034483,37.41379310344828,1,0.2,1,0,416.16438356164383,26551.5,2.043160590539319,2.76056338028169,1,Premium Spenders
1960,2n Cycle,Widow,46779.0,1,1,2013-07-12,55,12,1,3,0,0,7,1,0,1,2,4,0,0,0,0,0,0,0,66,2013,7,12,4693,Widowed,2,23,3.8333333333333335,7.666666666666667,4,0.0,0.2,4.6,0,0.0,0,0,1.373134328358209,15593.0,0.04916631038905515,0.2857142857142857,0,Middle Class Shoppers
1965,Graduation,Divorced,4861.0,0,0,2014-06-22,20,2,1,1,1,0,1,0,0,0,0,14,0,0,0,0,0,0,0,61,2014,6,22,4348,Divorced,3,6,1.0,6.0,0,0.0,0.0,6.0,0,0.0,0,0,0.0,4861.0,0.12340600575894693,0.0,3,Budget Conscious
1979,Master,Divorced,33462.0,1,0,2013-08-07,78,22,3,18,0,0,11,1,2,0,3,7,0,0,0,0,0,0,0,47,2013,8,7,4667,Divorced,4,54,9.0,27.0,6,0.2857142857142857,0.14285714285714285,7.714285714285714,0,0.0,0,0,6.75,16731.0,0.16137226190120432,0.5316455696202531,3,Budget Conscious
1950,Graduation,Married,80763.0,0,0,2013-08-15,17,674,168,108,192,42,231,1,5,11,6,3,0,0,1,1,0,0,1,76,2013,8,15,4659,Married,3,1415,235.83333333333334,1415.0,23,0.20833333333333334,0.041666666666666664,58.958333333333336,2,0.4,1,1,422.6623376623377,80763.0,1.7520182259422514,3.8333333333333335,2,Ultra Premium
1974,PhD,Married,65352.0,0,1,2013-08-21,43,284,3,84,4,7,23,2,4,2,8,4,0,0,0,0,0,0,0,52,2013,8,21,4653,Married,5,405,67.5,202.5,16,0.23529411764705882,0.11764705882352941,23.823529411764707,0,0.0,0,0,122.26415094339623,32676.0,0.6197114134010681,1.4545454545454546,0,Middle Class Shoppers
1978,PhD,Married,82170.0,0,0,2013-11-25,13,1023,93,651,49,55,37,1,5,6,7,2,0,0,0,0,0,0,0,48,2013,11,25,4557,Married,5,1908,318.0,1908.0,19,0.25,0.05,95.4,0,0.0,0,0,739.8367346938776,82170.0,2.321987075732314,2.7142857142857144,2,Ultra Premium
1969,Graduation,Married,75759.0,0,0,2013-10-25,46,1394,22,708,89,91,182,1,9,7,9,5,1,0,1,1,0,0,1,57,2013,10,25,4588,Married,3,2486,414.3333333333333,2486.0,26,0.3333333333333333,0.037037037037037035,92.07407407407408,3,0.6,1,1,1114.4137931034484,75759.0,3.281414994720169,2.765957446808511,2,Ultra Premium
1976,2n Cycle,Single,79689.0,0,0,2013-05-12,65,311,26,640,180,37,121,1,4,9,13,2,0,0,0,0,0,0,0,50,2013,5,12,4754,Single,2,1315,219.16666666666666,1315.0,27,0.14285714285714285,0.03571428571428571,46.964285714285715,0,0.0,0,0,696.1764705882352,79689.0,1.6501443091981427,0.8181818181818182,2,Ultra Premium
1956,PhD,Widow,35340.0,1,1,2014-06-29,1,27,0,12,0,1,5,2,2,0,3,5,0,0,0,0,0,0,0,70,2014,6,29,4341,Widowed,5,45,7.5,15.0,7,0.25,0.25,5.625,0,0.0,0,0,4.436619718309859,11780.0,0.12733086217141565,17.5,3,Budget Conscious
1954,Graduation,Divorced,85683.0,0,0,2014-03-21,6,1296,17,311,45,69,51,1,2,4,10,1,0,1,1,1,1,0,1,72,2014,3,21,4441,Divorced,3,1789,298.1666666666667,1789.0,17,0.1111111111111111,0.05555555555555555,99.38888888888889,4,0.8,1,1,416.6164383561644,85683.0,2.087904392885486,2.4285714285714284,2,Ultra Premium
1972,2n Cycle,Married,24884.0,1,0,2012-11-29,32,3,6,7,0,0,3,1,0,0,3,7,0,0,0,0,0,0,0,54,2012,11,29,4918,Married,2,19,3.1666666666666665,9.5,4,0.0,0.2,3.8,0,0.0,0,0,1.3818181818181818,12442.0,0.07635121559172192,0.8484848484848485,3,Budget Conscious
1981,Master,Together,42021.0,1,0,2012-08-31,34,393,5,136,7,5,27,5,10,1,6,9,1,0,0,0,0,0,0,45,2012,8,31,5008,Partnered,4,573,95.5,286.5,22,0.43478260869565216,0.21739130434782608,24.91304347826087,1,0.2,1,0,274.04347826086956,21010.5,1.3635714625672268,5.6571428571428575,0,Middle Class Shoppers
1989,Graduation,Single,64449.0,1,0,2014-02-18,70,218,63,282,137,35,70,4,5,3,12,4,0,0,0,0,0,0,0,37,2014,2,18,4472,Single,3,805,134.16666666666666,402.5,24,0.2,0.16,32.2,0,0.0,0,0,508.42105263157896,32224.5,1.2490302560124127,1.352112676056338,1,Premium Spenders
1954,Graduation,Divorced,64587.0,1,1,2014-06-22,49,66,0,16,0,6,20,2,1,1,4,3,0,0,0,0,0,0,0,72,2014,6,22,4348,Divorced,3,108,18.0,36.0,8,0.1111111111111111,0.2222222222222222,12.0,0,0.0,0,0,11.835616438356164,21529.0,0.16721372391156253,0.48,0,Middle Class Shoppers
1978,Graduation,Together,75437.0,0,0,2013-11-09,25,795,0,545,95,58,0,1,8,4,10,6,0,0,0,1,0,0,0,48,2013,11,9,4573,Partnered,3,1493,248.83333333333334,1493.0,23,0.3333333333333333,0.041666666666666664,62.208333333333336,1,0.2,1,0,700.795918367347,75437.0,1.9791086720220576,5.3076923076923075,2,Ultra Premium
1973,Graduation,Married,52845.0,1,0,2013-08-13,7,384,25,292,130,41,64,3,8,8,6,6,1,0,0,0,0,0,0,53,2013,8,13,4661,Married,3,936,156.0,468.0,25,0.3076923076923077,0.11538461538461539,36.0,1,0.2,1,0,433.3333333333333,26422.5,1.771184195587178,18.75,1,Premium Spenders
1956,Graduation,Divorced,46086.0,0,1,2013-11-03,34,244,8,32,7,2,50,4,3,1,8,4,0,0,0,0,0,0,0,70,2013,11,3,4579,Divorced,3,343,57.166666666666664,171.5,16,0.17647058823529413,0.23529411764705882,20.176470588235293,0,0.0,0,0,77.29577464788733,23043.0,0.7442445809013387,1.8285714285714285,0,Middle Class Shoppers
1956,PhD,Widow,78028.0,0,1,2012-09-10,38,158,19,288,25,0,38,1,6,4,9,7,0,1,1,0,0,0,1,70,2012,9,10,4998,Widowed,5,528,88.0,264.0,20,0.2857142857142857,0.047619047619047616,25.142857142857142,2,0.4,1,1,148.73239436619718,39014.0,0.6766714939317433,3.58974358974359,0,Middle Class Shoppers
1987,PhD,Single,94545.1,0,0,2013-10-09,1,1285,21,449,106,20,20,1,4,3,4,1,0,0,1,1,0,0,1,39,2013,10,9,4604,Single,5,1901,316.8333333333333,1901.0,12,0.3076923076923077,0.07692307692307693,146.23076923076923,2,0.4,1,1,570.3,94545.1,2.010659350306358,6.0,2,Ultra Premium
1981,2n Cycle,Married,56337.0,1,1,2013-03-27,25,349,16,144,28,5,182,5,8,5,4,8,1,0,0,1,0,0,1,45,2013,3,27,4800,Married,2,724,120.66666666666667,241.33333333333334,22,0.34782608695652173,0.21739130434782608,31.47826086956522,2,0.4,1,1,346.2608695652174,18779.0,1.2851006425503213,6.769230769230769,0,Middle Class Shoppers
1987,Graduation,Together,22434.0,1,0,2013-02-13,25,4,12,11,3,13,15,2,2,0,3,8,0,0,0,0,0,0,0,39,2013,2,13,4842,Partnered,3,58,9.666666666666666,29.0,7,0.25,0.25,7.25,0,0.0,0,0,10.15,11217.0,0.25852462669935367,2.1538461538461537,3,Budget Conscious
1954,PhD,Married,36930.0,0,1,2013-05-17,50,223,2,31,0,2,39,5,5,2,4,8,0,0,0,0,0,0,0,72,2013,5,17,4749,Married,5,297,49.5,148.5,16,0.29411764705882354,0.29411764705882354,17.470588235294116,0,0.0,0,0,65.0958904109589,18465.0,0.8042024315615608,2.5098039215686274,3,Budget Conscious
1954,Graduation,Single,36130.0,0,1,2013-02-02,46,157,43,127,68,56,37,6,3,8,4,4,1,0,0,0,0,0,1,72,2013,2,2,4853,Single,3,488,81.33333333333333,244.0,21,0.13636363636363635,0.2727272727272727,22.181818181818183,1,0.2,1,0,140.3835616438356,18065.0,1.3506407240319946,1.7872340425531914,3,Budget Conscious
1953,Master,Married,65569.0,0,1,2012-11-05,96,397,46,288,20,38,70,2,6,5,10,3,0,0,0,0,0,0,0,73,2012,11,5,4942,Married,4,859,143.16666666666666,429.5,23,0.25,0.08333333333333333,35.791666666666664,0,0.0,0,0,266.9864864864865,32784.5,1.3100503278938538,0.711340206185567,1,Premium Spenders
1968,Graduation,Married,19514.0,1,1,2014-01-26,47,14,3,21,2,1,28,4,3,1,2,8,1,0,0,0,0,0,0,58,2014,1,26,4495,Married,3,69,11.5,23.0,10,0.2727272727272727,0.36363636363636365,6.2727272727272725,1,0.2,1,0,11.694915254237289,6504.666666666667,0.3535741737125288,1.6666666666666667,3,Budget Conscious
1963,PhD,Single,36736.0,1,1,2013-05-10,52,10,0,3,0,0,4,1,1,0,2,6,0,0,0,0,0,0,0,63,2013,5,10,4756,Single,5,17,2.8333333333333335,5.666666666666667,4,0.2,0.2,3.4,0,0.0,0,0,1.0625,12245.333333333334,0.04627487274409996,0.4528301886792453,3,Budget Conscious
1979,Graduation,Together,77568.0,0,1,2012-08-25,30,1230,0,396,232,178,158,1,10,2,8,5,0,1,1,1,0,0,0,47,2012,8,25,5014,Partnered,3,2194,365.6666666666667,1097.0,21,0.45454545454545453,0.045454545454545456,99.72727272727273,3,0.6,1,1,959.875,38784.0,2.8284495094689888,3.3870967741935485,2,Ultra Premium
1976,PhD,Together,49187.0,0,1,2014-01-11,63,81,1,31,2,1,0,1,1,1,5,2,0,0,0,0,0,0,0,50,2014,1,11,4510,Partnered,5,116,19.333333333333332,58.0,8,0.1111111111111111,0.1111111111111111,12.88888888888889,0,0.0,0,0,18.19607843137255,24593.5,0.23582987720582255,0.25,0,Middle Class Shoppers
1978,Graduation,Single,30168.0,1,0,2013-03-07,51,154,20,66,0,12,27,7,6,1,4,9,0,0,0,0,0,0,0,48,2013,3,7,4820,Single,3,279,46.5,139.5,18,0.3157894736842105,0.3684210526315789,14.68421052631579,0,0.0,0,0,102.48979591836735,15084.0,0.9247903477079121,3.1153846153846154,3,Budget Conscious
1968,Master,Together,34053.0,0,1,2012-09-10,14,63,0,21,7,0,12,1,3,0,3,8,0,0,0,0,0,0,0,58,2012,9,10,4998,Partnered,4,103,17.166666666666668,51.5,7,0.375,0.125,12.875,0,0.0,0,0,12.220338983050848,17026.5,0.30246079755682154,3.7333333333333334,3,Budget Conscious
1971,Master,Married,38196.0,1,1,2014-04-18,20,30,0,11,0,0,3,3,2,0,4,5,0,0,0,0,0,0,0,55,2014,4,18,4413,Married,4,44,7.333333333333333,14.666666666666666,9,0.2,0.3,4.4,0,0.0,0,0,7.071428571428571,12732.0,0.11519229258842317,2.142857142857143,3,Budget Conscious
1951,Master,Married,59412.0,0,0,2014-04-19,56,90,67,165,30,43,11,1,4,2,8,3,0,0,0,0,0,0,0,75,2014,4,19,4412,Married,4,406,67.66666666666667,406.0,15,0.25,0.0625,25.375,0,0.0,0,0,80.13157894736842,59412.0,0.6833521283220844,0.7894736842105263,0,Middle Class Shoppers
1965,2n Cycle,Married,70924.0,0,0,2014-04-07,41,635,114,254,132,152,76,1,6,6,7,3,0,0,1,0,0,0,0,61,2014,4,7,4424,Married,2,1363,227.16666666666666,1363.0,20,0.2857142857142857,0.047619047619047616,64.9047619047619,1,0.2,1,0,439.6774193548387,70924.0,1.9217483256961578,1.4285714285714286,2,Ultra Premium
1969,Graduation,Together,54165.0,0,0,2013-05-28,72,127,4,73,15,6,11,1,2,1,7,2,0,0,0,0,0,0,0,57,2013,5,28,4738,Partnered,3,236,39.333333333333336,236.0,11,0.16666666666666666,0.08333333333333333,19.666666666666668,0,0.0,0,0,44.758620689655174,54165.0,0.4356976701251708,0.3013698630136986,0,Middle Class Shoppers
1973,Graduation,Married,32300.0,1,0,2013-01-03,1,13,3,6,6,5,6,1,1,0,3,8,0,0,0,0,0,0,0,53,2013,1,3,4883,Married,3,39,6.5,19.5,5,0.16666666666666666,0.16666666666666666,6.5,0,0.0,0,0,3.611111111111111,16150.0,0.12073929599702796,20.0,3,Budget Conscious
1976,Graduation,Single,20180.0,0,0,2013-02-20,27,18,42,24,15,20,18,1,2,1,4,7,0,0,0,0,0,0,0,50,2013,2,20,4835,Single,3,137,22.833333333333332,137.0,8,0.2222222222222222,0.1111111111111111,15.222222222222221,0,0.0,0,0,21.49019607843137,20180.0,0.6788563500322085,2.0,3,Budget Conscious
1973,Graduation,Married,34961.0,1,0,2014-06-19,77,45,2,26,4,1,1,3,3,1,3,7,0,0,0,0,0,0,0,53,2014,6,19,4351,Married,3,79,13.166666666666666,39.5,10,0.2727272727272727,0.2727272727272727,7.181818181818182,0,0.0,0,0,14.62962962962963,17480.5,0.22595961329443395,0.8974358974358975,3,Budget Conscious
1974,PhD,Together,28440.0,1,0,2013-07-07,87,38,1,24,0,0,0,1,2,0,3,8,0,0,0,0,0,0,0,52,2013,7,7,4698,Partnered,5,63,10.5,31.5,6,0.2857142857142857,0.14285714285714285,9.0,0,0.0,0,0,7.132075471698113,14220.0,0.22151119862170812,0.5454545454545454,3,Budget Conscious
1953,PhD,Together,64504.0,1,2,2013-03-04,81,986,36,168,16,0,108,7,11,3,4,7,0,0,0,0,0,0,1,73,2013,3,4,4823,Partnered,5,1314,219.0,328.5,25,0.4230769230769231,0.2692307692307692,50.53846153846154,0,0.0,0,0,443.9189189189189,16126.0,2.03705139136501,2.1341463414634148,1,Premium Spenders
1966,Master,Together,33564.0,0,1,2014-06-24,51,61,0,3,0,0,7,1,1,1,3,5,0,0,0,0,0,0,0,60,2014,6,24,4346,Partnered,4,71,11.833333333333334,35.5,6,0.14285714285714285,0.14285714285714285,10.142857142857142,0,0.0,0,0,6.983606557377049,16782.0,0.21152986742142113,0.5769230769230769,3,Budget Conscious
1978,Graduation,Married,17345.0,1,0,2012-11-03,79,4,9,16,17,0,12,2,2,1,2,8,0,0,0,0,0,0,0,48,2012,11,3,4944,Married,3,58,9.666666666666666,29.0,7,0.25,0.25,7.25,0,0.0,0,0,8.285714285714286,8672.5,0.33437103655021333,0.7,3,Budget Conscious
1967,PhD,Married,56320.0,0,1,2013-04-08,11,201,53,172,116,77,83,3,5,4,9,4,0,0,0,0,0,0,0,59,2013,4,8,4788,Married,5,702,117.0,351.0,21,0.22727272727272727,0.13636363636363635,31.90909090909091,0,0.0,0,0,245.7,28160.0,1.2464267324798919,7.0,0,Middle Class Shoppers
1978,Graduation,Single,28647.0,1,0,2013-08-21,54,19,8,29,0,12,26,1,2,2,2,7,1,0,0,0,0,0,1,48,2013,8,21,4653,Single,3,94,15.666666666666666,47.0,7,0.25,0.125,11.75,1,0.2,1,0,13.428571428571429,14323.5,0.328120636693661,0.8909090909090909,3,Budget Conscious
1987,Basic,Single,15038.0,1,0,2013-01-29,93,4,8,11,19,12,26,2,2,1,2,9,0,0,0,0,0,0,0,39,2013,1,29,4857,Single,1,80,13.333333333333334,40.0,7,0.25,0.25,10.0,0,0.0,0,0,14.0,7519.0,0.5319502626504422,0.6702127659574468,3,Budget Conscious
1958,PhD,Divorced,32173.0,0,1,2013-08-01,0,18,0,2,0,0,2,1,1,0,3,4,0,0,0,0,0,0,0,68,2013,8,1,4673,Divorced,5,22,3.6666666666666665,11.0,5,0.16666666666666666,0.16666666666666666,3.6666666666666665,0,0.0,0,0,1.5942028985507246,16086.5,0.0683781935724498,20.0,3,Budget Conscious
1964,2n Cycle,Together,68316.0,0,1,2012-11-04,54,806,80,161,120,11,33,5,10,7,10,6,0,0,0,0,0,0,0,62,2012,11,4,4943,Partnered,2,1211,201.83333333333334,605.5,32,0.30303030303030304,0.15151515151515152,36.696969696969695,0,0.0,0,0,615.1111111111111,34158.0,1.772618821084064,3.4909090909090907,1,Premium Spenders
1971,Graduation,Together,74538.0,0,0,2013-06-29,21,380,98,733,110,112,28,1,8,8,5,3,0,0,1,0,0,0,1,55,2013,6,29,4706,Partnered,3,1461,243.5,1461.0,22,0.34782608695652173,0.043478260869565216,63.52173913043478,1,0.2,1,0,573.9642857142857,74538.0,1.9600477602328983,3.0,2,Ultra Premium
1971,Graduation,Single,91700.0,0,0,2013-01-17,58,576,172,961,125,115,19,1,8,6,5,3,0,0,0,0,0,0,1,55,2013,1,17,4869,Single,3,1968,328.0,1968.0,20,0.38095238095238093,0.047619047619047616,93.71428571428571,0,0.0,0,0,702.8571428571429,91700.0,2.14610527693264,1.0169491525423728,2,Ultra Premium
1969,Graduation,Together,68695.0,0,0,2014-06-25,3,458,81,356,106,50,40,1,4,4,7,2,0,0,0,0,0,0,0,57,2014,6,25,4345,Partnered,3,1091,181.83333333333334,1091.0,16,0.23529411764705882,0.058823529411764705,64.17647058823529,0,0.0,0,0,300.9655172413793,68695.0,1.5881565156632118,8.0,1,Premium Spenders
1977,2n Cycle,Married,31056.0,1,0,2013-01-22,99,5,10,13,3,8,16,1,1,0,3,8,0,0,0,0,0,0,0,49,2013,1,22,4864,Married,2,55,9.166666666666666,27.5,5,0.16666666666666666,0.16666666666666666,9.166666666666666,0,0.0,0,0,5.5,15528.0,0.1770937308819268,0.4,3,Budget Conscious
1980,Graduation,Single,28071.0,0,0,2012-08-29,65,39,33,130,41,26,44,2,5,1,5,8,0,0,0,0,0,0,0,46,2012,8,29,5010,Single,3,313,52.166666666666664,313.0,13,0.35714285714285715,0.14285714285714285,22.357142857142858,0,0.0,0,0,86.57446808510639,28071.0,1.114990025648333,1.5757575757575757,3,Budget Conscious
1958,PhD,Together,37334.0,1,1,2014-02-26,44,26,1,16,2,2,15,4,3,0,4,4,0,0,0,0,0,0,0,68,2014,2,26,4464,Partnered,5,62,10.333333333333334,20.666666666666668,11,0.25,0.3333333333333333,5.166666666666667,0,0.0,0,0,9.884057971014492,12444.666666666666,0.16606401499933038,0.9777777777777777,3,Budget Conscious
1972,Master,Single,46423.0,1,1,2013-09-18,6,68,0,16,0,0,8,3,2,0,4,7,0,0,0,0,0,0,0,54,2013,9,18,4625,Single,4,92,15.333333333333334,30.666666666666668,9,0.2,0.3,9.2,0,0.0,0,0,15.054545454545455,15474.333333333334,0.19817335860761676,9.0,0,Middle Class Shoppers
1971,PhD,Married,37126.0,1,0,2014-03-30,9,45,3,9,4,4,7,1,1,2,2,6,1,0,0,0,0,0,1,55,2014,3,30,4432,Married,5,72,12.0,36.0,6,0.14285714285714285,0.14285714285714285,10.285714285714286,1,0.2,1,0,7.714285714285714,18563.0,0.19392894658873597,3.6,3,Budget Conscious
1953,Graduation,Married,47703.0,0,1,2013-05-29,95,359,0,134,13,26,123,4,6,3,8,5,0,0,0,0,0,0,0,73,2013,5,29,4737,Married,3,655,109.16666666666667,327.5,21,0.2727272727272727,0.18181818181818182,29.772727272727273,0,0.0,0,0,185.8783783783784,23851.5,1.3730504779473418,1.09375,0,Middle Class Shoppers
1959,Graduation,Married,61180.0,0,1,2014-04-23,70,403,24,29,6,24,218,2,5,5,6,3,1,0,0,0,0,0,0,67,2014,4,23,4408,Married,3,704,117.33333333333333,352.0,18,0.2631578947368421,0.10526315789473684,37.05263157894737,1,0.2,1,0,186.35294117647058,30590.0,1.1506840358934964,0.7605633802816901,0,Middle Class Shoppers
1954,Graduation,Married,38998.0,1,1,2012-11-03,92,34,1,14,0,0,5,3,2,0,3,8,0,0,0,0,0,1,0,72,2012,11,3,4944,Married,3,54,9.0,18.0,8,0.2222222222222222,0.3333333333333333,6.0,0,0.0,0,0,5.917808219178082,12999.333333333334,0.138465088848432,0.6881720430107527,3,Budget Conscious
1991,Graduation,Single,8028.0,0,0,2012-09-18,62,73,18,66,7,12,2,15,0,1,0,19,0,0,0,0,0,0,0,35,2012,9,18,4990,Single,3,178,29.666666666666668,178.0,16,0.0,0.8823529411764706,10.470588235294118,0,0.0,0,0,79.11111111111111,8028.0,2.216963507286088,4.825396825396825,3,Budget Conscious
1962,Graduation,Together,76081.0,0,0,2014-05-23,85,292,30,415,63,33,200,1,4,5,4,2,0,0,0,1,0,0,0,64,2014,5,23,4378,Partnered,3,1033,172.16666666666666,1033.0,14,0.26666666666666666,0.06666666666666667,68.86666666666666,1,0.2,1,0,222.4923076923077,76081.0,1.357745590284167,0.32558139534883723,1,Premium Spenders
1986,Graduation,Together,34728.0,1,0,2013-07-30,2,14,0,16,0,0,6,1,1,1,2,6,0,0,0,0,0,0,1,40,2013,7,30,4675,Partnered,3,36,6.0,18.0,5,0.16666666666666666,0.16666666666666666,6.0,0,0.0,0,0,4.390243902439025,17364.0,0.10365976561375219,10.0,3,Budget Conscious
1965,Master,Single,33168.0,0,1,2012-10-13,0,80,1,37,0,1,3,3,2,1,4,7,0,0,0,0,0,0,0,61,2012,10,13,4965,Single,4,122,20.333333333333332,61.0,10,0.18181818181818182,0.2727272727272727,11.090909090909092,0,0.0,0,0,19.677419354838708,16584.0,0.36781331966595315,70.0,3,Budget Conscious
1966,Master,Married,33585.0,0,1,2013-09-25,91,30,11,33,13,6,29,1,2,0,4,4,0,0,0,0,0,0,0,60,2013,9,25,4618,Married,4,122,20.333333333333332,61.0,7,0.25,0.125,15.25,0,0.0,0,0,14.0,16792.5,0.363246590841422,0.30434782608695654,3,Budget Conscious
1960,PhD,Married,77037.0,0,1,2013-10-13,3,463,96,333,168,53,10,1,7,7,12,3,0,0,0,0,0,0,0,66,2013,10,13,4600,Married,5,1123,187.16666666666666,561.5,27,0.25,0.03571428571428571,40.107142857142854,0,0.0,0,0,452.55223880597015,38518.5,1.457722163088346,20.25,1,Premium Spenders
1984,Graduation,Together,35196.0,1,0,2012-11-13,68,75,12,141,43,39,187,6,6,1,5,8,0,0,0,0,0,0,1,42,2012,11,13,4934,Partnered,3,497,82.83333333333333,248.5,18,0.3157894736842105,0.3157894736842105,26.157894736842106,0,0.0,0,0,208.04651162790697,17598.0,1.412052163536665,2.0869565217391304,3,Budget Conscious
1966,Graduation,Married,44529.0,0,1,2013-07-05,98,538,13,91,17,6,26,6,6,2,11,5,0,1,0,0,0,0,0,60,2013,7,5,4700,Married,3,691,115.16666666666667,345.5,25,0.23076923076923078,0.23076923076923078,26.576923076923077,1,0.2,1,0,283.1967213114754,22264.5,1.5517628565012351,1.2626262626262625,0,Middle Class Shoppers
1966,PhD,Together,28764.0,1,1,2014-06-05,16,8,0,3,0,0,1,1,1,0,2,8,1,0,0,0,0,0,0,60,2014,6,5,4365,Partnered,5,12,2.0,4.0,4,0.2,0.2,2.4,1,0.2,1,0,0.7868852459016393,9588.0,0.041717364853120116,1.8823529411764706,3,Budget Conscious
1949,PhD,Married,69098.0,0,0,2013-02-16,82,1315,22,780,145,0,178,1,7,8,9,5,0,0,0,0,0,0,0,77,2013,2,16,4839,Married,5,2440,406.6666666666667,2440.0,25,0.2692307692307692,0.038461538461538464,93.84615384615384,0,0.0,0,0,782.0512820512821,69098.0,3.5311654293115677,1.5060240963855422,2,Ultra Premium
1970,2n Cycle,Divorced,25959.0,1,1,2013-02-14,1,4,2,12,7,5,26,2,1,2,2,6,0,0,0,0,0,0,1,56,2013,2,14,4841,Divorced,2,56,9.333333333333334,18.666666666666668,7,0.125,0.25,7.0,0,0.0,0,0,6.87719298245614,8653.0,0.21571648690292758,21.0,3,Budget Conscious
1983,Master,Married,27100.0,1,0,2013-04-05,64,12,0,13,2,0,10,1,1,0,3,7,0,0,0,0,0,0,0,43,2013,4,5,4791,Married,4,37,6.166666666666667,18.5,5,0.16666666666666666,0.16666666666666666,6.166666666666667,0,0.0,0,0,4.204545454545454,13550.0,0.1365263274417918,0.5384615384615384,3,Budget Conscious
1985,Graduation,Single,70596.0,0,0,2012-10-05,68,347,44,534,17,0,26,1,3,5,12,2,0,0,0,0,0,0,0,41,2012,10,5,4973,Single,3,968,161.33333333333334,968.0,21,0.13636363636363635,0.045454545454545456,44.0,0,0.0,0,0,484.0,70596.0,1.3711630805841608,0.6086956521739131,1,Premium Spenders
1974,Graduation,Married,42557.0,0,1,2012-08-29,98,192,5,53,0,5,15,4,6,1,4,8,0,0,0,0,0,0,0,52,2012,8,29,5010,Married,3,270,45.0,135.0,15,0.375,0.25,16.875,0,0.0,0,0,76.41509433962264,21278.5,0.6344283096010152,1.2121212121212122,0,Middle Class Shoppers
1951,PhD,Married,53312.0,0,0,2013-08-09,32,241,0,12,0,0,25,1,5,1,5,7,0,0,0,0,0,0,0,75,2013,8,9,4665,Married,5,278,46.333333333333336,278.0,12,0.38461538461538464,0.07692307692307693,21.384615384615383,0,0.0,0,0,43.89473684210526,53312.0,0.5214488023558982,2.5454545454545454,0,Middle Class Shoppers
1952,Graduation,Single,72228.0,0,0,2012-11-27,87,631,28,491,30,14,56,1,6,7,8,3,0,0,0,0,0,0,0,74,2012,11,27,4920,Single,3,1250,208.33333333333334,1250.0,22,0.2608695652173913,0.043478260869565216,54.34782608695652,0,0.0,0,0,366.6666666666667,72228.0,1.7306068199753561,0.75,1,Premium Spenders
1987,Graduation,Together,67605.0,0,0,2013-03-31,84,336,28,282,184,54,54,1,2,8,6,1,0,0,0,0,0,0,0,39,2013,3,31,4796,Partnered,3,938,156.33333333333334,938.0,17,0.1111111111111111,0.05555555555555555,52.111111111111114,0,0.0,0,0,398.65,67605.0,1.387450817974736,0.2,1,Premium Spenders
1949,Master,Married,62845.0,1,1,2012-10-01,3,1099,0,45,0,0,34,11,3,4,10,8,0,1,0,0,0,0,0,77,2012,10,1,4977,Married,4,1178,196.33333333333334,392.6666666666667,28,0.10344827586206896,0.3793103448275862,40.62068965517241,1,0.2,1,0,422.87179487179486,20948.333333333332,1.8744231932024311,56.0,1,Premium Spenders
1958,Graduation,Together,65196.0,0,2,2013-07-25,34,743,19,181,12,0,200,2,7,6,11,5,1,0,0,0,0,0,0,68,2013,7,25,4680,Partnered,3,1155,192.5,385.0,26,0.25925925925925924,0.07407407407407407,42.77777777777778,1,0.2,1,0,435.2173913043478,21732.0,1.771553905854564,3.7142857142857144,1,Premium Spenders
1987,PhD,Single,42000.0,0,0,2013-01-10,23,124,83,267,85,59,35,2,5,2,11,5,0,0,0,0,0,0,1,39,2013,1,10,4876,Single,5,653,108.83333333333333,653.0,20,0.23809523809523808,0.09523809523809523,31.095238095238095,0,0.0,0,0,326.5,42000.0,1.5547248875026785,4.166666666666667,0,Middle Class Shoppers
1973,PhD,Divorced,35860.0,1,1,2014-05-19,37,15,0,8,4,2,20,2,1,1,2,5,1,0,0,0,0,0,0,53,2014,5,19,4382,Divorced,5,49,8.166666666666666,16.333333333333332,6,0.14285714285714285,0.2857142857142857,7.0,1,0.2,1,0,5.444444444444445,11953.333333333334,0.1366386882685926,0.7894736842105263,3,Budget Conscious
1964,PhD,Married,65526.0,0,1,2014-04-11,22,397,19,69,12,0,9,1,4,4,8,2,0,0,0,0,0,0,0,62,2014,4,11,4420,Married,5,506,84.33333333333333,253.0,17,0.2222222222222222,0.05555555555555555,28.11111111111111,0,0.0,0,0,136.53968253968253,32763.0,0.7722007722007722,1.4782608695652173,0,Middle Class Shoppers
1961,Graduation,Married,16860.0,1,1,2012-09-12,19,10,4,4,3,3,14,3,1,1,3,7,0,0,0,0,0,0,0,65,2012,9,12,4996,Married,3,38,6.333333333333333,12.666666666666666,8,0.1111111111111111,0.3333333333333333,4.222222222222222,0,0.0,0,0,4.606060606060606,5620.0,0.22537216060731866,2.8,3,Budget Conscious
1992,Graduation,Single,83528.0,0,0,2014-05-01,7,530,117,678,134,44,147,1,4,10,8,1,1,0,0,1,0,0,1,34,2014,5,1,4400,Single,3,1650,275.0,1650.0,23,0.16666666666666666,0.041666666666666664,68.75,2,0.4,1,1,1084.2857142857142,83528.0,1.975361850375319,2.875,2,Ultra Premium
1965,2n Cycle,Divorced,64176.0,0,1,2012-08-03,52,1215,33,249,64,116,149,8,8,9,8,6,0,0,0,0,0,0,0,61,2012,8,3,5036,Divorced,2,1826,304.3333333333333,913.0,33,0.23529411764705882,0.23529411764705882,53.705882352941174,0,0.0,0,0,971.9032258064516,32088.0,2.845256088629883,3.7358490566037736,1,Premium Spenders
1956,Graduation,Divorced,22304.0,0,0,2012-08-04,91,3,2,7,0,4,2,1,1,0,2,8,0,0,0,0,0,0,0,70,2012,8,4,5035,Divorced,3,18,3.0,18.0,4,0.2,0.2,3.6,0,0.0,0,0,1.0140845070422535,22304.0,0.08069939475453934,0.34782608695652173,3,Budget Conscious
1978,Graduation,Married,67023.0,0,0,2014-03-04,93,444,44,382,11,8,17,1,3,7,13,2,0,0,0,0,0,1,0,48,2014,3,4,4458,Married,3,906,151.0,906.0,24,0.12,0.04,36.24,0,0.0,0,0,443.7551020408163,67023.0,1.3517545953688233,0.5106382978723404,1,Premium Spenders
1966,Graduation,Together,70713.0,0,1,2012-12-03,23,736,114,279,82,76,190,6,5,6,8,3,0,0,0,0,0,0,0,60,2012,12,3,4914,Partnered,3,1477,246.16666666666666,738.5,25,0.19230769230769232,0.23076923076923078,56.80769230769231,0,0.0,0,0,605.327868852459,35356.5,2.0886953078598296,3.125,1,Premium Spenders
1955,Graduation,Together,59925.0,0,1,2012-11-30,83,473,21,176,19,21,56,3,9,2,9,6,0,0,0,0,0,0,0,71,2012,11,30,4917,Partnered,3,766,127.66666666666667,383.0,23,0.375,0.125,31.916666666666668,0,0.0,0,0,244.69444444444446,29962.5,1.2782431665721057,1.6428571428571428,0,Middle Class Shoppers
1953,Graduation,Married,39722.0,0,1,2014-02-24,92,32,0,5,2,0,8,2,2,0,3,5,0,0,0,0,0,0,0,73,2014,2,24,4466,Married,3,47,7.833333333333333,23.5,7,0.25,0.25,5.875,0,0.0,0,0,4.445945945945946,19861.0,0.1183193615789341,0.3763440860215054,3,Budget Conscious
1958,Graduation,Together,46610.0,0,0,2013-07-18,4,288,10,30,4,10,125,1,6,1,6,6,0,0,0,0,0,0,0,68,2013,7,18,4687,Partnered,3,467,77.83333333333333,467.0,14,0.4,0.06666666666666667,31.133333333333333,0,0.0,0,0,94.7536231884058,46610.0,1.0019094205230525,16.8,0,Middle Class Shoppers
1961,Graduation,Together,88347.0,0,0,2013-07-03,32,1050,178,555,77,138,118,1,4,7,9,1,0,0,0,1,0,0,0,65,2013,7,3,4702,Partnered,3,2116,352.6666666666667,2116.0,21,0.18181818181818182,0.045454545454545456,96.18181818181819,1,0.2,1,0,673.2727272727273,88347.0,2.3950740254448317,0.6363636363636364,2,Ultra Premium
1981,PhD,Married,87171.0,0,0,2013-05-01,27,1001,44,107,58,44,44,1,6,7,11,2,1,0,1,0,0,0,0,45,2013,5,1,4765,Married,5,1298,216.33333333333334,1298.0,25,0.23076923076923078,0.038461538461538464,49.92307692307692,2,0.4,1,1,705.4347826086956,87171.0,1.4890102326435093,1.7857142857142858,2,Ultra Premium
1976,2n Cycle,Together,26907.0,1,1,2013-08-20,10,9,1,7,0,3,2,2,1,0,3,7,0,0,0,0,0,0,0,50,2013,8,20,4654,Partnered,2,22,3.6666666666666665,7.333333333333333,6,0.14285714285714285,0.2857142857142857,3.142857142857143,0,0.0,0,0,2.588235294117647,8969.0,0.08176007135424408,3.8181818181818183,3,Budget Conscious
1968,Master,Single,50014.0,1,0,2014-01-22,9,234,14,77,19,10,42,2,4,1,8,5,0,0,0,0,0,0,0,58,2014,1,22,4499,Single,4,396,66.0,198.0,15,0.25,0.125,24.75,0,0.0,0,0,100.67796610169492,25007.0,0.7917624712586224,7.5,0,Middle Class Shoppers
1978,PhD,Married,41014.0,1,0,2013-04-22,65,7,2,6,2,0,3,1,1,0,2,7,0,0,0,0,0,0,0,48,2013,4,22,4774,Married,5,20,3.3333333333333335,10.0,4,0.2,0.2,4.0,0,0.0,0,0,1.6326530612244898,20507.0,0.04876264781177618,0.42424242424242425,3,Budget Conscious
1965,Graduation,Single,66294.0,0,0,2014-03-17,68,251,108,334,65,92,117,1,4,3,5,2,0,0,0,0,0,0,0,61,2014,3,17,4445,Single,3,967,161.16666666666666,967.0,13,0.2857142857142857,0.07142857142857142,69.07142857142857,0,0.0,0,0,202.75806451612902,66294.0,1.458631872690248,0.37681159420289856,1,Premium Spenders
1971,Graduation,Married,36715.0,1,0,2012-11-17,16,172,10,125,21,13,16,6,7,2,4,9,0,0,0,0,0,0,1,55,2012,11,17,4930,Married,3,357,59.5,178.5,19,0.35,0.3,17.85,0,0.0,0,0,121.125,18357.5,0.9723281403202962,10.058823529411764,3,Budget Conscious
1956,Graduation,Married,79456.0,0,0,2012-08-22,12,565,42,548,64,83,99,1,5,6,4,3,0,0,0,0,0,0,1,70,2012,8,22,5017,Married,3,1401,233.5,1401.0,16,0.29411764705882354,0.058823529411764705,82.41176470588235,0,0.0,0,0,315.71830985915494,79456.0,1.763217841096442,3.6923076923076925,2,Ultra Premium
1982,Graduation,Together,40479.0,1,0,2013-08-17,95,5,0,8,2,0,0,1,0,0,3,4,0,0,0,0,0,0,0,44,2013,8,17,4657,Partnered,3,15,2.5,7.5,4,0.0,0.2,3.0,0,0.0,0,0,1.3333333333333333,20239.5,0.03705533596837944,0.16666666666666666,3,Budget Conscious
1970,Master,Single,75345.0,0,0,2013-02-02,16,918,57,842,99,38,133,1,5,8,6,3,0,0,0,1,0,0,1,56,2013,2,2,4853,Single,4,2087,347.8333333333333,2087.0,20,0.23809523809523808,0.047619047619047616,99.38095238095238,1,0.2,1,0,732.280701754386,75345.0,2.769888248878507,3.5294117647058822,2,Ultra Premium
1977,Graduation,Married,54233.0,0,1,2013-02-04,46,652,8,158,21,0,142,4,11,6,5,8,0,0,0,0,0,0,0,49,2013,2,4,4851,Married,3,981,163.5,490.5,26,0.4074074074074074,0.14814814814814814,36.333333333333336,0,0.0,0,0,510.12,27116.5,1.8088284102223697,4.425531914893617,1,Premium Spenders
1970,Graduation,Single,24163.0,1,1,2013-10-12,3,4,1,7,2,1,2,2,1,0,3,4,0,0,0,0,0,0,0,56,2013,10,12,4601,Single,3,17,2.8333333333333335,5.666666666666667,6,0.14285714285714285,0.2857142857142857,2.4285714285714284,0,0.0,0,0,1.7894736842105263,8054.333333333333,0.07035259063069028,6.0,3,Budget Conscious
1958,PhD,Together,84460.0,0,0,2013-01-04,80,152,27,103,106,54,81,0,9,9,4,5,0,1,1,1,1,0,1,68,2013,1,4,4882,Partnered,5,523,87.16666666666667,523.0,22,0.391304347826087,0.0,22.73913043478261,4,0.8,1,1,166.7536231884058,84460.0,0.6192207054143332,1.3580246913580247,1,Premium Spenders
1983,Graduation,Together,43776.0,1,0,2014-05-03,77,8,0,9,2,1,3,1,1,0,2,6,0,0,0,0,0,0,0,43,2014,5,3,4398,Partnered,3,23,3.8333333333333335,11.5,4,0.2,0.2,4.6,0,0.0,0,0,2.090909090909091,21888.0,0.05253900450007994,0.3076923076923077,3,Budget Conscious
1958,PhD,Single,71691.0,0,0,2014-03-17,0,336,130,411,240,32,43,1,4,7,5,2,0,0,0,0,0,0,1,68,2014,3,17,4445,Single,5,1192,198.66666666666666,1192.0,17,0.2222222222222222,0.05555555555555555,66.22222222222223,0,0.0,0,0,293.6811594202899,71691.0,1.6626680801205156,34.0,1,Premium Spenders
1973,PhD,Married,85844.0,0,0,2014-05-29,62,938,19,843,25,95,38,1,6,6,7,2,0,0,1,0,0,0,0,53,2014,5,29,4372,Married,5,1958,326.3333333333333,1958.0,20,0.2857142857142857,0.047619047619047616,93.23809523809524,1,0.2,1,0,725.1851851851852,85844.0,2.2808550294134777,0.6349206349206349,2,Ultra Premium
1974,PhD,Single,39190.0,1,0,2014-04-26,91,68,8,18,19,8,12,2,2,1,4,5,0,0,0,0,0,0,0,52,2014,4,26,4405,Single,5,133,22.166666666666668,66.5,9,0.2,0.2,13.3,0,0.0,0,0,22.58490566037736,19595.0,0.33936362940471027,0.4891304347826087,3,Budget Conscious
1972,PhD,Single,38578.0,1,1,2013-06-22,2,38,4,22,3,3,3,3,3,0,3,8,0,0,0,0,0,0,0,54,2013,6,22,4713,Single,5,73,12.166666666666666,24.333333333333332,9,0.3,0.3,7.3,0,0.0,0,0,11.945454545454545,12859.333333333334,0.18922211565877808,24.0,3,Budget Conscious
1965,PhD,Married,57236.0,1,1,2014-03-12,22,105,0,9,2,1,4,3,2,1,4,3,0,0,0,0,0,0,0,61,2014,3,12,4450,Married,5,121,20.166666666666668,40.333333333333336,10,0.18181818181818182,0.2727272727272727,11.0,0,0.0,0,0,19.516129032258064,19078.666666666668,0.21140171567342803,1.3043478260869565,0,Middle Class Shoppers
1979,Graduation,Single,61825.0,0,1,2013-08-07,56,162,50,100,55,30,27,1,4,2,8,4,0,0,0,0,0,0,0,47,2013,8,7,4667,Single,3,424,70.66666666666667,212.0,15,0.25,0.0625,26.5,0,0.0,0,0,132.5,30912.5,0.6857956199657103,1.0526315789473684,0,Middle Class Shoppers
1958,Graduation,Divorced,79803.0,0,1,2014-06-02,54,574,8,216,21,16,33,1,4,3,5,1,0,0,0,0,0,0,0,68,2014,6,2,4368,Divorced,3,868,144.66666666666666,434.0,13,0.2857142857142857,0.07142857142857142,62.0,0,0.0,0,0,163.53623188405797,39901.5,1.0876647787078342,0.23636363636363636,1,Premium Spenders
1986,2n Cycle,Single,80910.0,0,0,2012-10-31,71,160,80,369,67,39,41,1,3,3,8,1,0,0,0,0,0,0,0,40,2012,10,31,4947,Single,2,756,126.0,756.0,15,0.1875,0.0625,47.25,0,0.0,0,0,276.5853658536585,80910.0,0.9343599757758525,0.20833333333333334,1,Premium Spenders
1982,Master,Together,27590.0,1,0,2013-04-23,38,6,0,5,0,0,1,1,1,0,2,7,0,0,0,0,0,0,0,44,2013,4,23,4773,Partnered,4,12,2.0,6.0,4,0.2,0.2,2.4,0,0.0,0,0,1.0666666666666667,13795.0,0.04349244318799609,0.717948717948718,3,Budget Conscious
1979,Graduation,Married,56775.0,0,1,2013-01-02,62,614,35,160,58,35,35,2,5,8,10,5,0,0,0,0,0,0,0,47,2013,1,2,4884,Married,3,937,156.16666666666666,468.5,25,0.19230769230769232,0.07692307692307693,36.03846153846154,0,0.0,0,0,488.0208333333333,28387.5,1.6503452162885728,1.9841269841269842,1,Premium Spenders
1975,Graduation,Divorced,83829.0,0,0,2013-10-08,78,897,161,430,186,161,27,0,4,7,6,1,1,0,1,1,0,0,1,51,2013,10,8,4605,Divorced,3,1862,310.3333333333333,1862.0,17,0.2222222222222222,0.0,103.44444444444444,3,0.6,1,1,608.7307692307693,83829.0,2.221161875223667,0.21518987341772153,2,Ultra Premium
1979,2n Cycle,Married,54210.0,0,1,2013-05-20,18,70,54,109,80,9,45,2,4,1,7,5,0,0,0,0,0,0,0,47,2013,5,20,4746,Married,2,367,61.166666666666664,183.5,14,0.26666666666666666,0.13333333333333333,24.466666666666665,0,0.0,0,0,107.04166666666667,27105.0,0.6769843758646769,3.6842105263157894,0,Middle Class Shoppers
1986,Graduation,Married,38508.0,1,0,2013-08-02,95,120,19,206,25,19,54,6,7,2,5,8,0,0,0,0,0,0,0,40,2013,8,2,4672,Married,3,443,73.83333333333333,221.5,20,0.3333333333333333,0.2857142857142857,21.095238095238095,0,0.0,0,0,216.09756097560975,19254.0,1.1503804305487029,1.6666666666666667,0,Middle Class Shoppers
1970,Graduation,Together,53187.0,1,0,2013-10-26,66,211,2,30,7,7,10,2,4,1,6,5,0,0,0,0,0,0,0,56,2013,10,26,4587,Partnered,3,267,44.5,133.5,13,0.2857142857142857,0.14285714285714285,19.071428571428573,0,0.0,0,0,60.89473684210526,26593.5,0.5019929307362563,0.9701492537313433,0,Middle Class Shoppers
1972,Graduation,Married,30023.0,1,0,2014-03-24,28,11,0,16,7,6,21,1,2,0,3,8,0,0,0,0,0,0,0,54,2014,3,24,4438,Married,3,61,10.166666666666666,30.5,6,0.2857142857142857,0.14285714285714285,8.714285714285714,0,0.0,0,0,6.654545454545454,15011.5,0.20317079669597654,1.6551724137931034,3,Budget Conscious
1960,PhD,Single,76045.0,0,0,2013-11-15,78,760,53,400,17,93,0,1,4,5,11,2,0,0,0,1,0,0,0,66,2013,11,15,4567,Single,5,1323,220.5,1323.0,21,0.18181818181818182,0.045454545454545456,60.13636363636363,1,0.2,1,0,414.67164179104475,76045.0,1.739736475291271,0.5316455696202531,2,Ultra Premium
1952,PhD,Married,50870.0,0,1,2014-06-19,13,53,0,8,0,0,2,1,2,0,3,5,0,0,0,0,0,0,0,74,2014,6,19,4351,Married,5,63,10.5,31.5,6,0.2857142857142857,0.14285714285714285,9.0,0,0.0,0,0,5.04,25435.0,0.12384266084802736,2.142857142857143,0,Middle Class Shoppers
1974,2n Cycle,Married,65463.0,1,0,2014-01-30,17,391,32,70,21,32,16,2,6,2,9,5,0,1,0,0,0,0,0,52,2014,1,30,4491,Married,2,562,93.66666666666667,281.0,19,0.3,0.1,28.1,1,0.2,1,0,201.47169811320754,32731.5,0.8584871074178175,5.277777777777778,0,Middle Class Shoppers
1965,Graduation,Married,66480.0,1,1,2014-05-31,71,199,9,57,20,21,6,7,4,1,7,4,0,0,0,0,0,0,0,61,2014,5,31,4370,Married,3,312,52.0,104.0,19,0.2,0.35,15.6,0,0.0,0,0,95.61290322580645,22160.0,0.4693070200508416,1.0555555555555556,0,Middle Class Shoppers
1954,Graduation,Divorced,76773.0,0,0,2013-02-25,79,516,56,449,86,33,16,1,2,2,11,1,0,0,0,0,0,0,0,72,2013,2,25,4830,Divorced,3,1156,192.66666666666666,1156.0,16,0.11764705882352941,0.058823529411764705,68.0,0,0.0,0,0,253.36986301369862,76773.0,1.5057180816422226,0.2,1,Premium Spenders
1983,2n Cycle,Single,81698.0,0,0,2013-03-01,1,709,45,115,30,160,45,1,8,2,5,5,0,0,0,1,0,0,1,43,2013,3,1,4826,Single,2,1104,184.0,1104.0,16,0.47058823529411764,0.058823529411764705,64.94117647058823,1,0.2,1,0,401.45454545454544,81698.0,1.3513017295193333,40.0,1,Premium Spenders
1973,PhD,Single,54466.0,1,1,2014-02-09,78,12,0,4,0,0,0,1,1,0,2,5,0,0,0,0,0,0,0,53,2014,2,9,4481,Single,5,16,2.6666666666666665,5.333333333333333,4,0.2,0.2,3.2,0,0.0,0,0,1.1851851851851851,18155.333333333332,0.029375585216736742,0.25316455696202533,0,Middle Class Shoppers
1984,PhD,Single,16269.0,1,0,2013-08-30,75,19,3,18,3,1,0,3,3,0,3,8,0,0,0,0,0,0,0,42,2013,8,30,4644,Single,5,44,7.333333333333333,22.0,9,0.3,0.3,4.4,0,0.0,0,0,9.209302325581396,8134.5,0.2704363859864782,0.9473684210526315,3,Budget Conscious
1971,Graduation,Together,71819.0,0,1,2013-08-28,70,1224,28,140,0,14,168,3,3,3,5,6,0,1,1,0,0,0,0,55,2013,8,28,4646,Partnered,3,1574,262.3333333333333,787.0,14,0.2,0.2,104.93333333333334,2,0.4,1,1,393.5,35909.5,2.1915900863269284,1.1830985915492958,1,Premium Spenders
1983,PhD,Married,33569.0,1,0,2013-10-16,10,16,2,18,3,0,24,1,1,1,2,8,1,0,0,0,0,0,1,43,2013,10,16,4597,Married,5,63,10.5,31.5,5,0.16666666666666666,0.16666666666666666,10.5,1,0.2,1,0,7.159090909090909,16784.5,0.18766756032171583,3.6363636363636362,3,Budget Conscious
1983,Master,Married,36262.0,0,0,2013-09-20,24,88,39,54,64,28,153,1,3,5,3,6,1,0,0,0,0,0,1,43,2013,9,20,4623,Married,4,426,71.0,426.0,12,0.23076923076923078,0.07692307692307693,32.76923076923077,1,0.2,1,0,116.18181818181819,36262.0,1.1747511237349364,2.88,3,Budget Conscious
1966,Basic,Together,22634.0,0,0,2013-01-16,47,2,23,11,8,6,46,1,2,1,2,8,0,0,0,0,0,0,0,60,2013,1,16,4870,Partnered,1,96,16.0,96.0,6,0.2857142857142857,0.14285714285714285,13.714285714285714,0,0.0,0,0,9.442622950819672,22634.0,0.42412193505632867,1.0,3,Budget Conscious
1978,2n Cycle,Married,47025.0,0,1,2013-09-12,98,508,11,59,23,5,29,5,11,1,6,9,0,0,0,0,0,0,0,48,2013,9,12,4631,Married,2,635,105.83333333333333,317.5,23,0.4583333333333333,0.20833333333333334,26.458333333333332,0,0.0,0,0,298.0612244897959,23512.5,1.3503168460000852,2.090909090909091,0,Middle Class Shoppers
1968,Graduation,Single,70566.0,0,1,2013-10-06,4,381,28,215,84,28,21,2,6,5,9,3,0,0,0,0,0,0,0,58,2013,10,6,4607,Single,3,757,126.16666666666667,378.5,22,0.2608695652173913,0.08695652173913043,32.91304347826087,0,0.0,0,0,282.271186440678,35283.0,1.0727393824308813,13.2,1,Premium Spenders
1979,PhD,Married,31605.0,1,0,2012-11-22,15,74,0,42,2,1,6,2,2,1,4,7,0,0,0,0,0,0,0,47,2012,11,22,4925,Married,5,125,20.833333333333332,62.5,9,0.2,0.2,12.5,0,0.0,0,0,23.4375,15802.5,0.3954945263557552,3.9375,3,Budget Conscious
1973,Master,Divorced,52034.0,1,1,2013-05-17,67,146,0,93,7,13,73,5,4,2,5,7,0,0,0,0,0,0,0,53,2013,5,17,4749,Divorced,4,332,55.333333333333336,110.66666666666667,16,0.23529411764705882,0.29411764705882354,19.529411764705884,0,0.0,0,0,98.37037037037037,17344.666666666668,0.6380320937830306,1.6470588235294117,0,Middle Class Shoppers
1979,Graduation,Single,48526.0,1,0,2013-12-24,32,23,17,23,43,20,9,1,2,1,4,3,0,0,0,0,0,0,0,47,2013,12,24,4528,Single,3,135,22.5,67.5,8,0.2222222222222222,0.1111111111111111,15.0,0,0.0,0,0,22.5,24263.0,0.2781956436622911,0.7272727272727273,0,Middle Class Shoppers
1954,Graduation,Married,46734.0,0,1,2012-11-18,40,110,5,137,26,23,29,2,6,1,5,7,0,0,0,0,0,0,0,72,2012,11,18,4929,Married,3,330,55.0,165.0,14,0.4,0.13333333333333333,22.0,0,0.0,0,0,63.28767123287671,23367.0,0.7061089119503584,2.3902439024390243,0,Middle Class Shoppers
1962,Graduation,Divorced,39552.0,1,1,2012-12-18,54,165,3,147,4,24,41,7,6,2,5,8,0,0,0,0,0,0,1,64,2012,12,18,4899,Divorced,3,384,64.0,128.0,20,0.2857142857142857,0.3333333333333333,18.285714285714285,0,0.0,0,0,118.15384615384616,13184.0,0.9708492402599044,2.909090909090909,0,Middle Class Shoppers
1966,Graduation,Single,86358.0,1,1,2012-08-08,78,957,47,494,82,47,95,4,5,3,6,8,0,0,0,0,0,0,0,60,2012,8,8,5031,Single,3,1722,287.0,574.0,18,0.2631578947368421,0.21052631578947367,90.63157894736842,0,0.0,0,0,508.1311475409836,28786.0,1.9940017832536274,1.8227848101265822,1,Premium Spenders
1977,Graduation,Together,46931.0,2,1,2014-04-24,94,41,0,17,3,1,16,2,1,1,3,3,0,0,0,0,0,0,0,49,2014,4,24,4407,Partnered,3,78,13.0,19.5,7,0.125,0.25,9.75,0,0.0,0,0,10.92,11732.75,0.16619790334952697,0.22105263157894736,0,Middle Class Shoppers
1985,Basic,Single,16581.0,0,0,2013-01-12,51,1,3,4,2,3,11,1,0,0,3,4,0,0,0,0,0,0,0,41,2013,1,12,4874,Single,1,24,4.0,24.0,4,0.0,0.2,4.8,0,0.0,0,0,2.2857142857142856,16581.0,0.1447352550958871,0.3076923076923077,3,Budget Conscious
1952,2n Cycle,Divorced,63998.0,0,0,2013-12-20,42,176,29,818,0,33,112,1,7,6,11,4,0,0,0,0,0,0,1,74,2013,12,20,4532,Divorced,2,1168,194.66666666666666,1168.0,25,0.2692307692307692,0.038461538461538464,44.92307692307692,0,0.0,0,0,389.3333333333333,63998.0,1.8250285160705635,2.3255813953488373,1,Premium Spenders
1951,Master,Married,67381.0,0,1,2013-01-15,67,815,8,53,11,0,70,4,2,2,9,7,0,1,0,0,0,0,0,75,2013,1,15,4871,Married,4,957,159.5,478.5,17,0.1111111111111111,0.2222222222222222,53.166666666666664,1,0.2,1,0,214.06578947368422,33690.5,1.4202606037220622,1.75,1,Premium Spenders
1967,Graduation,Single,25930.0,1,1,2013-10-10,87,6,1,2,2,0,4,1,1,0,2,7,0,0,0,0,0,0,0,59,2013,10,10,4603,Single,3,15,2.5,5.0,4,0.2,0.2,3.0,0,0.0,0,0,1.0,8643.333333333334,0.057845821603486176,0.3181818181818182,3,Budget Conscious
1978,Graduation,Married,42693.0,1,0,2014-06-07,29,8,4,20,6,3,16,1,1,0,3,5,0,0,0,0,0,0,0,48,2014,6,7,4363,Married,3,57,9.5,28.5,5,0.16666666666666666,0.16666666666666666,9.5,0,0.0,0,0,5.816326530612245,21346.5,0.13350822129573242,0.8333333333333334,3,Budget Conscious
1976,Graduation,Together,85606.0,0,1,2012-11-12,89,717,42,864,219,30,84,2,6,7,9,3,0,0,0,1,0,0,0,50,2012,11,12,4935,Partnered,3,1956,326.0,978.0,24,0.24,0.08,78.24,1,0.2,1,0,920.4705882352941,42803.0,2.2848598829534965,0.8,2,Ultra Premium
1985,Graduation,Single,72903.0,0,0,2013-10-29,74,1067,138,750,0,19,39,1,7,5,8,4,0,1,1,1,0,0,1,41,2013,10,29,4584,Single,3,2013,335.5,2013.0,21,0.3181818181818182,0.045454545454545456,91.5,3,0.6,1,1,1006.5,72903.0,2.7611653681553823,1.12,2,Ultra Premium
1974,2n Cycle,Together,49669.0,1,0,2014-05-24,97,166,5,107,11,8,29,2,5,1,6,6,0,0,0,0,0,0,0,52,2014,5,24,4377,Partnered,2,326,54.333333333333336,163.0,14,0.3333333333333333,0.13333333333333333,21.733333333333334,0,0.0,0,0,86.11320754716981,24834.5,0.6563317898127643,0.8571428571428571,0,Middle Class Shoppers
1968,PhD,Married,36778.0,1,1,2012-08-05,63,29,4,34,2,4,4,3,3,0,3,9,0,0,0,0,0,0,0,58,2012,8,5,5034,Married,5,77,12.833333333333334,25.666666666666668,9,0.3,0.3,7.7,0,0.0,0,0,11.745762711864407,12259.333333333334,0.2093586013757851,1.265625,3,Budget Conscious
1962,PhD,Divorced,85696.0,0,0,2013-05-03,88,714,76,395,116,0,12,1,4,6,9,1,0,0,0,0,0,0,1,64,2013,5,3,4763,Divorced,5,1313,218.83333333333334,1313.0,20,0.19047619047619047,0.047619047619047616,62.523809523809526,0,0.0,0,0,404.0,85696.0,1.5321423153669322,0.2247191011235955,2,Ultra Premium
1961,Graduation,Married,49678.0,0,1,2013-02-02,81,229,5,56,3,2,20,2,6,2,4,7,0,0,0,0,0,0,0,65,2013,2,2,4853,Married,3,315,52.5,157.5,14,0.4,0.13333333333333333,21.0,0,0.0,0,0,66.81818181818181,24839.0,0.6340707341130055,1.1951219512195121,0,Middle Class Shoppers
1989,Graduation,Married,37155.0,1,0,2013-01-31,51,23,0,26,7,15,3,1,2,0,4,5,0,0,0,0,0,0,0,37,2013,1,31,4855,Married,3,74,12.333333333333334,37.0,7,0.25,0.125,9.25,0,0.0,0,0,13.631578947368421,18577.5,0.1991602971256325,0.6730769230769231,3,Budget Conscious
1978,2n Cycle,Divorced,21282.0,1,0,2014-05-11,76,1,5,8,4,8,20,2,2,1,2,6,0,0,0,0,0,0,0,48,2014,5,11,4390,Divorced,2,46,7.666666666666667,23.0,7,0.25,0.25,5.75,0,0.0,0,0,6.571428571428571,10641.0,0.216134943382042,0.5454545454545454,3,Budget Conscious
1962,PhD,Single,33419.0,0,1,2013-08-17,76,56,0,12,0,0,18,2,2,0,4,7,0,0,0,0,0,0,0,64,2013,8,17,4657,Single,5,86,14.333333333333334,43.0,8,0.2222222222222222,0.2222222222222222,9.555555555555555,0,0.0,0,0,10.584615384615384,16709.5,0.2573309395571514,0.7272727272727273,3,Budget Conscious
1945,Graduation,Widow,63285.0,0,0,2013-11-05,84,508,124,249,50,38,134,1,6,5,13,3,0,0,0,0,0,0,0,81,2013,11,5,4577,Widowed,3,1103,183.83333333333334,1103.0,25,0.23076923076923078,0.038461538461538464,42.42307692307692,0,0.0,0,0,336.280487804878,63285.0,1.7428815219795848,0.8823529411764706,1,Premium Spenders
1974,Master,Together,21255.0,1,0,2014-01-21,56,29,0,25,2,2,3,4,2,1,4,4,0,0,0,0,0,0,0,52,2014,1,21,4500,Partnered,4,61,10.166666666666666,30.5,11,0.16666666666666666,0.3333333333333333,5.083333333333333,0,0.0,0,0,12.660377358490566,10627.5,0.28697779450508093,0.7719298245614035,3,Budget Conscious
1981,Graduation,Together,42162.0,1,0,2013-11-19,31,46,7,59,2,4,27,2,3,1,3,6,1,0,0,0,0,0,1,45,2013,11,19,4563,Partnered,3,145,24.166666666666668,72.5,9,0.3,0.2,14.5,1,0.2,1,0,28.369565217391305,21081.0,0.3439034224319901,1.6875,3,Budget Conscious
1956,Graduation,Together,54450.0,1,1,2012-09-14,0,454,0,171,8,19,32,12,9,2,8,8,0,0,0,0,0,0,0,70,2012,9,14,4994,Partnered,3,684,114.0,228.0,31,0.28125,0.375,21.375,0,0.0,0,0,298.6478873239437,18150.0,1.2561752768544197,248.0,0,Middle Class Shoppers
1954,PhD,Married,57744.0,0,1,2013-11-12,91,350,3,39,0,0,19,2,9,1,4,8,0,0,0,0,0,0,0,72,2013,11,12,4570,Married,5,411,68.5,205.5,16,0.5294117647058824,0.11764705882352941,24.176470588235293,0,0.0,0,0,90.08219178082192,28872.0,0.7117499350593125,1.391304347826087,0,Middle Class Shoppers
1986,Graduation,Single,26576.0,1,0,2012-10-13,40,10,0,8,0,0,9,1,1,0,2,9,1,0,0,0,0,0,1,40,2012,10,13,4965,Single,3,27,4.5,13.5,4,0.2,0.2,5.4,1,0.2,1,0,2.6341463414634148,13288.0,0.1015916017609211,0.8780487804878049,3,Budget Conscious
1943,PhD,Widow,57513.0,0,0,2013-07-06,59,735,40,183,52,20,30,2,9,3,13,6,0,0,0,0,0,0,0,83,2013,7,6,4699,Widowed,5,1060,176.66666666666666,1060.0,27,0.32142857142857145,0.07142857142857142,37.857142857142854,0,0.0,0,0,340.7142857142857,57513.0,1.843029523246514,2.7,1,Premium Spenders
1964,Graduation,Together,68142.0,0,1,2012-08-29,96,897,126,196,91,112,37,3,10,4,7,6,0,0,0,0,0,0,0,62,2012,8,29,5010,Partnered,3,1459,243.16666666666666,729.5,24,0.4,0.12,58.36,0,0.0,0,0,555.8095238095239,34071.0,2.1410856581013458,1.4845360824742269,1,Premium Spenders
1979,Graduation,Married,7500.0,0,1,2012-08-29,61,5,2,3,3,0,5,1,1,0,2,8,0,0,0,0,0,0,0,47,2012,8,29,5010,Married,3,18,3.0,9.0,4,0.2,0.2,3.6,0,0.0,0,0,1.5,3750.0,0.23996800426609785,0.5161290322580645,3,Budget Conscious
1974,Graduation,Together,83145.0,0,0,2012-09-22,14,777,35,731,39,137,114,1,5,9,11,2,0,0,1,0,0,0,1,52,2012,9,22,4986,Partnered,3,1833,305.5,1833.0,26,0.18518518518518517,0.037037037037037035,67.88888888888889,1,0.2,1,0,899.2075471698113,83145.0,2.2045558415317634,3.466666666666667,2,Ultra Premium
1960,Master,Married,54197.0,0,1,2014-04-03,16,162,6,37,6,13,13,2,1,3,6,1,0,0,0,0,0,0,0,66,2014,4,3,4428,Married,4,237,39.5,118.5,12,0.07692307692307693,0.15384615384615385,18.23076923076923,0,0.0,0,0,42.44776119402985,27098.5,0.43728550869035754,0.7058823529411765,0,Middle Class Shoppers
1963,PhD,Single,23091.0,1,1,2014-05-28,98,35,0,11,0,0,2,4,2,1,3,7,0,0,0,0,0,0,0,63,2014,5,28,4373,Single,5,48,8.0,16.0,10,0.18181818181818182,0.36363636363636365,4.363636363636363,0,0.0,0,0,7.5,7697.0,0.2078641953923437,0.7070707070707071,3,Budget Conscious
1976,Graduation,Married,46049.0,1,1,2013-07-21,11,342,9,112,19,14,19,10,5,2,9,7,0,0,0,0,0,0,1,50,2013,7,21,4684,Married,3,515,85.83333333333333,171.66666666666666,26,0.18518518518518517,0.37037037037037035,19.074074074074073,0,0.0,0,0,262.54901960784315,15349.666666666666,1.1183496199782845,15.166666666666666,0,Middle Class Shoppers
1974,Graduation,Together,56715.0,0,0,2012-12-05,52,258,105,239,237,172,9,1,7,3,4,4,0,0,0,0,0,0,0,52,2012,12,5,4912,Partnered,3,1020,170.0,1020.0,15,0.4375,0.0625,63.75,0,0.0,0,0,288.6792452830189,56715.0,1.7984343042527682,1.1320754716981132,1,Premium Spenders
1961,Graduation,Married,79410.0,0,0,2014-05-29,19,658,80,483,123,13,13,1,3,2,5,1,0,0,0,0,0,0,0,65,2014,5,29,4372,Married,3,1370,228.33333333333334,1370.0,11,0.25,0.08333333333333333,114.16666666666667,0,0.0,0,0,228.33333333333334,79410.0,1.7252017982395385,0.55,2,Ultra Premium
1951,Graduation,Married,57304.0,0,1,2013-03-11,61,356,80,329,138,17,106,2,7,6,10,5,0,0,0,0,0,0,0,75,2013,3,11,4816,Married,3,1026,171.0,513.0,25,0.2692307692307692,0.07692307692307693,39.46153846153846,0,0.0,0,0,337.5,28652.0,1.7904196841462352,2.0161290322580645,1,Premium Spenders
1965,Graduation,Married,44375.0,0,1,2014-03-23,73,213,5,28,7,7,41,1,4,1,6,5,0,0,0,0,0,0,0,61,2014,3,23,4439,Married,3,301,50.166666666666664,150.5,12,0.3076923076923077,0.07692307692307693,23.153846153846153,0,0.0,0,0,58.25806451612903,22187.5,0.6782945736434108,0.8108108108108109,0,Middle Class Shoppers
1965,Graduation,Married,59594.0,0,1,2012-10-20,74,457,4,29,0,0,9,1,8,1,7,7,0,1,0,0,0,0,0,61,2012,10,20,4958,Married,3,499,83.16666666666667,249.5,17,0.4444444444444444,0.05555555555555555,27.72222222222222,1,0.2,1,0,136.82258064516128,29797.0,0.8373185669938754,1.5866666666666667,0,Middle Class Shoppers
1994,Graduation,Together,80685.0,0,0,2012-08-22,55,241,45,604,34,26,54,1,6,4,10,2,0,0,0,0,0,0,0,32,2012,8,22,5017,Partnered,3,1004,167.33333333333334,1004.0,21,0.2727272727272727,0.045454545454545456,45.63636363636363,0,0.0,0,0,638.9090909090909,80685.0,1.2443298713531468,0.75,1,Premium Spenders
1974,PhD,Married,40344.0,0,1,2013-10-13,48,210,0,6,0,0,2,2,4,1,5,7,0,0,0,0,0,0,0,52,2013,10,13,4600,Married,5,218,36.333333333333336,109.0,12,0.3076923076923077,0.15384615384615385,16.76923076923077,0,0.0,0,0,49.35849056603774,20172.0,0.5403395711984137,1.7142857142857142,3,Budget Conscious
1972,Graduation,Married,62710.0,0,1,2013-05-23,53,441,35,83,7,29,11,4,4,2,12,4,0,0,0,0,0,0,0,54,2013,5,23,4743,Married,3,606,101.0,303.0,22,0.17391304347826086,0.17391304347826086,26.347826086956523,0,0.0,0,0,242.4,31355.0,0.9663376441134729,1.6296296296296295,0,Middle Class Shoppers
1968,2n Cycle,Married,48985.0,0,1,2013-07-05,13,19,13,18,10,7,8,1,1,1,3,3,0,0,0,0,0,0,0,58,2013,7,5,4700,Married,2,75,12.5,37.5,6,0.14285714285714285,0.14285714285714285,10.714285714285714,0,0.0,0,0,7.627118644067797,24492.5,0.15310496876658639,1.2857142857142858,0,Middle Class Shoppers
1968,Graduation,Together,35322.0,1,2,2012-08-22,34,28,9,37,12,7,13,3,2,0,4,8,0,0,0,0,0,0,0,58,2012,8,22,5017,Partnered,3,106,17.666666666666668,26.5,9,0.2,0.3,10.6,0,0.0,0,0,16.16949152542373,8830.5,0.3000877615151601,2.057142857142857,3,Budget Conscious
1948,Graduation,Married,77142.0,0,0,2013-05-29,54,476,75,162,29,151,97,1,4,4,8,2,0,0,0,0,0,0,0,78,2013,5,29,4737,Married,3,990,165.0,990.0,17,0.2222222222222222,0.05555555555555555,55.0,0,0.0,0,0,213.0379746835443,77142.0,1.2833309567945244,0.6181818181818182,1,Premium Spenders
1969,Graduation,Single,81657.0,0,0,2014-01-22,69,364,40,425,158,60,50,1,3,4,8,1,0,0,0,0,0,0,0,57,2014,1,22,4499,Single,3,1097,182.83333333333334,1097.0,16,0.17647058823529413,0.058823529411764705,64.52941176470588,0,0.0,0,0,302.62068965517244,81657.0,1.3434078718557887,0.22857142857142856,1,Premium Spenders
1996,Basic,Married,14421.0,0,0,2014-02-17,81,0,0,2,3,3,8,1,1,0,2,5,1,0,0,0,0,0,0,30,2014,2,17,4473,Married,1,16,2.6666666666666665,16.0,4,0.2,0.2,3.2,1,0.2,1,0,2.064516129032258,14421.0,0.1109416169740674,0.24390243902439024,3,Budget Conscious
1990,PhD,Married,74214.0,0,0,2012-08-26,3,863,83,547,86,99,33,1,8,2,5,5,0,0,0,0,0,0,0,36,2012,8,26,5013,Married,5,1711,285.1666666666667,1711.0,16,0.47058823529411764,0.058823529411764705,100.6470588235294,0,0.0,0,0,739.8918918918919,74214.0,2.3054638550158324,20.0,2,Ultra Premium
1957,Master,Married,66726.0,1,1,2014-01-12,61,349,7,35,0,0,47,3,8,2,4,7,0,1,0,0,0,0,0,69,2014,1,12,4509,Married,4,438,73.0,146.0,17,0.4444444444444444,0.16666666666666666,24.333333333333332,1,0.2,1,0,106.37142857142857,22242.0,0.6564059526128854,1.9193548387096775,0,Middle Class Shoppers
1979,Basic,Together,23724.0,1,0,2013-01-08,65,5,23,15,0,18,14,2,2,0,3,8,0,0,0,0,0,0,0,47,2013,1,8,4878,Partnered,1,75,12.5,37.5,7,0.25,0.25,9.375,0,0.0,0,0,10.9375,11862.0,0.31612223393045313,0.8484848484848485,3,Budget Conscious
1960,Master,Married,47353.0,0,1,2013-11-13,93,184,2,19,8,8,4,3,2,2,6,5,0,0,0,0,0,0,0,66,2013,11,13,4569,Married,4,225,37.5,112.5,13,0.14285714285714285,0.21428571428571427,16.071428571428573,0,0.0,0,0,43.656716417910445,23676.5,0.4751446551505681,0.6914893617021277,0,Middle Class Shoppers
1952,Master,Married,33444.0,1,1,2012-11-03,24,8,0,8,0,0,2,1,1,0,2,8,0,0,0,0,0,0,0,74,2012,11,3,4944,Married,4,18,3.0,6.0,4,0.2,0.2,3.6,0,0.0,0,0,0.96,11148.0,0.05381970399162805,1.28,3,Budget Conscious
1981,Graduation,Married,54386.0,0,1,2013-05-17,8,277,21,64,62,21,25,2,3,2,10,3,0,0,0,0,0,0,0,45,2013,5,17,4749,Married,3,470,78.33333333333333,235.0,17,0.16666666666666666,0.1111111111111111,26.11111111111111,0,0.0,0,0,173.69565217391303,27193.0,0.8641771011454944,5.666666666666667,0,Middle Class Shoppers
1981,Graduation,Divorced,28510.0,1,1,2013-04-13,72,44,5,19,0,4,19,3,2,0,4,5,0,0,0,0,0,0,0,45,2013,4,13,4783,Divorced,3,91,15.166666666666666,30.333333333333332,9,0.2,0.3,9.1,0,0.0,0,0,17.804347826086957,9503.333333333334,0.3191750552418365,0.6164383561643836,3,Budget Conscious
1991,Master,Single,90638.0,0,0,2014-02-13,29,1156,120,915,94,144,96,1,3,4,10,1,0,0,1,0,0,0,0,35,2014,2,13,4477,Single,4,2525,420.8333333333333,2525.0,18,0.15789473684210525,0.05263157894736842,132.89473684210526,1,0.2,1,0,1262.5,90638.0,2.7857765421065985,0.6,2,Ultra Premium
1950,Graduation,Together,48070.0,0,1,2013-01-13,33,373,14,83,6,9,19,3,8,2,6,7,0,0,0,0,0,1,0,76,2013,1,13,4873,Partnered,3,504,84.0,252.0,19,0.4,0.15,25.2,0,0.0,0,0,124.36363636363636,24035.0,1.0484491689376132,3.911764705882353,0,Middle Class Shoppers
1957,Graduation,Married,43140.0,0,1,2013-01-05,68,134,8,76,6,0,11,1,4,1,5,6,0,0,0,0,0,0,0,69,2013,1,5,4881,Married,3,235,39.166666666666664,117.5,11,0.3333333333333333,0.08333333333333333,19.583333333333332,0,0.0,0,0,36.92857142857143,21570.0,0.544725435200853,0.9565217391304348,0,Middle Class Shoppers
1961,PhD,Divorced,54959.0,0,1,2013-01-19,55,1148,0,60,0,0,24,3,9,5,4,7,0,1,0,0,0,0,1,65,2013,1,19,4867,Divorced,5,1232,205.33333333333334,616.0,21,0.4090909090909091,0.13636363636363635,56.0,1,0.2,1,0,392.0,27479.5,2.2416302765647744,2.625,1,Premium Spenders
1958,Basic,Single,15056.0,1,1,2013-05-03,76,6,12,3,21,6,40,5,2,2,3,5,0,0,0,0,0,0,0,68,2013,5,3,4763,Single,1,88,14.666666666666666,29.333333333333332,12,0.15384615384615385,0.38461538461538464,6.769230769230769,0,0.0,0,0,15.304347826086957,5018.666666666667,0.5844457727302915,0.7792207792207793,3,Budget Conscious
1971,Graduation,Single,26954.0,1,0,2014-05-08,17,4,1,11,0,0,1,1,1,0,2,7,0,0,0,0,0,0,0,55,2014,5,8,4393,Single,3,17,2.8333333333333335,8.5,4,0.2,0.2,3.4,0,0.0,0,0,1.2142857142857142,13477.0,0.06306807642366907,1.5555555555555556,3,Budget Conscious
1985,Graduation,Single,22327.0,1,0,2013-08-02,94,5,4,8,2,0,5,1,1,0,3,5,0,0,0,0,0,0,0,41,2013,8,2,4672,Single,3,24,4.0,12.0,5,0.16666666666666666,0.16666666666666666,4.0,0,0.0,0,0,2.857142857142857,11163.5,0.10748835542816196,0.2631578947368421,3,Budget Conscious
1965,Graduation,Married,44393.0,1,1,2013-08-22,86,24,2,20,2,2,10,2,1,0,4,4,0,0,0,0,0,0,0,61,2013,8,22,4652,Married,3,60,10.0,20.0,7,0.125,0.25,7.5,0,0.0,0,0,6.774193548387097,14797.666666666666,0.13515339910798757,0.3218390804597701,3,Budget Conscious
1952,PhD,Single,62000.0,0,1,2013-08-25,25,899,0,101,0,0,20,1,6,6,13,4,0,0,0,1,0,0,0,74,2013,8,25,4649,Single,5,1020,170.0,510.0,26,0.2222222222222222,0.037037037037037035,37.77777777777778,1,0.2,1,0,353.6,31000.0,1.6451347558910339,4.0,1,Premium Spenders
1962,PhD,Together,31497.0,0,1,2012-12-06,22,108,1,28,13,1,4,2,3,1,4,8,0,0,0,0,0,0,0,64,2012,12,6,4911,Partnered,5,155,25.833333333333332,77.5,10,0.2727272727272727,0.18181818181818182,14.090909090909092,0,0.0,0,0,23.846153846153847,15748.5,0.49209473617372534,3.4782608695652173,3,Budget Conscious
1974,2n Cycle,Married,45894.0,0,2,2014-02-27,15,27,2,7,0,2,13,1,1,0,3,5,0,0,0,0,0,0,0,52,2014,2,27,4463,Married,2,51,8.5,17.0,5,0.16666666666666666,0.16666666666666666,8.5,0,0.0,0,0,4.811320754716981,15298.0,0.11112321603660529,1.5625,0,Middle Class Shoppers
1970,Master,Divorced,78579.0,0,0,2012-12-22,35,816,66,549,216,66,99,1,5,6,4,3,0,0,0,0,0,0,1,56,2012,12,22,4895,Divorced,4,1812,302.0,1812.0,16,0.29411764705882354,0.058823529411764705,106.58823529411765,0,0.0,0,0,508.63157894736844,78579.0,2.3059302621532196,1.3333333333333333,2,Ultra Premium
1969,Master,Widow,67369.0,0,1,2012-11-17,81,1298,0,70,37,14,42,4,7,4,10,4,0,1,1,0,0,0,1,57,2012,11,17,4930,Widowed,4,1461,243.5,730.5,25,0.2692307692307692,0.15384615384615385,56.19230769230769,2,0.4,1,1,629.7413793103449,33684.5,2.1686210479441885,1.2195121951219512,1,Premium Spenders
1960,Graduation,Divorced,58401.0,0,1,2014-04-20,55,10,0,11,17,29,29,1,1,2,2,4,0,0,0,0,0,0,0,66,2014,4,20,4411,Divorced,3,96,16.0,48.0,6,0.14285714285714285,0.14285714285714285,13.714285714285714,0,0.0,0,0,8.597014925373134,29200.5,0.16437793226259373,0.42857142857142855,0,Middle Class Shoppers
1952,Graduation,Single,62307.0,0,1,2014-02-17,94,87,13,34,10,6,10,1,4,0,4,5,0,0,0,0,0,0,0,74,2014,2,17,4473,Single,3,160,26.666666666666668,80.0,9,0.4,0.1,16.0,0,0.0,0,0,19.2,31153.5,0.25678885536367724,0.47368421052631576,0,Middle Class Shoppers
1969,Master,Married,43641.0,1,1,2013-04-22,50,57,2,51,4,2,23,3,2,1,4,6,0,0,0,0,0,0,0,57,2013,4,22,4774,Married,4,139,23.166666666666668,46.333333333333336,10,0.18181818181818182,0.2727272727272727,12.636363636363637,0,0.0,0,0,23.96551724137931,14547.0,0.31850052701526055,1.1764705882352942,0,Middle Class Shoppers
1969,Master,Married,70091.0,1,0,2013-03-31,11,964,34,137,15,0,11,2,5,2,10,8,0,1,0,0,0,0,0,57,2013,3,31,4796,Married,4,1161,193.5,580.5,19,0.25,0.1,58.05,1,0.2,1,0,380.32758620689657,35045.5,1.6563944530046226,12.666666666666666,1,Premium Spenders
1972,PhD,Married,78075.0,0,0,2014-04-05,72,572,8,259,34,35,80,1,3,5,5,1,0,0,0,0,0,0,0,54,2014,4,5,4426,Married,5,988,164.66666666666666,988.0,14,0.2,0.06666666666666667,65.86666666666666,0,0.0,0,0,251.4909090909091,78075.0,1.2654336800040986,0.1917808219178082,1,Premium Spenders
1961,2n Cycle,Widow,59184.0,0,1,2012-09-09,6,341,142,113,259,151,66,3,6,6,12,5,0,0,0,0,0,0,0,65,2012,9,9,4999,Widowed,2,1072,178.66666666666666,536.0,27,0.21428571428571427,0.10714285714285714,38.285714285714285,0,0.0,0,0,438.54545454545456,29592.0,1.8112697474022135,19.285714285714285,1,Premium Spenders
1977,Graduation,Married,54809.0,1,1,2013-09-11,0,63,6,57,13,13,22,4,2,1,5,4,0,0,0,0,0,0,0,49,2013,9,11,4632,Married,3,174,29.0,58.0,12,0.15384615384615385,0.3076923076923077,13.384615384615385,0,0.0,0,0,41.76,18269.666666666668,0.31746031746031744,48.0,0,Middle Class Shoppers
1959,Graduation,Married,58113.0,0,1,2013-01-25,66,221,104,169,102,78,84,3,9,2,8,7,0,0,0,0,0,1,0,67,2013,1,25,4861,Married,3,758,126.33333333333333,379.0,22,0.391304347826087,0.13043478260869565,32.95652173913044,0,0.0,0,0,245.23529411764707,29056.5,1.3043328629934268,2.298507462686567,0,Middle Class Shoppers
1958,Master,Married,51412.0,0,1,2013-12-31,42,140,3,29,4,5,14,2,3,2,4,4,0,0,0,0,0,0,0,68,2013,12,31,4521,Married,4,195,32.5,97.5,11,0.25,0.16666666666666666,16.25,0,0.0,0,0,31.08695652173913,25706.0,0.3792815046778052,1.0232558139534884,0,Middle Class Shoppers
1957,Master,Together,66636.0,0,0,2013-08-17,64,291,10,689,84,10,0,1,3,4,9,1,0,0,0,0,0,0,0,69,2013,8,17,4657,Partnered,4,1084,180.66666666666666,1084.0,17,0.16666666666666666,0.05555555555555555,60.22222222222222,0,0.0,0,0,263.25714285714287,66636.0,1.6267238921319989,0.26153846153846155,1,Premium Spenders
1956,Master,Married,50965.0,0,1,2013-02-20,87,544,13,85,8,6,29,3,10,4,5,8,1,0,0,0,0,0,0,70,2013,2,20,4835,Married,4,685,114.16666666666667,342.5,22,0.43478260869565216,0.13043478260869565,29.782608695652176,1,0.2,1,0,212.25352112676057,25482.5,1.3440332770866852,2.0,0,Middle Class Shoppers
1990,Graduation,Married,18351.0,0,0,2013-10-29,1,1,12,9,0,14,7,1,2,0,3,7,0,0,0,0,0,0,0,36,2013,10,29,4584,Married,3,43,7.166666666666667,43.0,6,0.2857142857142857,0.14285714285714285,6.142857142857143,0,0.0,0,0,6.972972972972973,18351.0,0.23430688753269396,21.0,3,Budget Conscious
1957,PhD,Together,40451.0,0,2,2014-02-16,54,35,0,4,0,0,10,1,1,1,2,5,1,0,0,0,0,0,0,69,2014,2,16,4474,Partnered,5,49,8.166666666666666,16.333333333333332,5,0.16666666666666666,0.16666666666666666,8.166666666666666,1,0.2,1,0,3.5,13483.666666666666,0.12113121724513004,0.45454545454545453,3,Budget Conscious
1965,Graduation,Together,36317.0,0,1,2013-05-22,53,87,3,25,3,2,13,2,3,0,4,7,0,0,0,0,0,0,0,61,2013,5,22,4744,Partnered,3,133,22.166666666666668,66.5,9,0.3,0.2,13.3,0,0.0,0,0,19.306451612903224,18158.5,0.3662095930392643,1.1666666666666667,3,Budget Conscious
1957,Graduation,Together,42213.0,0,1,2013-10-12,96,309,3,24,4,3,20,2,5,1,7,7,0,1,0,0,0,0,0,69,2013,10,12,4601,Partnered,3,363,60.5,181.5,15,0.3125,0.125,22.6875,1,0.2,1,0,77.78571428571429,21106.5,0.8599042971526034,1.0824742268041236,0,Middle Class Shoppers
1955,Graduation,Together,65748.0,0,1,2013-04-15,58,172,73,93,95,78,34,2,2,4,10,1,0,0,0,0,0,1,0,71,2013,4,15,4781,Partnered,3,545,90.83333333333333,272.5,18,0.10526315789473684,0.10526315789473684,28.68421052631579,0,0.0,0,0,136.25,32874.0,0.8289099453984091,0.3050847457627119,0,Middle Class Shoppers
1972,Graduation,Together,77044.0,0,1,2013-10-27,12,625,38,242,50,34,76,2,7,11,11,4,1,0,0,0,0,0,0,54,2013,10,27,4586,Partnered,3,1065,177.5,532.5,31,0.21875,0.0625,33.28125,1,0.2,1,0,600.2727272727273,38522.0,1.3823090401713283,9.538461538461538,1,Premium Spenders
1969,Graduation,Together,74918.0,0,0,2013-03-12,78,972,59,913,25,19,59,1,5,9,6,3,0,0,1,0,0,0,0,57,2013,3,12,4815,Partnered,3,2047,341.1666666666667,2047.0,21,0.22727272727272727,0.045454545454545456,93.04545454545455,1,0.2,1,0,741.1551724137931,74918.0,2.732284200269625,0.7974683544303798,2,Ultra Premium
1972,Graduation,Married,56721.0,1,1,2012-10-31,64,157,6,39,6,13,75,5,4,1,5,6,0,0,0,0,0,0,0,54,2012,10,31,4947,Married,3,296,49.333333333333336,98.66666666666667,15,0.25,0.3125,18.5,0,0.0,0,0,80.72727272727273,18907.0,0.5218433764676845,1.3846153846153846,0,Middle Class Shoppers
1975,Graduation,Single,42160.0,1,1,2013-06-28,26,48,9,45,3,15,20,4,2,1,4,6,0,0,0,0,0,0,1,51,2013,6,28,4707,Single,3,140,23.333333333333332,46.666666666666664,11,0.16666666666666666,0.3333333333333333,11.666666666666666,0,0.0,0,0,29.615384615384617,14053.333333333334,0.3320604349991698,2.4444444444444446,3,Budget Conscious
1965,Graduation,Single,61559.0,0,1,2013-07-17,8,279,83,88,32,14,34,1,4,2,10,3,0,0,0,0,0,0,0,61,2013,7,17,4688,Single,3,530,88.33333333333333,265.0,17,0.2222222222222222,0.05555555555555555,29.444444444444443,0,0.0,0,0,145.32258064516128,30779.5,0.8609486679662117,5.666666666666667,0,Middle Class Shoppers
1963,PhD,Together,33629.0,1,1,2012-08-08,49,132,0,16,0,0,4,5,3,1,4,9,0,0,0,0,0,0,0,63,2012,8,8,5031,Partnered,5,152,25.333333333333332,50.666666666666664,13,0.21428571428571427,0.35714285714285715,10.857142857142858,0,0.0,0,0,30.875,11209.666666666666,0.4519774011299435,2.34,3,Budget Conscious
1963,Graduation,Single,34377.0,0,1,2013-01-19,55,62,0,22,3,1,26,2,2,2,2,7,0,0,0,0,0,0,0,63,2013,1,19,4867,Single,3,114,19.0,57.0,8,0.2222222222222222,0.2222222222222222,12.666666666666666,0,0.0,0,0,14.25,17188.5,0.3316074233521438,1.0,3,Budget Conscious
1986,Basic,Single,8940.0,1,0,2012-08-22,25,1,45,3,4,6,42,3,3,1,3,8,0,0,0,0,0,0,0,40,2012,8,22,5017,Single,1,101,16.833333333333332,50.5,10,0.2727272727272727,0.2727272727272727,9.181818181818182,0,0.0,0,0,24.634146341463413,4470.0,1.1296275584386533,3.076923076923077,3,Budget Conscious
1973,Graduation,Married,26228.0,1,0,2013-09-22,50,2,6,4,3,1,9,1,1,0,2,8,0,0,0,0,0,0,0,53,2013,9,22,4621,Married,3,25,4.166666666666667,12.5,4,0.2,0.2,5.0,0,0.0,0,0,1.8518518518518519,13114.0,0.09531434671546761,0.6274509803921569,3,Budget Conscious
1957,2n Cycle,Divorced,77297.0,0,0,2013-01-26,84,408,61,109,48,122,41,1,5,7,9,4,0,0,0,1,0,0,0,69,2013,1,26,4860,Divorced,2,789,131.5,789.0,22,0.21739130434782608,0.043478260869565216,34.30434782608695,1,0.2,1,0,247.97142857142856,77297.0,1.0207249864162073,1.035294117647059,1,Premium Spenders
1981,Graduation,Married,40211.0,1,1,2013-07-30,30,51,1,7,2,1,25,2,2,1,2,8,1,0,0,0,0,0,0,45,2013,7,30,4675,Married,3,87,14.5,29.0,7,0.25,0.25,10.875,1,0.2,1,0,13.23913043478261,13403.666666666666,0.21635332736496568,1.8064516129032258,3,Budget Conscious
1958,PhD,Widow,33438.0,1,1,2013-09-22,81,62,1,16,3,2,6,4,2,1,4,5,0,0,0,0,0,0,0,68,2013,9,22,4621,Widowed,5,90,15.0,30.0,11,0.16666666666666666,0.3333333333333333,7.5,0,0.0,0,0,14.347826086956522,11146.0,0.26914680462932505,0.6707317073170732,3,Budget Conscious
1959,PhD,Married,75032.0,0,1,2013-04-28,74,952,12,180,47,12,12,2,5,4,9,3,0,0,0,0,0,0,0,67,2013,4,28,4768,Married,5,1215,202.5,607.5,20,0.23809523809523808,0.09523809523809523,57.857142857142854,0,0.0,0,0,357.3529411764706,37516.0,1.6192875134940627,0.8,1,Premium Spenders
1955,PhD,Single,61284.0,0,0,2013-10-12,76,618,15,106,20,7,45,1,11,2,8,6,0,1,0,0,0,0,0,71,2013,10,12,4601,Single,5,811,135.16666666666666,811.0,22,0.4782608695652174,0.043478260869565216,35.26086956521739,1,0.2,1,0,247.80555555555554,61284.0,1.3233254466835278,1.7142857142857142,1,Premium Spenders
1986,Graduation,Married,22518.0,1,0,2012-10-22,36,11,7,12,2,2,27,2,2,1,2,5,1,0,0,0,0,0,1,40,2012,10,22,4956,Married,3,61,10.166666666666666,30.5,7,0.25,0.25,7.625,1,0.2,1,0,10.414634146341463,11259.0,0.27088236600204274,0.9459459459459459,3,Budget Conscious
1975,Master,Married,54730.0,0,1,2013-08-15,64,318,3,17,4,7,56,5,4,1,8,4,0,0,0,0,0,0,0,51,2013,8,15,4659,Married,4,405,67.5,202.5,18,0.21052631578947367,0.2631578947368421,21.31578947368421,0,0.0,0,0,140.19230769230768,27365.0,0.7399828250899856,1.1076923076923078,0,Middle Class Shoppers
1955,Master,Married,38452.0,1,1,2014-03-30,62,56,0,14,0,0,2,3,3,0,3,7,0,0,0,0,0,0,0,71,2014,3,30,4432,Married,4,72,12.0,24.0,9,0.3,0.3,7.2,0,0.0,0,0,9.0,12817.333333333334,0.18724156762801342,1.0,3,Budget Conscious
1971,Graduation,Divorced,44421.0,1,1,2013-02-15,53,110,5,59,7,1,7,5,5,0,4,8,0,0,0,0,0,0,0,55,2013,2,15,4840,Divorced,3,189,31.5,63.0,14,0.3333333333333333,0.3333333333333333,12.6,0,0.0,0,0,47.25,14807.0,0.4254648597541759,2.074074074074074,0,Middle Class Shoppers
1986,PhD,Together,38197.0,1,0,2013-06-29,86,23,0,11,2,1,3,1,1,0,3,5,0,0,0,0,0,0,0,40,2013,6,29,4706,Partnered,5,40,6.666666666666667,20.0,5,0.16666666666666666,0.16666666666666666,6.666666666666667,0,0.0,0,0,4.878048780487805,19098.5,0.10471752447772135,0.28735632183908044,3,Budget Conscious
1978,Graduation,Divorced,41986.0,0,1,2014-02-09,15,27,5,8,8,3,12,3,3,0,4,4,0,0,0,0,0,0,0,48,2014,2,9,4481,Divorced,3,63,10.5,31.5,10,0.2727272727272727,0.2727272727272727,5.7272727272727275,0,0.0,0,0,12.857142857142858,20993.0,0.15004644294662633,2.5,3,Budget Conscious
1983,Graduation,Together,28427.0,1,0,2013-03-21,67,18,3,19,3,3,6,2,2,0,3,8,0,0,0,0,0,0,0,43,2013,3,21,4806,Partnered,3,52,8.666666666666666,26.0,7,0.25,0.25,6.5,0,0.0,0,0,8.272727272727273,14213.5,0.18291824961305755,0.8235294117647058,3,Budget Conscious
1976,PhD,Together,37395.0,1,0,2014-05-02,47,18,0,9,0,1,11,1,1,0,3,6,0,0,0,0,0,0,0,50,2014,5,2,4399,Partnered,5,39,6.5,19.5,5,0.16666666666666666,0.16666666666666666,6.5,0,0.0,0,0,3.823529411764706,18697.5,0.10428922879452349,0.625,3,Budget Conscious
1971,Graduation,Married,64722.0,1,0,2014-05-26,47,303,0,280,60,147,15,4,8,2,11,6,0,0,0,0,0,0,0,55,2014,5,26,4375,Married,3,805,134.16666666666666,402.5,25,0.3076923076923077,0.15384615384615385,30.96153846153846,0,0.0,0,0,359.375,32361.0,1.243761877539669,3.125,1,Premium Spenders
1956,Master,Together,55249.0,0,1,2014-04-17,81,97,1,19,2,0,11,1,2,1,4,3,0,0,0,0,0,0,0,70,2014,4,17,4414,Partnered,4,130,21.666666666666668,65.0,8,0.2222222222222222,0.1111111111111111,14.444444444444445,0,0.0,0,0,14.647887323943662,27624.5,0.2352941176470588,0.2926829268292683,0,Middle Class Shoppers
1972,Graduation,Together,84906.0,0,0,2013-10-04,98,997,15,414,99,30,76,1,5,6,12,2,0,1,1,0,1,0,0,54,2013,10,4,4609,Partnered,3,1631,271.8333333333333,1631.0,24,0.2,0.04,65.24,3,0.6,1,1,711.709090909091,84906.0,1.9209252476238707,0.48484848484848486,2,Ultra Premium
1952,Graduation,Single,44213.0,1,1,2013-11-29,48,95,11,35,0,4,7,4,2,1,5,6,0,0,0,0,0,0,0,74,2013,11,29,4553,Single,3,152,25.333333333333332,50.666666666666664,12,0.15384615384615385,0.3076923076923077,11.692307692307692,0,0.0,0,0,24.32,14737.666666666666,0.34378251232641244,1.469387755102041,0,Middle Class Shoppers
1984,Basic,Single,25707.0,1,0,2014-01-18,18,1,6,2,3,6,3,1,1,0,3,7,0,0,0,0,0,0,0,42,2014,1,18,4503,Single,1,21,3.5,10.5,5,0.16666666666666666,0.16666666666666666,3.5,0,0.0,0,0,2.441860465116279,12853.5,0.08168663451065816,1.8421052631578947,3,Budget Conscious
1967,PhD,Married,59062.0,2,1,2013-10-03,74,46,1,12,3,0,9,2,2,0,3,4,0,0,0,0,0,0,0,59,2013,10,3,4610,Married,5,71,11.833333333333334,17.75,7,0.25,0.25,8.875,0,0.0,0,0,8.283333333333333,14765.5,0.12021062255557625,0.37333333333333335,0,Middle Class Shoppers
1962,Graduation,Single,76624.0,0,1,2014-05-24,68,411,106,147,54,115,66,1,5,10,7,1,1,0,0,0,0,0,0,64,2014,5,24,4377,Single,3,899,149.83333333333334,449.5,23,0.20833333333333334,0.041666666666666664,37.458333333333336,1,0.2,1,0,318.10769230769233,38312.0,1.1732463295269169,0.3333333333333333,1,Premium Spenders
1947,Master,Together,66000.0,0,0,2014-04-20,36,244,51,270,101,0,45,1,1,3,5,1,0,0,0,0,0,0,0,79,2014,4,20,4411,Partnered,4,711,118.5,711.0,10,0.09090909090909091,0.09090909090909091,64.63636363636364,0,0.0,0,0,88.875,66000.0,1.0772564052059816,0.2702702702702703,1,Premium Spenders
1978,PhD,Together,27683.0,1,0,2012-08-04,90,152,9,121,12,12,45,4,6,2,4,8,0,0,0,0,0,0,0,48,2012,8,4,5035,Partnered,5,351,58.5,175.5,16,0.35294117647058826,0.23529411764705882,20.647058823529413,0,0.0,0,0,114.61224489795919,13841.5,1.2678803641092327,1.4065934065934067,3,Budget Conscious
1971,Graduation,Divorced,1730.0,0,0,2014-05-18,65,1,1,3,1,1,1,15,0,0,0,20,0,0,0,0,0,0,0,55,2014,5,18,4383,Divorced,3,8,1.3333333333333333,8.0,15,0.0,0.9375,0.5,0,0.0,0,0,2.142857142857143,1730.0,0.462160600808781,4.545454545454546,3,Budget Conscious
1992,Basic,Single,7500.0,1,0,2012-12-03,63,10,17,18,8,26,40,4,3,2,2,9,0,0,0,0,0,0,0,34,2012,12,3,4914,Single,1,119,19.833333333333332,59.5,11,0.25,0.3333333333333333,9.916666666666666,0,0.0,0,0,37.4,3750.0,1.5864551393147581,1.546875,3,Budget Conscious
1968,Graduation,Together,40521.0,1,1,2013-04-05,82,12,0,5,0,0,4,1,0,1,2,5,0,0,0,0,0,0,0,58,2013,4,5,4791,Partnered,3,21,3.5,7.0,4,0.0,0.2,4.2,0,0.0,0,0,1.423728813559322,13507.0,0.05182370070578945,0.24096385542168675,3,Budget Conscious
1973,PhD,Together,20427.0,1,0,2014-03-24,63,5,0,4,0,0,1,1,1,0,2,8,0,0,0,0,0,0,0,53,2014,3,24,4438,Partnered,5,10,1.6666666666666667,5.0,4,0.2,0.2,2.0,0,0.0,0,0,0.7407407407407407,10213.5,0.04895241824946152,0.5,3,Budget Conscious
1975,Graduation,Married,65106.0,0,1,2014-05-24,55,790,19,133,12,0,19,3,8,3,13,6,0,1,0,0,0,0,0,51,2014,5,24,4377,Married,3,973,162.16666666666666,486.5,27,0.2857142857142857,0.10714285714285714,34.75,1,0.2,1,0,505.21153846153845,32553.0,1.4944629609719384,2.892857142857143,1,Premium Spenders
1965,PhD,Married,69969.0,0,0,2013-08-27,64,882,29,514,38,29,44,1,4,2,6,3,0,0,1,1,0,0,1,61,2013,8,27,4647,Married,5,1536,256.0,1536.0,13,0.2857142857142857,0.07142857142857142,109.71428571428571,2,0.4,1,1,322.06451612903226,69969.0,2.195226525653852,0.6,2,Ultra Premium
1952,Graduation,Married,67433.0,0,2,2013-07-16,51,615,28,259,12,48,30,4,6,5,13,4,0,1,0,0,0,0,0,74,2013,7,16,4689,Married,3,992,165.33333333333334,330.6666666666667,28,0.20689655172413793,0.13793103448275862,34.206896551724135,1,0.2,1,0,370.3466666666667,22477.666666666668,1.4710680072367055,2.1538461538461537,1,Premium Spenders
1967,PhD,Married,77766.0,0,1,2013-02-22,97,1004,59,265,115,59,27,2,11,10,11,6,1,0,0,0,0,0,1,59,2013,2,22,4833,Married,5,1529,254.83333333333334,764.5,34,0.3142857142857143,0.05714285714285714,43.68571428571428,1,0.2,1,0,866.4333333333333,38883.0,1.9661295922434967,2.0816326530612246,1,Premium Spenders
1972,Graduation,Married,74716.0,0,1,2013-09-12,92,133,27,421,13,195,71,2,7,3,5,4,0,0,0,0,0,0,0,54,2013,9,12,4631,Married,3,860,143.33333333333334,430.0,17,0.3888888888888889,0.1111111111111111,47.77777777777778,0,0.0,0,0,265.8181818181818,37358.0,1.151009810351058,0.7311827956989247,1,Premium Spenders
1970,PhD,Married,55158.0,1,1,2012-07-30,72,293,0,87,4,11,23,4,7,2,5,7,0,0,0,0,0,0,1,56,2012,7,30,5040,Married,5,418,69.66666666666667,139.33333333333334,18,0.3684210526315789,0.21052631578947367,22.0,0,0.0,0,0,132.0,18386.0,0.7578092423720517,1.726027397260274,0,Middle Class Shoppers
1955,2n Cycle,Married,62972.0,0,1,2012-08-03,39,313,15,47,20,0,192,2,7,4,3,6,0,0,0,0,0,0,1,71,2012,8,3,5036,Married,2,587,97.83333333333333,293.5,16,0.4117647058823529,0.11764705882352941,34.529411764705884,0,0.0,0,0,130.44444444444446,31486.0,0.932145522684325,2.4,0,Middle Class Shoppers
1975,Graduation,Married,74190.0,0,1,2014-05-12,49,151,81,86,168,91,64,2,4,2,11,2,0,0,0,0,0,0,0,51,2014,5,12,4389,Married,3,641,106.83333333333333,320.5,19,0.2,0.1,32.05,0,0.0,0,0,234.21153846153845,37095.0,0.8639861977867934,0.76,1,Premium Spenders
1976,Graduation,Married,39356.0,1,1,2014-03-19,21,15,0,2,0,0,6,1,1,0,2,6,1,0,0,0,0,0,0,50,2014,3,19,4443,Married,3,23,3.8333333333333335,7.666666666666667,4,0.2,0.2,4.6,1,0.2,1,0,1.803921568627451,13118.666666666666,0.05843941357318901,1.0909090909090908,3,Budget Conscious
1969,Graduation,Together,76653.0,0,0,2013-08-16,91,736,63,946,219,189,126,1,4,7,11,2,0,0,1,1,0,0,0,57,2013,8,16,4658,Partnered,3,2279,379.8333333333333,2279.0,23,0.16666666666666666,0.041666666666666664,94.95833333333333,2,0.4,1,1,903.7413793103449,76653.0,2.973099903462311,0.5,2,Ultra Premium
1983,PhD,Divorced,90687.0,0,0,2013-05-22,98,982,17,672,23,34,51,1,6,2,8,2,0,0,1,0,0,0,1,43,2013,5,22,4744,Divorced,5,1779,296.5,1779.0,17,0.3333333333333333,0.05555555555555555,98.83333333333333,1,0.2,1,0,687.3409090909091,90687.0,1.961670783345095,0.3434343434343434,2,Ultra Premium
1982,Master,Together,73450.0,0,0,2013-12-05,85,1142,51,415,90,69,37,1,7,8,11,3,1,0,0,1,0,0,0,44,2013,12,5,4547,Partnered,4,1804,300.6666666666667,1804.0,27,0.25,0.03571428571428571,64.42857142857143,2,0.4,1,1,1082.4,73450.0,2.456059141468462,0.9418604651162791,2,Ultra Premium
1960,Graduation,Married,31454.0,1,1,2013-07-06,40,28,0,11,0,0,9,3,2,0,3,8,0,0,0,0,0,0,0,66,2013,7,6,4699,Married,3,48,8.0,16.0,8,0.2222222222222222,0.3333333333333333,5.333333333333333,0,0.0,0,0,5.731343283582089,10484.666666666666,0.15259895088221268,1.5609756097560976,3,Budget Conscious
1952,Graduation,Single,47139.0,1,1,2014-03-06,2,46,0,12,0,2,23,2,2,1,2,7,0,0,0,0,0,0,1,74,2014,3,6,4456,Single,3,83,13.833333333333334,27.666666666666668,7,0.25,0.25,10.375,0,0.0,0,0,7.746666666666667,15713.0,0.17607127704709377,16.333333333333332,0,Middle Class Shoppers
1963,PhD,Married,53378.0,1,1,2012-09-24,41,489,6,152,8,6,132,10,9,4,6,8,0,0,0,0,0,0,1,63,2012,9,24,4984,Married,5,793,132.16666666666666,264.3333333333333,29,0.3,0.3333333333333333,26.433333333333334,0,0.0,0,0,359.328125,17792.666666666668,1.4856029524719458,5.523809523809524,0,Middle Class Shoppers
1970,Graduation,Together,19656.0,1,0,2013-02-08,94,25,4,9,6,8,32,3,2,1,3,7,0,0,0,0,0,0,0,56,2013,2,8,4847,Partnered,3,84,14.0,42.0,9,0.2,0.3,8.4,0,0.0,0,0,13.263157894736842,9828.0,0.42732868698173676,0.6631578947368421,3,Budget Conscious
1948,PhD,Married,45579.0,0,1,2013-08-20,10,145,1,33,2,1,1,1,4,1,4,6,0,0,0,0,0,0,0,78,2013,8,20,4654,Married,5,183,30.5,91.5,10,0.36363636363636365,0.09090909090909091,16.636363636363637,0,0.0,0,0,23.164556962025316,22789.5,0.4014918824045634,5.454545454545454,0,Middle Class Shoppers
1958,2n Cycle,Single,85485.0,0,0,2014-06-21,73,630,26,611,44,18,54,1,6,6,6,2,0,0,0,0,0,0,0,68,2014,6,21,4349,Single,2,1383,230.5,1383.0,19,0.3,0.05,69.15,0,0.0,0,0,380.82608695652175,85485.0,1.6178087640081416,0.5135135135135135,2,Ultra Premium
1944,Graduation,Married,55956.0,0,0,2014-04-07,22,760,38,104,50,9,38,2,7,3,4,4,0,1,0,0,0,0,0,82,2014,4,7,4424,Married,3,999,166.5,999.0,16,0.4117647058823529,0.11764705882352941,58.76470588235294,1,0.2,1,0,192.57831325301206,55956.0,1.7852994263452295,2.782608695652174,1,Premium Spenders
1963,Master,Single,64191.0,0,1,2013-01-22,30,420,15,186,151,38,15,3,5,3,13,3,0,0,0,0,0,0,0,63,2013,1,22,4864,Single,4,825,137.5,412.5,24,0.2,0.12,33.0,0,0.0,0,0,309.375,32095.5,1.2852068793619142,2.3225806451612905,1,Premium Spenders
1972,Graduation,Single,38808.0,1,0,2012-08-26,21,125,17,52,3,19,30,4,5,1,4,8,1,0,0,0,0,0,1,54,2012,8,26,5013,Single,3,246,41.0,123.0,14,0.3333333333333333,0.26666666666666666,16.4,1,0.2,1,0,62.61818181818182,19404.0,0.6338735860238605,5.090909090909091,3,Budget Conscious
1966,Master,Married,57183.0,1,1,2013-03-19,51,464,5,64,7,0,70,8,9,1,7,8,0,0,0,0,0,0,0,60,2013,3,19,4808,Married,4,610,101.66666666666667,203.33333333333334,25,0.34615384615384615,0.3076923076923077,23.46153846153846,0,0.0,0,0,250.0,19061.0,1.0667319529938444,3.8461538461538463,0,Middle Class Shoppers
1968,Master,Divorced,23748.0,1,0,2012-11-21,97,6,6,29,12,15,8,3,2,1,3,8,0,0,0,0,0,0,0,58,2012,11,21,4926,Divorced,4,76,12.666666666666666,38.0,9,0.2,0.3,7.6,0,0.0,0,0,11.59322033898305,11874.0,0.3200134742515474,0.7346938775510204,3,Budget Conscious
1971,Graduation,Married,66303.0,0,1,2013-02-26,56,1090,12,96,16,12,60,4,3,4,11,8,0,1,0,0,0,0,0,55,2013,2,26,4829,Married,3,1286,214.33333333333334,643.0,22,0.13043478260869565,0.17391304347826086,55.91304347826087,1,0.2,1,0,505.2142857142857,33151.5,1.9395511583011584,3.087719298245614,1,Premium Spenders
1975,Master,Married,37368.0,1,0,2013-12-16,4,3,2,11,2,2,10,1,1,0,2,6,1,0,0,0,0,0,0,51,2013,12,16,4536,Married,4,30,5.0,15.0,4,0.2,0.2,6.0,1,0.2,1,0,2.3076923076923075,18684.0,0.08028044635928176,4.8,3,Budget Conscious
1964,Graduation,Married,40800.0,1,2,2013-01-01,77,24,0,27,8,30,10,2,3,0,3,7,0,0,0,0,0,1,0,62,2013,1,1,4885,Married,3,99,16.5,24.75,8,0.3333333333333333,0.2222222222222222,11.0,0,0.0,0,0,12.571428571428571,10200.0,0.24264111173745742,0.717948717948718,3,Budget Conscious
1978,Graduation,Divorced,71847.0,0,0,2012-09-21,95,737,21,106,55,63,210,0,6,7,9,3,0,0,0,1,0,0,0,48,2012,9,21,4987,Divorced,3,1192,198.66666666666666,1192.0,22,0.2608695652173913,0.0,51.82608695652174,1,0.2,1,0,535.1836734693877,71847.0,1.65905801135731,0.6875,1,Premium Spenders
1975,Graduation,Married,46149.0,0,1,2013-11-29,36,254,6,71,4,0,27,5,5,1,7,5,0,0,0,0,0,0,0,51,2013,11,29,4553,Married,3,362,60.333333333333336,181.0,18,0.2631578947368421,0.2631578947368421,19.05263157894737,0,0.0,0,0,125.3076923076923,23074.5,0.7843986998916577,2.4324324324324325,0,Middle Class Shoppers
1983,Graduation,Together,78687.0,0,0,2012-08-09,13,817,185,687,145,55,241,1,4,6,8,2,0,0,1,0,0,0,1,43,2012,8,9,5030,Partnered,3,2130,355.0,2130.0,19,0.2,0.05,106.5,1,0.2,1,0,919.7727272727273,78687.0,2.7068930459536396,2.7142857142857144,2,Ultra Premium
1971,2n Cycle,Divorced,49118.0,0,0,2012-08-18,90,620,54,239,99,98,119,2,9,7,10,7,0,1,0,0,1,0,1,55,2012,8,18,5021,Divorced,2,1229,204.83333333333334,1229.0,28,0.3103448275862069,0.06896551724137931,42.37931034482759,2,0.4,1,1,614.5,49118.0,2.502086768867444,2.1538461538461537,1,Premium Spenders
1957,PhD,Married,37633.0,1,1,2012-09-20,49,13,4,20,0,0,1,2,1,0,3,9,0,0,0,0,0,0,0,69,2012,9,20,4988,Married,5,38,6.333333333333333,12.666666666666666,6,0.14285714285714285,0.2857142857142857,5.428571428571429,0,0.0,0,0,3.257142857142857,12544.333333333334,0.10097252484455546,1.08,3,Budget Conscious
1951,Master,Together,39767.0,0,0,2013-07-21,18,113,61,204,34,26,47,2,7,1,7,8,0,0,0,0,0,0,0,75,2013,7,21,4684,Partnered,4,485,80.83333333333333,485.0,17,0.3888888888888889,0.1111111111111111,26.944444444444443,0,0.0,0,0,108.48684210526316,39767.0,1.2195735264534298,7.157894736842105,0,Middle Class Shoppers
1951,Basic,Married,26997.0,0,0,2012-11-05,89,7,23,78,133,49,144,2,4,2,5,7,0,0,0,0,0,0,0,75,2012,11,5,4942,Married,1,434,72.33333333333333,434.0,13,0.2857142857142857,0.14285714285714285,31.0,0,0.0,0,0,74.23684210526316,26997.0,1.607526483443218,1.011111111111111,3,Budget Conscious
1970,Graduation,Divorced,33986.0,1,0,2013-03-14,43,16,2,18,2,1,5,1,1,0,3,7,0,0,0,0,0,0,0,56,2013,3,14,4813,Divorced,3,44,7.333333333333333,22.0,5,0.16666666666666666,0.16666666666666666,7.333333333333333,0,0.0,0,0,3.8596491228070176,16993.0,0.12946126460117105,0.7954545454545454,3,Budget Conscious
1972,PhD,Married,57091.0,0,1,2012-11-23,82,462,0,24,6,0,4,2,9,2,5,7,0,1,0,0,0,0,1,54,2012,11,23,4924,Married,5,496,82.66666666666667,248.0,18,0.47368421052631576,0.10526315789473684,26.105263157894736,1,0.2,1,0,162.3272727272727,28545.5,0.8687732081552583,1.5180722891566265,0,Middle Class Shoppers
1969,2n Cycle,Married,46831.0,1,1,2013-06-08,84,22,2,10,6,4,34,2,1,2,2,4,0,0,0,0,0,0,0,57,2013,6,8,4727,Married,2,78,13.0,26.0,7,0.125,0.25,9.75,0,0.0,0,0,9.413793103448276,15610.333333333334,0.1665527844209088,0.32941176470588235,0,Middle Class Shoppers
1972,Master,Married,83151.0,0,0,2013-02-10,80,968,147,842,137,42,210,1,5,7,10,2,1,0,1,1,0,0,1,54,2013,2,10,4845,Married,4,2346,391.0,2346.0,23,0.20833333333333334,0.041666666666666664,97.75,3,0.6,1,1,981.0545454545454,83151.0,2.8213392341735615,0.5679012345679012,2,Ultra Premium
1971,Graduation,Married,52531.0,0,0,2012-12-30,68,283,112,151,51,72,125,2,7,2,10,6,0,0,0,0,0,0,0,55,2012,12,30,4887,Married,3,794,132.33333333333334,794.0,21,0.3181818181818182,0.09090909090909091,36.09090909090909,0,0.0,0,0,297.75,52531.0,1.51145968171781,1.826086956521739,1,Premium Spenders
1956,Graduation,Married,15759.0,0,0,2013-09-05,12,1,2,5,6,0,3,1,1,0,2,7,0,0,0,0,0,0,0,70,2013,9,5,4638,Married,3,17,2.8333333333333335,17.0,4,0.2,0.2,3.4,0,0.0,0,0,0.9577464788732394,15759.0,0.10786802030456853,2.1538461538461537,3,Budget Conscious
1973,2n Cycle,Married,43050.0,1,0,2014-03-18,10,30,5,24,6,3,8,2,2,0,4,5,0,0,0,0,0,0,0,53,2014,3,18,4444,Married,2,76,12.666666666666666,38.0,8,0.2222222222222222,0.2222222222222222,8.444444444444445,0,0.0,0,0,11.25925925925926,21525.0,0.1765348075538315,3.6363636363636362,3,Budget Conscious
1977,PhD,Single,42997.0,1,1,2013-12-07,91,4,0,5,0,1,5,1,1,0,2,7,0,0,0,0,0,0,0,49,2013,12,7,4545,Single,5,15,2.5,5.0,4,0.2,0.2,3.0,0,0.0,0,0,1.2,14332.333333333334,0.034885343504349034,0.30434782608695654,3,Budget Conscious
1963,PhD,Single,48918.0,1,1,2014-04-12,21,52,0,9,0,0,1,2,1,0,4,4,0,0,0,0,0,0,0,63,2014,4,12,4419,Single,5,62,10.333333333333334,20.666666666666668,7,0.125,0.25,7.75,0,0.0,0,0,6.78125,16306.0,0.1267401214252131,1.2727272727272727,0,Middle Class Shoppers
1954,Master,Together,60033.0,0,1,2014-03-29,28,62,1,57,19,11,48,2,2,1,5,2,0,0,0,0,0,0,0,72,2014,3,29,4433,Partnered,4,198,33.0,99.0,10,0.18181818181818182,0.18181818181818182,18.0,0,0.0,0,0,27.123287671232877,30016.5,0.3298131059066529,0.6896551724137931,0,Middle Class Shoppers
1978,PhD,Together,34043.0,1,0,2013-10-25,97,20,2,14,3,0,10,1,2,0,2,9,0,0,0,0,0,0,0,48,2013,10,25,4588,Partnered,5,49,8.166666666666666,24.5,5,0.3333333333333333,0.16666666666666666,8.166666666666666,0,0.0,0,0,5.0,17021.5,0.14393138291622606,0.45918367346938777,3,Budget Conscious
1966,Graduation,Together,57811.0,0,1,2013-06-24,49,545,7,114,37,21,78,5,7,2,11,5,0,1,0,0,0,0,0,60,2013,6,24,4711,Partnered,3,802,133.66666666666666,401.0,25,0.2692307692307692,0.19230769230769232,30.846153846153847,1,0.2,1,0,328.6885245901639,28905.5,1.3872552411264096,2.5,0,Middle Class Shoppers
1946,Graduation,Married,78569.0,0,0,2014-02-19,14,558,79,622,207,175,95,1,4,6,4,1,0,0,1,0,0,0,1,80,2014,2,19,4471,Married,3,1736,289.3333333333333,1736.0,15,0.25,0.0625,108.5,1,0.2,1,0,321.48148148148147,78569.0,2.209494718085783,1.0,2,Ultra Premium
1978,Graduation,Single,7500.0,1,1,2012-12-27,5,6,5,4,13,4,25,4,2,1,3,6,0,0,0,0,0,0,0,48,2012,12,27,4890,Single,3,57,9.5,19.0,10,0.18181818181818182,0.36363636363636365,5.181818181818182,0,0.0,0,0,11.63265306122449,2500.0,0.7598986801759766,10.0,3,Budget Conscious
1971,Master,Together,94545.1,1,0,2013-06-04,37,39,1,9,2,0,8,0,1,0,1,1,0,0,0,0,0,0,0,55,2013,6,4,4731,Partnered,4,59,9.833333333333334,29.5,2,0.3333333333333333,0.0,19.666666666666668,0,0.0,0,0,2.107142857142857,47272.55,0.062403420130497184,0.05263157894736842,0,Middle Class Shoppers
1985,2n Cycle,Married,23148.0,0,0,2014-02-18,83,4,6,8,6,3,10,1,2,0,3,7,0,0,0,0,0,0,0,41,2014,2,18,4472,Married,2,37,6.166666666666667,37.0,6,0.2857142857142857,0.14285714285714285,5.285714285714286,0,0.0,0,0,5.285714285714286,23148.0,0.15983411810445375,0.5,3,Budget Conscious
1970,Graduation,Divorced,44267.0,1,1,2013-02-25,48,183,5,65,3,5,49,5,5,2,4,9,0,0,0,0,0,0,0,56,2013,2,25,4830,Divorced,3,310,51.666666666666664,103.33333333333333,16,0.29411764705882354,0.29411764705882354,18.235294117647058,0,0.0,0,0,87.01754385964912,14755.666666666666,0.700280112044818,2.938775510204082,0,Middle Class Shoppers
1979,Graduation,Married,71626.0,0,0,2012-11-01,94,546,72,376,94,145,72,1,5,5,8,3,0,1,0,0,0,0,0,47,2012,11,1,4946,Married,3,1305,217.5,1305.0,19,0.25,0.05,65.25,1,0.2,1,0,516.5625,71626.0,1.8219386544180267,0.6,2,Ultra Premium
1966,Graduation,Together,60894.0,0,1,2013-06-28,61,606,7,155,10,0,54,5,10,3,8,7,0,0,0,0,0,0,0,60,2013,6,28,4707,Partnered,3,832,138.66666666666666,416.0,26,0.37037037037037035,0.18518518518518517,30.814814814814813,0,0.0,0,0,354.62295081967216,30447.0,1.3662862303965844,2.935483870967742,1,Premium Spenders
1976,Graduation,Together,50200.0,1,1,2013-04-03,70,266,6,51,8,6,64,6,7,1,5,8,0,0,0,0,0,0,0,50,2013,4,3,4793,Partnered,3,401,66.83333333333333,133.66666666666666,19,0.35,0.3,20.05,0,0.0,0,0,149.3921568627451,16733.333333333332,0.7987888687476346,2.140845070422535,0,Middle Class Shoppers
1965,PhD,Married,81051.0,0,0,2014-05-23,43,1142,29,249,38,29,14,1,5,5,12,2,0,1,1,0,0,0,0,61,2014,5,23,4378,Married,5,1501,250.16666666666666,1501.0,23,0.20833333333333334,0.041666666666666664,62.541666666666664,2,0.4,1,1,556.8225806451613,81051.0,1.851897547253615,1.0454545454545454,2,Ultra Premium
1982,Graduation,Married,65169.0,0,0,2014-01-14,23,1074,0,69,0,0,46,1,10,4,13,6,1,0,1,1,1,0,1,44,2014,1,14,4507,Married,3,1189,198.16666666666666,1189.0,28,0.3448275862068966,0.034482758620689655,41.0,4,0.8,1,1,739.8222222222222,65169.0,1.824459106951051,7.0,1,Premium Spenders
1972,Graduation,Together,59868.0,0,1,2013-07-22,37,771,51,154,54,10,154,7,11,2,12,6,0,0,0,0,0,0,0,54,2013,7,22,4683,Partnered,3,1194,199.0,597.0,32,0.3333333333333333,0.21212121212121213,36.18181818181818,0,0.0,0,0,694.6909090909091,29934.0,1.9943543403096762,5.052631578947368,1,Premium Spenders
1960,PhD,Married,65695.0,0,1,2014-01-31,50,371,32,189,0,58,6,2,5,4,10,4,0,0,0,0,0,0,0,66,2014,1,31,4490,Married,5,656,109.33333333333333,328.0,21,0.22727272727272727,0.09090909090909091,29.818181818181817,0,0.0,0,0,205.61194029850745,32847.5,0.9985387238188018,1.6470588235294117,0,Middle Class Shoppers
1956,Master,Single,64857.0,0,0,2012-11-23,78,556,14,717,210,0,43,1,7,5,10,4,0,0,0,0,0,0,0,70,2012,11,23,4924,Single,4,1540,256.6666666666667,1540.0,23,0.2916666666666667,0.041666666666666664,64.16666666666667,0,0.0,0,0,498.8732394366197,64857.0,2.3744179592340187,1.1645569620253164,2,Ultra Premium
1965,Master,Together,45143.0,0,1,2013-08-26,74,202,5,74,11,5,14,3,6,1,5,7,0,0,0,0,0,0,0,61,2013,8,26,4648,Partnered,4,311,51.833333333333336,155.5,15,0.375,0.1875,19.4375,0,0.0,0,0,75.24193548387096,22571.5,0.6889066099592415,1.4,0,Middle Class Shoppers
1955,2n Cycle,Together,74805.0,0,1,2013-11-06,14,209,162,209,41,162,37,5,4,7,10,2,0,0,0,0,0,0,0,71,2013,11,6,4576,Partnered,2,820,136.66666666666666,410.0,26,0.14814814814814814,0.18518518518518517,30.37037037037037,0,0.0,0,0,296.1111111111111,37402.5,1.096168756516857,3.466666666666667,1,Premium Spenders
1989,2n Cycle,Married,59060.0,1,0,2014-01-11,77,35,40,111,36,40,12,3,3,1,7,4,0,0,0,0,0,0,0,37,2014,1,11,4510,Married,2,274,45.666666666666664,137.0,14,0.2,0.2,18.266666666666666,0,0.0,0,0,100.94736842105263,29530.0,0.4639271261915647,0.717948717948718,0,Middle Class Shoppers
1962,PhD,Single,27238.0,1,1,2013-04-20,39,37,0,17,0,0,3,3,3,0,3,9,0,0,0,0,0,0,0,64,2013,4,20,4776,Single,5,57,9.5,19.0,9,0.3,0.3,5.7,0,0.0,0,0,7.892307692307693,9079.333333333334,0.20925878336209114,2.025,3,Budget Conscious
1965,Graduation,Together,47009.0,0,1,2013-10-01,89,171,45,73,59,10,90,4,3,2,8,4,0,0,0,0,0,0,0,61,2013,10,1,4612,Partnered,3,448,74.66666666666667,224.0,17,0.16666666666666666,0.2222222222222222,24.88888888888889,0,0.0,0,0,122.83870967741936,23504.5,0.9529887258030205,0.7555555555555555,0,Middle Class Shoppers
1973,2n Cycle,Married,46094.0,1,1,2014-06-10,62,12,2,20,3,2,5,1,1,0,3,7,0,0,0,0,0,0,0,53,2014,6,10,4360,Married,2,44,7.333333333333333,14.666666666666666,5,0.16666666666666666,0.16666666666666666,7.333333333333333,0,0.0,0,0,4.074074074074074,15364.666666666666,0.0954550385074303,0.5555555555555556,0,Middle Class Shoppers
1984,Graduation,Together,37235.0,1,0,2014-02-01,68,20,2,9,4,6,20,1,1,1,2,4,0,0,0,0,0,0,0,42,2014,2,1,4489,Partnered,3,61,10.166666666666666,30.5,5,0.16666666666666666,0.16666666666666666,10.166666666666666,0,0.0,0,0,7.093023255813954,18617.5,0.16381995917928888,0.2898550724637681,3,Budget Conscious
1960,Master,Married,81843.0,0,0,2013-04-22,13,779,86,537,34,69,138,1,5,9,12,3,0,0,0,0,0,0,0,66,2013,4,22,4774,Married,4,1643,273.8333333333333,1643.0,27,0.17857142857142858,0.03571428571428571,58.67857142857143,0,0.0,0,0,662.1044776119403,81843.0,2.0074776403890326,5.785714285714286,2,Ultra Premium
1958,Master,Together,46692.0,0,1,2013-06-06,37,170,6,97,24,12,88,3,6,1,5,6,0,0,0,0,0,0,0,68,2013,6,6,4729,Partnered,4,397,66.16666666666667,198.5,15,0.375,0.1875,24.8125,0,0.0,0,0,86.30434782608695,23346.0,0.8502345105262031,2.3684210526315788,0,Middle Class Shoppers
1968,Graduation,Together,77382.0,0,1,2014-01-07,36,491,48,231,112,105,134,2,5,7,12,1,0,0,1,0,0,0,0,58,2014,1,7,4514,Partnered,3,1121,186.83333333333334,560.5,26,0.18518518518518517,0.07407407407407407,41.51851851851852,1,0.2,1,0,494.0,38691.0,1.4486385898711602,0.7027027027027027,1,Premium Spenders
1977,Graduation,Single,37774.0,2,0,2012-09-03,28,173,8,107,7,2,176,4,7,2,3,9,1,0,0,0,0,1,1,49,2012,9,3,5005,Single,3,473,78.83333333333333,157.66666666666666,16,0.4117647058823529,0.23529411764705882,27.823529411764707,1,0.2,1,0,151.36,12591.333333333334,1.2521508934480476,4.9655172413793105,0,Middle Class Shoppers
1974,Basic,Married,18393.0,1,0,2014-03-29,2,7,10,13,16,0,4,2,3,0,3,8,0,0,0,0,0,0,0,52,2014,3,29,4433,Married,1,50,8.333333333333334,25.0,8,0.3333333333333333,0.2222222222222222,5.555555555555555,0,0.0,0,0,7.547169811320755,9196.5,0.27182776992497554,21.333333333333332,3,Budget Conscious
1962,Master,Married,72828.0,0,1,2013-02-14,17,1205,0,235,19,14,205,6,6,3,13,7,0,0,0,0,0,0,0,64,2013,2,14,4841,Married,4,1678,279.6666666666667,839.0,28,0.20689655172413793,0.20689655172413793,57.86206896551724,0,0.0,0,0,722.8307692307692,36414.0,2.304027241895399,10.88888888888889,1,Premium Spenders
1982,Graduation,Married,24711.0,0,0,2014-04-18,86,10,7,25,6,3,7,1,3,0,3,7,0,0,0,0,0,0,0,44,2014,4,18,4413,Married,3,58,9.666666666666666,58.0,7,0.375,0.125,7.25,0,0.0,0,0,9.022222222222222,24711.0,0.23470378763353839,0.5632183908045977,3,Budget Conscious
1975,PhD,Married,45503.0,1,0,2013-09-25,54,97,4,44,6,1,18,1,3,1,4,5,0,0,0,0,0,0,0,51,2013,9,25,4618,Married,5,170,28.333333333333332,85.0,9,0.3,0.1,17.0,0,0.0,0,0,29.423076923076923,22751.5,0.37359353023909986,0.8181818181818182,0,Middle Class Shoppers
1982,Master,Single,6560.0,0,0,2013-12-12,2,67,11,26,4,3,262,0,1,0,1,17,0,0,0,0,0,0,0,44,2013,12,12,4540,Single,4,373,62.166666666666664,373.0,2,0.3333333333333333,0.0,124.33333333333333,0,0.0,0,0,16.57777777777778,6560.0,5.685108977290048,11.333333333333334,3,Budget Conscious
1945,PhD,Together,71604.0,0,0,2013-11-17,3,345,53,528,98,75,97,1,8,3,5,4,1,0,0,0,0,0,1,81,2013,11,17,4565,Partnered,5,1196,199.33333333333334,1196.0,17,0.4444444444444444,0.05555555555555555,66.44444444444444,1,0.2,1,0,247.9512195121951,71604.0,1.6702744221772223,17.0,1,Premium Spenders
1979,Graduation,Married,27244.0,1,0,2014-03-07,84,6,5,17,3,24,46,2,2,2,2,7,0,0,0,0,0,0,0,47,2014,3,7,4455,Married,3,101,16.833333333333332,50.5,8,0.2222222222222222,0.2222222222222222,11.222222222222221,0,0.0,0,0,16.833333333333332,13622.0,0.37071022205909343,0.6588235294117647,3,Budget Conscious
1969,Graduation,Married,48752.0,1,1,2012-12-12,8,73,57,100,71,15,0,5,6,1,5,9,0,0,0,0,0,0,1,57,2012,12,12,4905,Married,3,316,52.666666666666664,105.33333333333333,17,0.3333333333333333,0.2777777777777778,17.555555555555557,0,0.0,0,0,92.62068965517241,16250.666666666666,0.6481652411133674,17.0,0,Middle Class Shoppers
1962,Graduation,Married,71434.0,0,1,2013-09-18,4,711,36,217,172,96,168,3,7,4,7,4,0,1,0,1,0,0,0,64,2013,9,18,4625,Married,3,1400,233.33333333333334,700.0,21,0.3181818181818182,0.13636363636363635,63.63636363636363,2,0.4,1,1,452.3076923076923,35717.0,1.9598236158745712,16.8,1,Premium Spenders
1948,Graduation,Single,90842.0,0,0,2013-07-29,57,774,70,118,182,187,93,1,4,9,13,1,0,0,0,0,0,0,0,78,2013,7,29,4676,Single,3,1424,237.33333333333334,1424.0,27,0.14285714285714285,0.03571428571428571,50.857142857142854,0,0.0,0,0,486.6835443037975,90842.0,1.567539601290138,0.46551724137931033,2,Ultra Premium
1978,Master,Married,88097.0,1,0,2012-08-18,24,163,0,480,0,126,75,1,6,5,8,9,0,1,1,1,0,0,1,48,2012,8,18,5021,Married,4,844,140.66666666666666,422.0,20,0.2857142857142857,0.047619047619047616,40.19047619047619,3,0.6,1,1,344.48979591836735,44048.5,0.9580240187064406,7.2,1,Premium Spenders
1975,Graduation,Married,51948.0,0,1,2013-09-17,51,82,33,54,71,30,41,2,5,2,4,5,0,0,0,0,0,0,0,51,2013,9,17,4626,Married,3,311,51.833333333333336,155.5,13,0.35714285714285715,0.14285714285714285,22.214285714285715,0,0.0,0,0,77.75,25974.0,0.5986640743806426,1.25,0,Middle Class Shoppers
1982,Graduation,Together,71853.0,0,0,2013-05-08,29,358,108,413,141,97,32,1,2,8,6,1,0,0,0,0,0,0,0,44,2013,5,8,4758,Partnered,3,1149,191.5,1149.0,17,0.1111111111111111,0.05555555555555555,63.833333333333336,0,0.0,0,0,434.06666666666666,71853.0,1.5990759039162745,0.5666666666666667,1,Premium Spenders
1983,Master,Married,35876.0,0,0,2014-04-20,13,66,2,40,4,3,14,1,3,1,3,6,0,0,0,0,0,0,0,43,2014,4,20,4411,Married,4,129,21.5,129.0,8,0.3333333333333333,0.1111111111111111,14.333333333333334,0,0.0,0,0,23.454545454545453,35876.0,0.35956183627393595,3.4285714285714284,3,Budget Conscious
1952,Graduation,Widow,40049.0,0,1,2013-10-16,23,13,6,7,0,3,3,1,1,0,3,6,0,0,0,0,0,0,0,74,2013,10,16,4597,Widowed,3,32,5.333333333333333,16.0,5,0.16666666666666666,0.16666666666666666,5.333333333333333,0,0.0,0,0,2.1333333333333333,20024.5,0.07990012484394507,1.25,3,Budget Conscious
1982,Graduation,Single,39660.0,1,0,2012-08-08,36,139,13,78,20,13,36,3,7,1,3,9,0,0,0,0,0,0,1,44,2012,8,8,5031,Single,3,299,49.833333333333336,149.5,14,0.4666666666666667,0.2,19.933333333333334,0,0.0,0,0,93.02222222222223,19830.0,0.7538892110637654,3.4054054054054053,3,Budget Conscious
1962,Graduation,Together,50127.0,0,1,2014-05-29,88,274,0,21,4,6,15,1,5,1,6,6,0,1,0,0,0,0,0,64,2014,5,29,4372,Partnered,3,320,53.333333333333336,160.0,13,0.35714285714285715,0.07142857142857142,22.857142857142858,1,0.2,1,0,64.0,25063.5,0.6383657835939993,0.8764044943820225,0,Middle Class Shoppers
1977,Master,Married,43263.0,0,1,2012-11-21,2,262,6,61,0,10,102,3,5,2,6,5,0,0,0,0,0,0,0,49,2012,11,21,4926,Married,4,441,73.5,220.5,16,0.29411764705882354,0.17647058823529413,25.941176470588236,0,0.0,0,0,141.12,21631.5,1.019323224852071,26.666666666666668,0,Middle Class Shoppers
1949,Master,Married,62845.0,1,1,2012-10-01,3,1099,0,45,0,0,34,11,3,4,10,8,0,1,0,0,0,0,1,77,2012,10,1,4977,Married,4,1178,196.33333333333334,392.6666666666667,28,0.10344827586206896,0.3793103448275862,40.62068965517241,1,0.2,1,0,422.87179487179486,20948.333333333332,1.8744231932024311,56.0,1,Premium Spenders
1990,Graduation,Married,18929.0,0,0,2013-02-16,15,32,0,8,23,4,18,1,1,0,4,6,0,0,0,0,0,0,0,36,2013,2,16,4839,Married,3,85,14.166666666666666,85.0,6,0.14285714285714285,0.14285714285714285,12.142857142857142,0,0.0,0,0,13.783783783783784,18929.0,0.44902271526677234,2.25,3,Budget Conscious
1982,Basic,Single,24367.0,1,0,2013-03-20,58,2,4,2,0,11,5,1,1,0,2,9,0,0,0,0,0,0,0,44,2013,3,20,4807,Single,1,24,4.0,12.0,4,0.2,0.2,4.8,0,0.0,0,0,2.1333333333333333,12183.5,0.0984898227183191,0.6101694915254238,3,Budget Conscious
1959,2n Cycle,Married,26887.0,0,1,2013-02-10,27,6,7,4,3,4,6,1,1,0,3,6,0,0,0,0,0,0,0,67,2013,2,10,4845,Married,2,30,5.0,15.0,5,0.16666666666666666,0.16666666666666666,5.0,0,0.0,0,0,2.2058823529411766,13443.5,0.11157393632847366,1.0714285714285714,3,Budget Conscious
1976,Graduation,Together,62061.0,0,1,2013-08-31,12,641,7,84,0,30,38,3,10,4,7,6,0,1,0,0,0,0,0,50,2013,8,31,4643,Partnered,3,800,133.33333333333334,400.0,24,0.4,0.12,32.0,1,0.2,1,0,376.47058823529414,31030.5,1.2890335470980632,11.076923076923077,1,Premium Spenders
1956,PhD,Together,76542.0,0,0,2013-03-30,91,794,73,573,0,29,14,1,4,8,10,2,0,0,0,0,0,0,0,70,2013,3,30,4797,Partnered,5,1483,247.16666666666666,1483.0,23,0.16666666666666666,0.041666666666666664,61.791666666666664,0,0.0,0,0,480.40845070422534,76542.0,1.9374730543616006,0.5,2,Ultra Premium
1993,Graduation,Single,70515.0,0,0,2013-10-21,12,420,0,452,182,64,140,1,6,6,4,2,0,0,0,0,0,0,1,33,2013,10,21,4592,Single,3,1258,209.66666666666666,1258.0,17,0.3333333333333333,0.05555555555555555,69.88888888888889,0,0.0,0,0,629.0,70515.0,1.7839922854387655,2.6153846153846154,1,Premium Spenders
1987,Graduation,Together,18227.0,1,0,2012-11-08,21,1,2,7,4,3,11,1,0,1,2,8,0,0,0,0,0,0,0,39,2012,11,8,4939,Partnered,3,28,4.666666666666667,14.0,4,0.0,0.2,5.6,0,0.0,0,0,2.8,9113.5,0.15360983102918588,1.4545454545454546,3,Budget Conscious
1965,Graduation,Married,69139.0,0,1,2014-01-27,23,86,12,75,33,15,6,1,4,1,5,4,0,0,0,0,0,0,0,61,2014,1,27,4494,Married,3,227,37.833333333333336,113.5,11,0.3333333333333333,0.08333333333333333,18.916666666666668,0,0.0,0,0,40.274193548387096,34569.5,0.3283193520393405,1.8333333333333333,0,Middle Class Shoppers
1982,Graduation,Married,69109.0,0,0,2012-11-09,10,823,25,459,124,29,95,1,6,6,7,4,0,0,1,0,0,0,1,44,2012,11,9,4938,Married,3,1555,259.1666666666667,1555.0,20,0.2857142857142857,0.047619047619047616,74.04761904761905,1,0.2,1,0,691.1111111111111,69109.0,2.2500361742150194,7.2727272727272725,2,Ultra Premium
1962,Graduation,Single,69627.0,0,1,2013-03-17,35,231,161,215,171,30,53,2,8,2,11,5,0,0,0,0,0,0,0,64,2013,3,17,4810,Single,3,861,143.5,430.5,23,0.3333333333333333,0.08333333333333333,35.875,0,0.0,0,0,304.66153846153844,34813.5,1.2365714942264607,3.1944444444444446,1,Premium Spenders
1978,Graduation,Married,38136.0,1,0,2013-04-22,69,8,15,27,0,20,33,2,3,1,2,8,1,0,0,0,0,0,0,48,2013,4,22,4774,Married,3,103,17.166666666666668,51.5,8,0.3333333333333333,0.2222222222222222,11.444444444444445,1,0.2,1,0,16.816326530612244,19068.0,0.27007892597739724,0.9142857142857143,3,Budget Conscious
1946,PhD,Single,62159.0,0,0,2014-04-28,68,182,17,259,77,70,29,1,6,2,10,4,0,0,0,0,0,0,0,80,2014,4,28,4403,Single,5,634,105.66666666666667,634.0,19,0.3,0.05,31.7,0,0.0,0,0,148.71604938271605,62159.0,1.0199485199485199,1.1014492753623188,1,Premium Spenders
1963,Graduation,Single,80695.0,0,0,2013-12-29,85,557,129,984,193,37,18,1,5,8,5,2,0,0,0,0,0,0,0,63,2013,12,29,4523,Single,3,1918,319.6666666666667,1918.0,19,0.25,0.05,95.9,0,0.0,0,0,569.40625,80695.0,2.376821651630812,0.4418604651162791,2,Ultra Premium
1971,Master,Single,33316.0,1,1,2013-10-04,34,79,1,31,4,4,12,3,2,1,4,6,0,0,0,0,0,0,0,55,2013,10,4,4609,Single,4,131,21.833333333333332,43.666666666666664,10,0.18181818181818182,0.2727272727272727,11.909090909090908,0,0.0,0,0,23.392857142857142,11105.333333333334,0.3931926644055587,1.7142857142857142,3,Budget Conscious
1968,Graduation,Together,58554.0,1,1,2012-09-26,55,368,24,68,38,0,88,6,8,2,6,7,0,0,0,0,0,0,0,58,2012,9,26,4982,Partnered,3,586,97.66666666666667,195.33333333333334,22,0.34782608695652173,0.2608695652173913,25.47826086956522,0,0.0,0,0,218.5084745762712,19518.0,1.000768508240116,2.75,0,Middle Class Shoppers
1992,Basic,Married,17256.0,1,0,2013-11-23,10,6,4,14,8,8,22,2,2,1,2,8,1,0,0,0,0,0,0,34,2013,11,23,4559,Married,1,62,10.333333333333334,31.0,7,0.25,0.25,7.75,1,0.2,1,0,12.4,8628.0,0.35927449730544125,5.090909090909091,3,Budget Conscious
1974,Graduation,Divorced,53034.0,1,1,2013-05-30,30,160,15,196,15,11,50,8,6,1,7,8,0,0,0,0,0,0,0,52,2013,5,30,4736,Divorced,3,447,74.5,149.0,22,0.2608695652173913,0.34782608695652173,19.434782608695652,0,0.0,0,0,185.54716981132074,17678.0,0.8428396342038278,5.67741935483871,0,Middle Class Shoppers
1950,2n Cycle,Together,52203.0,0,0,2012-07-31,36,488,21,238,56,108,28,1,8,7,11,6,0,0,0,0,0,0,0,76,2012,7,31,5039,Partnered,2,939,156.5,939.0,27,0.2857142857142857,0.03571428571428571,33.535714285714285,0,0.0,0,0,329.2597402597403,52203.0,1.7987127423185965,4.378378378378378,1,Premium Spenders
1977,2n Cycle,Divorced,59601.0,0,1,2013-07-25,14,691,7,69,0,7,23,4,2,2,7,8,0,1,0,0,0,0,0,49,2013,7,25,4680,Divorced,2,797,132.83333333333334,398.5,15,0.125,0.25,49.8125,1,0.2,1,0,239.1,29800.5,1.3372034495486729,8.0,0,Middle Class Shoppers
1958,Master,Single,75154.0,0,1,2012-09-04,79,543,10,205,160,143,82,1,6,3,6,3,0,0,0,0,0,0,1,68,2012,9,4,5004,Single,4,1143,190.5,571.5,16,0.35294117647058826,0.058823529411764705,67.23529411764706,0,0.0,0,0,265.04347826086956,37577.0,1.5208568957487858,0.6,1,Premium Spenders
1976,Graduation,Single,47025.0,0,1,2013-11-07,52,254,7,108,20,0,26,3,6,3,5,6,0,0,0,0,0,0,0,50,2013,11,7,4575,Single,3,415,69.16666666666667,207.5,17,0.3333333333333333,0.16666666666666666,23.055555555555557,0,0.0,0,0,138.33333333333334,23512.5,0.8824905371496619,1.9245283018867925,0,Middle Class Shoppers
1973,Graduation,Married,37971.0,1,0,2013-11-25,97,5,4,10,2,2,7,1,1,0,3,8,0,0,0,0,0,0,0,53,2013,11,25,4557,Married,3,30,5.0,15.0,5,0.16666666666666666,0.16666666666666666,5.0,0,0.0,0,0,2.7777777777777777,18985.5,0.07900558306120299,0.40816326530612246,3,Budget Conscious
1958,Graduation,Married,67267.0,0,1,2014-05-13,0,134,11,59,15,2,30,1,3,2,5,2,0,0,0,0,0,0,0,68,2014,5,13,4388,Married,3,251,41.833333333333336,125.5,11,0.25,0.08333333333333333,20.916666666666668,0,0.0,0,0,40.01449275362319,33633.5,0.3731343283582089,22.0,0,Middle Class Shoppers
1975,Graduation,Single,57338.0,0,1,2014-04-29,96,143,6,52,11,8,17,2,4,1,5,5,0,0,0,0,0,0,0,51,2014,4,29,4402,Single,3,237,39.5,118.5,12,0.3076923076923077,0.15384615384615385,18.23076923076923,0,0.0,0,0,54.69230769230769,28669.0,0.41333124051692566,0.6185567010309279,0,Middle Class Shoppers
1960,2n Cycle,Together,50523.0,1,1,2013-12-25,89,51,4,24,4,7,1,2,2,0,4,6,0,0,0,0,0,0,0,66,2013,12,25,4527,Partnered,2,91,15.166666666666666,30.333333333333332,8,0.2222222222222222,0.2222222222222222,10.11111111111111,0,0.0,0,0,10.865671641791044,16841.0,0.1801124218193334,0.5333333333333333,0,Middle Class Shoppers
1960,PhD,Divorced,50611.0,0,1,2012-10-04,98,459,0,24,6,0,4,6,4,5,7,6,0,1,0,0,0,0,0,66,2012,10,4,4974,Divorced,5,493,82.16666666666667,246.5,22,0.17391304347826086,0.2608695652173913,21.434782608695652,1,0.2,1,0,161.88059701492537,25305.5,0.97407729392239,1.3333333333333333,0,Middle Class Shoppers
1969,PhD,Married,56242.0,0,1,2013-03-03,72,689,8,167,11,8,88,5,8,4,11,6,0,0,0,0,0,0,0,57,2013,3,3,4824,Married,5,971,161.83333333333334,485.5,28,0.27586206896551724,0.1724137931034483,33.48275862068966,0,0.0,0,0,468.7586206896552,28121.0,1.7264370677239835,2.3013698630136985,1,Premium Spenders
1960,Graduation,Single,48904.0,0,1,2012-12-02,1,283,10,38,0,13,27,4,7,2,4,8,0,0,0,0,0,0,0,66,2012,12,2,4915,Single,3,371,61.833333333333336,185.5,17,0.3888888888888889,0.2222222222222222,20.61111111111111,0,0.0,0,0,94.13432835820896,24452.0,0.7586136386872508,68.0,0,Middle Class Shoppers
1975,Graduation,Single,56243.0,1,2,2013-12-30,26,347,0,35,4,3,7,6,4,2,8,5,0,0,0,0,0,0,0,51,2013,12,30,4522,Single,3,396,66.0,99.0,20,0.19047619047619047,0.2857142857142857,18.857142857142858,0,0.0,0,0,152.30769230769232,14060.75,0.7040751013441433,3.7037037037037037,0,Middle Class Shoppers
1985,Graduation,Married,21355.0,1,0,2013-08-20,5,5,13,14,0,5,31,2,2,1,2,6,1,0,0,0,0,0,1,41,2013,8,20,4654,Married,3,68,11.333333333333334,34.0,7,0.25,0.25,8.5,1,0.2,1,0,11.333333333333334,10677.5,0.3184116875819442,7.0,3,Budget Conscious
1971,Master,Together,57420.0,0,1,2013-06-25,22,280,0,18,0,0,24,3,5,1,6,7,0,1,0,0,0,0,0,55,2013,6,25,4710,Partnered,4,322,53.666666666666664,161.0,15,0.3125,0.1875,20.125,1,0.2,1,0,86.25,28710.0,0.560770449835426,4.565217391304348,0,Middle Class Shoppers
1970,Master,Together,51381.5,0,1,2013-04-01,39,187,5,65,26,20,14,2,4,2,6,5,0,0,0,0,0,0,0,56,2013,4,1,4795,Partnered,4,317,52.833333333333336,158.5,14,0.26666666666666666,0.13333333333333333,21.133333333333333,0,0.0,0,0,77.85964912280701,25690.75,0.6169415657081692,1.75,0,Middle Class Shoppers
1955,Master,Divorced,46390.0,0,1,2014-05-05,56,95,14,64,2,9,38,1,4,2,3,7,0,0,0,0,0,0,0,71,2014,5,5,4396,Divorced,4,222,37.0,111.0,10,0.36363636363636365,0.09090909090909091,20.181818181818183,0,0.0,0,0,30.833333333333332,23195.0,0.4785410963333406,1.2280701754385965,0,Middle Class Shoppers
1956,2n Cycle,Together,54342.0,1,1,2013-07-03,74,84,10,34,11,10,28,4,3,1,4,6,0,0,0,0,0,0,0,70,2013,7,3,4702,Partnered,2,177,29.5,59.0,12,0.23076923076923078,0.3076923076923077,13.615384615384615,0,0.0,0,0,29.91549295774648,18114.0,0.3257089229523582,0.96,0,Middle Class Shoppers
1958,Graduation,Together,51381.5,1,1,2012-09-03,87,19,4,12,2,2,6,1,1,0,3,5,0,0,0,0,0,0,0,68,2012,9,3,5005,Partnered,3,45,7.5,15.0,5,0.16666666666666666,0.16666666666666666,7.5,0,0.0,0,0,3.260869565217391,17127.166666666668,0.08757845569989783,0.2840909090909091,0,Middle Class Shoppers
1964,2n Cycle,Single,51381.5,1,1,2014-01-12,49,5,1,9,2,0,4,1,1,0,2,7,0,0,0,0,0,0,0,62,2014,1,12,4509,Single,2,21,3.5,7.0,4,0.2,0.2,4.2,0,0.0,0,0,1.3333333333333333,17127.166666666668,0.04086994599328565,0.56,0,Middle Class Shoppers
1973,Graduation,Married,20895.0,1,0,2012-10-06,24,18,3,17,3,0,4,1,2,0,3,9,0,0,0,0,0,0,0,53,2012,10,6,4972,Married,3,45,7.5,22.5,6,0.2857142857142857,0.14285714285714285,6.428571428571429,0,0.0,0,0,5.0,10447.5,0.2153522205206738,2.16,3,Budget Conscious
1948,Graduation,Married,92344.0,0,0,2014-01-15,9,992,24,694,51,19,119,0,5,10,5,1,1,0,1,0,0,0,0,78,2014,1,15,4506,Married,3,1899,316.5,1899.0,20,0.23809523809523808,0.0,90.42857142857143,2,0.4,1,1,480.75949367088606,92344.0,2.0564188640424494,2.0,2,Ultra Premium
1972,PhD,Together,51381.5,1,0,2014-03-02,17,25,1,13,0,0,3,1,1,0,3,7,0,0,0,0,0,0,0,54,2014,3,2,4460,Partnered,5,42,7.0,21.0,5,0.16666666666666666,0.16666666666666666,7.0,0,0.0,0,0,3.8181818181818183,25690.75,0.0817398919865713,1.9444444444444444,0,Middle Class Shoppers
1980,Graduation,Together,44964.0,1,1,2012-12-16,35,19,1,17,2,0,2,1,1,0,3,8,0,0,0,0,0,0,0,46,2012,12,16,4901,Partnered,3,41,6.833333333333333,13.666666666666666,5,0.16666666666666666,0.16666666666666666,6.833333333333333,0,0.0,0,0,4.361702127659575,14988.0,0.0911820304681419,1.1111111111111112,0,Middle Class Shoppers
1972,Master,Married,53761.0,1,1,2013-10-11,7,158,0,76,13,7,71,6,4,4,3,5,0,0,0,0,0,0,0,54,2013,10,11,4602,Married,4,325,54.166666666666664,108.33333333333333,17,0.2222222222222222,0.3333333333333333,18.055555555555557,0,0.0,0,0,100.45454545454545,17920.333333333332,0.6045162010341877,10.625,0,Middle Class Shoppers
1973,Graduation,Together,22682.0,1,0,2013-10-03,51,10,14,29,4,2,36,3,2,1,4,4,0,0,0,0,0,0,0,53,2013,10,3,4610,Partnered,3,95,15.833333333333334,47.5,10,0.18181818181818182,0.2727272727272727,8.636363636363637,0,0.0,0,0,17.59259259259259,11341.0,0.4188158532821937,0.7692307692307693,3,Budget Conscious
1972,PhD,Together,38887.0,1,0,2014-03-02,17,25,1,13,0,0,3,1,1,0,3,7,0,0,0,0,0,0,0,54,2014,3,2,4460,Partnered,5,42,7.0,21.0,5,0.16666666666666666,0.16666666666666666,7.0,0,0.0,0,0,3.8181818181818183,19443.5,0.10800246862785436,1.9444444444444444,3,Budget Conscious
1975,2n Cycle,Single,41658.0,1,1,2012-11-09,30,8,4,12,15,4,29,2,1,1,2,4,0,0,0,0,0,0,0,51,2012,11,9,4938,Single,2,72,12.0,24.0,6,0.14285714285714285,0.2857142857142857,10.285714285714286,0,0.0,0,0,8.307692307692308,13886.0,0.17283180105139345,0.7741935483870968,3,Budget Conscious
1972,PhD,Married,29791.0,1,0,2014-05-15,21,14,0,6,0,0,0,2,2,0,3,5,0,0,0,0,0,0,0,54,2014,5,15,4386,Married,5,20,3.3333333333333335,10.0,7,0.25,0.25,2.5,0,0.0,0,0,2.5454545454545454,14895.5,0.06713211600429646,1.5909090909090908,3,Budget Conscious
1956,Master,Married,63915.0,0,2,2013-07-30,2,622,7,115,30,0,15,2,6,3,12,5,0,0,0,0,0,0,0,70,2013,7,30,4675,Married,4,789,131.5,263.0,23,0.25,0.08333333333333333,32.875,0,0.0,0,0,255.59154929577466,21305.0,1.2344326929094436,38.333333333333336,0,Middle Class Shoppers
1974,Graduation,Divorced,39996.0,1,1,2014-05-22,85,11,0,3,0,0,1,1,1,0,2,6,0,0,0,0,0,0,0,52,2014,5,22,4379,Divorced,3,15,2.5,5.0,4,0.2,0.2,3.0,0,0.0,0,0,1.1320754716981132,13332.0,0.03750281271095332,0.27906976744186046,3,Budget Conscious
1972,Graduation,Divorced,26759.0,1,0,2014-02-07,65,25,3,16,8,5,2,2,2,1,3,6,0,0,0,0,0,0,0,54,2014,2,7,4483,Divorced,3,59,9.833333333333334,29.5,8,0.2222222222222222,0.2222222222222222,6.555555555555555,0,0.0,0,0,8.581818181818182,13379.5,0.22047832585949176,0.7272727272727273,3,Budget Conscious
1969,PhD,Married,51039.0,1,1,2012-12-10,11,100,64,79,65,0,109,2,6,2,4,7,0,0,0,0,0,0,0,57,2012,12,10,4907,Married,5,417,69.5,139.0,14,0.4,0.13333333333333333,27.8,0,0.0,0,0,100.65517241379311,17013.0,0.8170062695924765,8.166666666666666,0,Middle Class Shoppers
1961,Graduation,Married,60544.0,1,1,2012-08-25,92,201,2,43,3,5,35,4,5,1,5,6,0,0,0,0,0,0,0,65,2012,8,25,5014,Married,3,289,48.166666666666664,96.33333333333333,15,0.3125,0.25,18.0625,0,0.0,0,0,65.68181818181819,20181.333333333332,0.4773309108927244,0.967741935483871,0,Middle Class Shoppers
1953,Graduation,Married,37716.0,0,1,2014-04-21,4,97,1,41,6,2,41,2,4,1,3,7,0,0,0,0,0,0,0,73,2014,4,21,4410,Married,3,188,31.333333333333332,94.0,10,0.36363636363636365,0.18181818181818182,17.09090909090909,0,0.0,0,0,25.405405405405407,18858.0,0.49844897526314397,14.0,3,Budget Conscious
1957,Graduation,Single,36864.0,0,1,2012-08-13,53,204,5,39,17,0,89,3,5,2,4,8,0,0,0,0,0,0,1,69,2012,8,13,5026,Single,3,354,59.0,177.0,14,0.3333333333333333,0.2,23.6,0,0.0,0,0,70.8,18432.0,0.9602604096026041,2.074074074074074,3,Budget Conscious
1970,Master,Married,44511.0,1,0,2012-10-12,39,513,7,133,46,14,14,6,8,4,8,8,0,0,0,0,0,0,0,56,2012,10,12,4966,Married,4,727,121.16666666666667,363.5,26,0.2962962962962963,0.2222222222222222,26.925925925925927,0,0.0,0,0,331.6140350877193,22255.5,1.6332674335010784,5.2,0,Middle Class Shoppers
1967,PhD,Married,36947.0,1,1,2012-08-07,49,88,3,21,4,1,29,4,3,0,4,9,0,0,0,0,0,0,0,59,2012,8,7,5032,Married,5,146,24.333333333333332,48.666666666666664,11,0.25,0.3333333333333333,12.166666666666666,0,0.0,0,0,26.766666666666666,12315.666666666666,0.3951499404568583,1.98,3,Budget Conscious
1953,Master,Married,67087.0,0,1,2013-12-17,40,329,35,222,130,35,43,2,7,5,8,4,0,0,0,0,0,0,0,73,2013,12,17,4535,Married,4,794,132.33333333333334,397.0,22,0.30434782608695654,0.08695652173913043,34.52173913043478,0,0.0,0,0,236.05405405405406,33543.5,1.1835201526353447,2.1463414634146343,1,Premium Spenders
1950,Graduation,Married,57045.0,0,1,2012-09-08,40,296,13,104,11,13,17,3,4,2,9,3,0,0,0,0,0,0,0,76,2012,9,8,5000,Married,3,454,75.66666666666667,227.0,18,0.21052631578947367,0.15789473684210525,23.894736842105264,0,0.0,0,0,106.12987012987013,28522.5,0.7958489639939698,1.3170731707317074,0,Middle Class Shoppers
1953,PhD,Divorced,36957.0,1,1,2012-09-06,43,100,2,16,2,1,31,4,3,2,2,9,0,0,0,0,0,0,1,73,2012,9,6,5002,Divorced,5,152,25.333333333333332,50.666666666666664,11,0.25,0.3333333333333333,12.666666666666666,0,0.0,0,0,22.594594594594593,12319.0,0.41127766654039716,2.25,3,Budget Conscious
1977,PhD,Married,69389.0,0,1,2012-09-28,17,422,7,238,69,46,15,1,7,2,12,4,0,0,0,0,0,0,0,49,2012,9,28,4980,Married,5,797,132.83333333333334,398.5,22,0.30434782608695654,0.043478260869565216,34.65217391304348,0,0.0,0,0,350.68,34694.5,1.1485804871018879,4.888888888888889,1,Premium Spenders
1969,Master,Married,43142.0,1,1,2014-02-18,84,5,1,7,2,1,4,1,1,0,2,7,0,0,0,0,0,0,0,57,2014,2,18,4472,Married,4,20,3.3333333333333335,6.666666666666667,4,0.2,0.2,4.0,0,0.0,0,0,1.3793103448275863,14380.666666666666,0.04635746239250864,0.32941176470588235,3,Budget Conscious
1944,Graduation,Married,80589.0,0,0,2014-01-22,25,507,93,520,242,40,26,1,5,10,5,1,0,0,0,1,0,0,1,82,2014,1,22,4499,Married,3,1428,238.0,1428.0,21,0.22727272727272727,0.045454545454545456,64.9090909090909,1,0.2,1,0,361.30120481927713,80589.0,1.7719320014890187,0.8076923076923077,2,Ultra Premium
1990,Graduation,Single,34412.0,1,0,2013-02-13,62,52,12,50,4,36,55,3,5,0,3,9,0,0,0,0,0,0,0,36,2013,2,13,4842,Single,3,209,34.833333333333336,104.5,11,0.4166666666666667,0.25,17.416666666666668,0,0.0,0,0,62.13513513513514,17206.0,0.6073286258100137,1.5714285714285714,3,Budget Conscious
1979,Graduation,Single,57537.0,1,0,2013-06-10,83,191,56,139,51,8,100,4,4,3,8,4,0,0,0,0,0,0,0,47,2013,6,10,4725,Single,3,545,90.83333333333333,272.5,19,0.2,0.2,27.25,0,0.0,0,0,215.72916666666666,28768.5,0.9472001112308387,0.9047619047619048,0,Middle Class Shoppers
1948,Graduation,Together,51315.0,0,0,2014-02-23,45,68,28,39,16,30,41,1,2,2,5,2,0,0,0,0,0,0,0,78,2014,2,23,4467,Partnered,3,222,37.0,222.0,10,0.18181818181818182,0.09090909090909091,20.181818181818183,0,0.0,0,0,28.10126582278481,51315.0,0.43261360979031876,0.43478260869565216,0,Middle Class Shoppers
1972,Graduation,Married,36026.0,2,1,2014-03-16,34,20,4,10,6,4,17,2,2,0,3,6,0,0,0,0,0,0,0,54,2014,3,16,4446,Married,3,61,10.166666666666666,15.25,7,0.25,0.25,7.625,0,0.0,0,0,7.763636363636364,9006.5,0.1693174563521803,1.2,3,Budget Conscious
1973,Graduation,Married,24639.0,1,1,2014-01-28,3,20,3,16,0,4,1,3,2,0,4,6,0,0,0,0,0,0,0,53,2014,1,28,4493,Married,3,44,7.333333333333333,14.666666666666666,9,0.2,0.3,4.4,0,0.0,0,0,7.333333333333333,8213.0,0.17857142857142858,13.5,3,Budget Conscious
1972,PhD,Together,34578.0,2,1,2014-04-11,1,7,0,1,0,0,0,1,1,0,2,6,0,0,0,0,0,0,0,54,2014,4,11,4420,Partnered,5,8,1.3333333333333333,2.0,4,0.2,0.2,1.6,0,0.0,0,0,0.5818181818181818,8644.5,0.023135429017611845,12.0,3,Budget Conscious
1972,2n Cycle,Single,65704.0,0,0,2013-10-13,18,279,172,74,38,8,246,1,2,10,10,1,0,0,0,0,0,0,0,54,2013,10,13,4600,Single,2,817,136.16666666666666,817.0,23,0.08333333333333333,0.041666666666666664,34.041666666666664,0,0.0,0,0,341.6545454545454,65704.0,1.2434365725591658,1.2105263157894737,1,Premium Spenders
1969,PhD,Together,54132.0,0,1,2014-02-16,81,30,1,8,0,0,3,1,1,0,3,7,0,0,0,0,0,0,0,57,2014,2,16,4474,Partnered,5,42,7.0,21.0,5,0.16666666666666666,0.16666666666666666,7.0,0,0.0,0,0,3.6206896551724137,27066.0,0.07758668464707295,0.4268292682926829,0,Middle Class Shoppers
1970,Graduation,Married,28164.0,1,0,2013-05-04,23,3,18,26,11,8,12,3,2,0,4,7,0,0,0,0,0,0,0,56,2013,5,4,4762,Married,3,78,13.0,39.0,9,0.2,0.3,7.8,0,0.0,0,0,12.31578947368421,14082.0,0.27693946387360197,2.625,3,Budget Conscious
1974,PhD,Married,34596.0,1,0,2013-04-13,48,14,0,2,0,0,7,1,1,0,2,8,0,0,0,0,0,0,0,52,2013,4,13,4783,Married,5,23,3.8333333333333335,11.5,4,0.2,0.2,4.6,0,0.0,0,0,1.7358490566037736,17298.0,0.06647975257970344,0.6530612244897959,3,Budget Conscious
1972,PhD,Married,43269.0,1,0,2013-09-16,61,10,1,7,0,0,1,1,1,0,2,8,0,0,0,0,0,0,0,54,2013,9,16,4627,Married,5,19,3.1666666666666665,9.5,4,0.2,0.2,3.8,0,0.0,0,0,1.3818181818181818,21634.5,0.04391033048301364,0.5161290322580645,3,Budget Conscious
1958,2n Cycle,Single,38741.0,1,1,2014-03-30,60,7,10,17,8,6,13,2,2,0,3,7,0,0,0,0,0,0,0,68,2014,3,30,4432,Single,2,61,10.166666666666666,20.333333333333332,7,0.25,0.25,7.625,0,0.0,0,0,6.188405797101449,12913.666666666666,0.1574518610293738,0.8032786885245902,3,Budget Conscious
1972,Graduation,Single,31907.0,0,0,2013-03-04,75,33,87,64,175,16,74,1,6,1,6,7,0,0,0,0,0,0,0,54,2013,3,4,4823,Single,3,449,74.83333333333333,449.0,14,0.4,0.06666666666666667,29.933333333333334,0,0.0,0,0,114.2909090909091,31907.0,1.4071706155196189,1.2894736842105263,3,Budget Conscious
1973,2n Cycle,Divorced,31163.0,1,0,2014-02-13,54,2,3,10,11,2,10,1,1,0,3,6,0,0,0,0,0,0,0,53,2014,2,13,4477,Divorced,2,38,6.333333333333333,19.0,5,0.16666666666666666,0.16666666666666666,6.333333333333333,0,0.0,0,0,3.5185185185185186,15581.5,0.12193556667950199,0.5454545454545454,3,Budget Conscious
1985,Graduation,Married,92533.0,0,0,2013-12-19,84,693,21,118,110,147,42,1,6,5,11,2,0,0,1,1,0,0,0,41,2013,12,19,4533,Married,3,1131,188.5,1131.0,23,0.25,0.041666666666666664,47.125,2,0.4,1,1,619.3571428571429,92533.0,1.2222534419780837,0.5411764705882353,1,Premium Spenders
1973,Graduation,Single,34853.0,1,1,2013-12-23,75,9,3,15,2,3,2,2,2,0,3,6,0,0,0,0,0,0,0,53,2013,12,23,4529,Single,3,34,5.666666666666667,11.333333333333334,7,0.25,0.25,4.25,0,0.0,0,0,4.407407407407407,11617.666666666666,0.0975497790784415,0.5526315789473685,3,Budget Conscious
1967,Graduation,Divorced,70844.0,1,1,2013-10-30,16,129,26,67,3,67,2,5,6,1,5,7,0,0,0,0,0,0,0,59,2013,10,30,4583,Divorced,3,294,49.0,98.0,17,0.3333333333333333,0.2777777777777778,16.333333333333332,0,0.0,0,0,83.3,23614.666666666668,0.41499047215752705,7.0,0,Middle Class Shoppers
1979,2n Cycle,Married,31086.0,1,1,2013-05-04,79,16,2,11,3,0,16,2,1,1,2,8,1,0,0,0,0,0,0,47,2013,5,4,4762,Married,2,48,8.0,16.0,6,0.14285714285714285,0.2857142857142857,6.857142857142857,1,0.2,1,0,6.0,10362.0,0.15440537845401614,0.6,3,Budget Conscious
1986,2n Cycle,Together,20491.0,0,0,2013-01-25,16,5,4,5,4,2,10,1,0,1,2,7,0,0,0,0,0,0,0,40,2013,1,25,4861,Partnered,2,30,5.0,30.0,4,0.0,0.2,6.0,0,0.0,0,0,2.926829268292683,20491.0,0.1463985945734921,1.6470588235294117,3,Budget Conscious
1964,Graduation,Married,42523.0,0,0,2014-04-23,96,14,36,11,3,26,35,1,1,1,4,2,0,0,0,0,0,0,0,62,2014,4,23,4408,Married,3,125,20.833333333333332,125.0,7,0.125,0.125,15.625,0,0.0,0,0,13.88888888888889,42523.0,0.29395165083247105,0.14432989690721648,3,Budget Conscious
1952,Graduation,Together,33402.0,1,1,2013-07-18,60,26,2,19,10,5,8,3,2,1,3,8,0,0,0,0,0,0,0,74,2013,7,18,4687,Partnered,3,70,11.666666666666666,23.333333333333332,9,0.2,0.3,7.0,0,0.0,0,0,8.4,11134.0,0.20956201538783942,1.180327868852459,3,Budget Conscious
1949,Master,Married,36408.0,1,1,2013-09-21,11,9,1,4,3,2,3,1,1,0,2,6,0,0,0,0,0,0,0,77,2013,9,21,4622,Married,4,22,3.6666666666666665,7.333333333333333,4,0.2,0.2,4.4,0,0.0,0,0,1.1282051282051282,12136.0,0.06042462028619298,2.0,3,Budget Conscious
1979,Graduation,Together,21645.0,1,0,2012-09-03,75,14,0,23,4,5,19,3,3,0,3,9,0,0,0,0,0,0,1,47,2012,9,3,5005,Partnered,3,65,10.833333333333334,32.5,9,0.3,0.3,6.5,0,0.0,0,0,12.1875,10822.5,0.3002864270534972,1.0657894736842106,3,Budget Conscious
1948,Master,Widow,78427.0,0,0,2012-10-24,36,972,19,595,180,26,138,3,3,7,10,3,0,0,0,1,0,0,1,78,2012,10,24,4954,Widowed,4,1930,321.6666666666667,1930.0,23,0.125,0.125,80.41666666666667,1,0.2,1,0,561.8987341772151,78427.0,2.460855816800122,1.864864864864865,2,Ultra Premium
1946,Graduation,Together,82657.0,0,0,2013-09-27,71,966,168,672,246,105,126,1,7,5,10,4,0,1,0,1,0,0,0,80,2013,9,27,4616,Partnered,3,2283,380.5,2283.0,23,0.2916666666666667,0.041666666666666664,95.125,2,0.4,1,1,648.2592592592592,82657.0,2.761983111132619,1.2777777777777777,2,Ultra Premium
1958,Graduation,Married,51876.0,0,0,2013-10-15,88,99,27,102,28,48,6,1,2,2,8,1,0,0,0,0,0,0,0,68,2013,10,15,4598,Married,3,310,51.666666666666664,310.0,13,0.14285714285714285,0.07142857142857142,22.142857142857142,0,0.0,0,0,58.405797101449274,51876.0,0.5975673227056306,0.14606741573033707,0,Middle Class Shoppers
1971,2n Cycle,Married,78041.0,0,0,2012-12-16,93,482,35,553,72,160,17,1,4,4,9,2,0,0,0,0,0,0,0,55,2012,12,16,4901,Married,2,1319,219.83333333333334,1319.0,18,0.21052631578947367,0.05263157894736842,69.42105263157895,0,0.0,0,0,423.9642857142857,78041.0,1.6901155787909077,0.3829787234042553,2,Ultra Premium
1957,Graduation,Married,52852.0,0,1,2012-12-01,93,714,8,99,11,0,47,4,10,7,5,8,1,0,0,0,0,0,0,69,2012,12,1,4916,Married,3,879,146.5,439.5,26,0.37037037037037035,0.14814814814814814,32.55555555555556,1,0.2,1,0,326.48571428571427,26426.0,1.6631033243146083,2.2127659574468086,0,Middle Class Shoppers
1982,PhD,Together,70038.0,0,0,2013-10-25,54,587,54,348,71,54,130,1,4,4,8,2,0,0,0,0,0,0,0,44,2013,10,25,4588,Partnered,5,1244,207.33333333333334,1244.0,17,0.2222222222222222,0.05555555555555555,69.11111111111111,0,0.0,0,0,469.9555555555556,70038.0,1.776153286026357,0.6181818181818182,1,Premium Spenders
1973,2n Cycle,Together,69401.0,0,1,2014-03-23,41,399,27,159,58,8,39,4,4,4,5,2,0,0,0,0,0,0,0,53,2014,3,23,4439,Partnered,2,690,115.0,345.0,17,0.2222222222222222,0.2222222222222222,38.333333333333336,0,0.0,0,0,217.22222222222223,34700.5,0.9942076597216218,0.8095238095238095,1,Premium Spenders
1972,Graduation,Together,46053.0,1,0,2013-02-17,46,56,10,92,19,7,25,3,3,2,4,5,0,0,0,0,0,0,0,54,2013,2,17,4838,Partnered,3,209,34.833333333333336,104.5,12,0.23076923076923078,0.23076923076923078,16.076923076923077,0,0.0,0,0,45.6,23026.5,0.45381508663742565,1.2765957446808511,0,Middle Class Shoppers
1965,Graduation,Married,77343.0,0,0,2014-06-09,28,227,151,573,98,54,31,1,3,4,9,1,0,0,0,0,0,0,0,61,2014,6,9,4361,Married,3,1134,189.0,1134.0,17,0.16666666666666666,0.05555555555555555,63.0,0,0.0,0,0,310.93548387096774,77343.0,1.4661770790235829,0.5862068965517241,1,Premium Spenders
1953,Graduation,Single,73892.0,0,0,2013-11-13,40,703,102,601,0,58,43,1,3,11,8,1,0,0,0,0,0,0,1,73,2013,11,13,4569,Single,3,1507,251.16666666666666,1507.0,23,0.125,0.041666666666666664,62.791666666666664,0,0.0,0,0,468.3918918918919,73892.0,2.0394353998348964,0.5609756097560976,2,Ultra Premium
1967,PhD,Single,40304.0,1,0,2013-09-30,82,37,0,17,0,0,3,1,2,0,3,7,0,0,0,0,0,0,0,59,2013,9,30,4613,Single,5,57,9.5,28.5,6,0.2857142857142857,0.14285714285714285,8.142857142857142,0,0.0,0,0,5.7,20152.0,0.14142165984369184,0.5060240963855421,3,Budget Conscious
1965,PhD,Together,32727.0,0,0,2012-08-28,38,167,13,180,86,13,70,2,7,3,5,8,0,0,0,0,0,0,0,61,2012,8,28,5011,Partnered,5,529,88.16666666666667,529.0,17,0.3888888888888889,0.1111111111111111,29.38888888888889,0,0.0,0,0,145.0483870967742,32727.0,1.6163529699340016,3.4871794871794872,3,Budget Conscious
1971,Graduation,Divorced,43300.0,0,1,2012-10-13,87,91,3,52,2,1,31,3,4,0,4,8,0,0,0,0,0,0,1,55,2012,10,13,4965,Divorced,3,180,30.0,90.0,11,0.3333333333333333,0.25,15.0,0,0.0,0,0,35.357142857142854,21650.0,0.41569478764924594,1.0,0,Middle Class Shoppers
1972,Graduation,Together,26290.0,1,1,2013-01-12,49,15,8,16,11,5,22,4,2,0,4,6,0,0,0,0,0,0,0,54,2013,1,12,4874,Partnered,3,77,12.833333333333334,25.666666666666668,10,0.18181818181818182,0.36363636363636365,7.0,0,0.0,0,0,14.0,8763.333333333334,0.29287588908752044,1.2,3,Budget Conscious
1970,Graduation,Single,93790.0,0,0,2014-02-12,16,1302,68,731,89,114,45,0,6,7,12,2,0,1,1,1,0,0,1,56,2014,2,12,4478,Single,3,2349,391.5,2349.0,25,0.23076923076923078,0.0,90.34615384615384,3,0.6,1,1,1030.2631578947369,93790.0,2.5045046966126816,2.9411764705882355,2,Ultra Premium
1974,PhD,Married,38410.0,0,0,2012-09-14,65,153,64,123,116,64,14,2,5,2,9,6,0,0,0,0,0,0,1,52,2012,9,14,4994,Married,5,534,89.0,534.0,18,0.2631578947368421,0.10526315789473684,28.105263157894736,0,0.0,0,0,181.35849056603774,38410.0,1.3902267579599594,1.6363636363636365,0,Middle Class Shoppers
1950,Master,Widow,64866.0,0,1,2014-01-26,9,508,5,21,7,5,10,4,7,3,7,5,0,1,0,0,0,0,0,76,2014,1,26,4495,Widowed,4,556,92.66666666666667,278.0,21,0.3181818181818182,0.18181818181818182,25.272727272727273,1,0.2,1,0,151.63636363636363,32433.0,0.8571384525259377,10.5,0,Middle Class Shoppers
1959,Graduation,Together,57957.0,0,1,2013-08-19,24,290,59,177,77,5,29,7,4,6,8,3,0,0,0,0,0,1,0,67,2013,8,19,4655,Partnered,3,637,106.16666666666667,318.5,25,0.15384615384615385,0.2692307692307692,24.5,0,0.0,0,0,234.19117647058823,28978.5,1.0990717416059905,3.0,0,Middle Class Shoppers
1978,Graduation,Together,16531.0,1,0,2014-06-18,43,2,13,6,7,5,11,3,3,0,3,7,0,0,0,0,0,0,0,48,2014,6,18,4352,Partnered,3,44,7.333333333333333,22.0,9,0.3,0.3,4.4,0,0.0,0,0,8.081632653061224,8265.5,0.26615049600774254,1.4318181818181819,3,Budget Conscious
1986,Master,Married,28072.0,1,0,2013-07-08,10,30,0,10,2,0,5,1,1,0,3,7,0,0,0,0,0,0,0,40,2013,7,8,4697,Married,4,47,7.833333333333333,23.5,5,0.16666666666666666,0.16666666666666666,7.833333333333333,0,0.0,0,0,5.7317073170731705,14036.0,0.167420653296762,3.1818181818181817,3,Budget Conscious
1963,Master,Divorced,49476.0,0,1,2013-06-20,29,386,23,95,54,41,196,4,2,11,5,2,0,0,0,0,0,0,0,63,2013,6,20,4715,Divorced,4,795,132.5,397.5,22,0.08695652173913043,0.17391304347826086,34.56521739130435,0,0.0,0,0,273.28125,24738.0,1.6068072033470098,1.4666666666666666,0,Middle Class Shoppers
1953,Graduation,Married,50725.0,0,1,2013-02-13,45,443,10,75,0,10,48,4,8,1,8,8,0,0,0,0,0,0,0,73,2013,2,13,4842,Married,3,586,97.66666666666667,293.0,21,0.36363636363636365,0.18181818181818182,26.636363636363637,0,0.0,0,0,166.2972972972973,25362.5,1.155226116784292,3.652173913043478,0,Middle Class Shoppers
1950,PhD,Married,41145.0,1,1,2014-02-08,20,9,0,3,0,0,1,1,0,0,3,3,0,0,0,0,0,0,0,76,2014,2,8,4482,Married,5,13,2.1666666666666665,4.333333333333333,4,0.0,0.2,2.6,0,0.0,0,0,0.6753246753246753,13715.0,0.03159480872988869,0.5714285714285714,3,Budget Conscious
1970,Graduation,Together,67419.0,0,1,2013-01-16,29,846,84,352,91,56,42,4,9,4,8,5,0,0,0,0,0,0,0,56,2013,1,16,4870,Partnered,3,1471,245.16666666666666,735.5,25,0.34615384615384615,0.15384615384615385,56.57692307692308,0,0.0,0,0,645.1754385964912,33709.5,2.1818451498071787,4.166666666666667,1,Premium Spenders
1970,2n Cycle,Married,23162.0,1,1,2013-12-21,82,8,3,9,19,4,22,3,1,1,3,6,0,0,0,0,0,0,0,56,2013,12,21,4531,Married,2,65,10.833333333333334,21.666666666666668,8,0.1111111111111111,0.3333333333333333,7.222222222222222,0,0.0,0,0,9.12280701754386,7720.666666666667,0.2806199542373613,0.5783132530120482,3,Budget Conscious
1977,Graduation,Married,34380.0,1,0,2013-05-02,68,72,7,58,13,1,24,4,4,1,3,8,0,0,0,0,0,0,0,49,2013,5,2,4764,Married,3,175,29.166666666666668,87.5,12,0.3076923076923077,0.3076923076923077,13.461538461538462,0,0.0,0,0,42.0,17190.0,0.5090020650940927,1.391304347826087,3,Budget Conscious
1966,Graduation,Single,34704.0,0,1,2013-04-27,65,29,0,5,0,1,5,1,1,0,3,5,0,0,0,0,0,0,0,60,2013,4,27,4769,Single,3,40,6.666666666666667,20.0,5,0.16666666666666666,0.16666666666666666,6.666666666666667,0,0.0,0,0,3.278688524590164,17352.0,0.11525716755510734,0.3787878787878788,3,Budget Conscious
1969,PhD,Married,94545.1,0,2,2012-09-01,99,169,24,553,188,0,144,1,8,5,4,7,0,1,1,0,0,0,1,57,2012,9,1,5007,Married,5,1078,179.66666666666666,359.3333333333333,18,0.42105263157894735,0.05263157894736842,56.73684210526316,2,0.4,1,1,334.55172413793105,31515.033333333336,1.1401845237402706,1.26,1,Premium Spenders
1958,Graduation,Married,65148.0,0,1,2012-11-16,9,460,35,422,33,12,153,2,6,6,7,4,0,0,0,0,0,0,0,68,2012,11,16,4931,Married,3,1115,185.83333333333334,557.5,21,0.2727272727272727,0.09090909090909091,50.68181818181818,0,0.0,0,0,339.3478260869565,32574.0,1.7114614192082762,8.4,1,Premium Spenders
1954,Graduation,Together,39898.0,0,1,2013-02-12,20,69,8,26,12,7,12,2,3,0,4,7,0,0,0,0,0,0,0,72,2013,2,12,4843,Partnered,3,134,22.333333333333332,67.0,9,0.3,0.2,13.4,0,0.0,0,0,16.52054794520548,19949.0,0.3358480162410085,3.0,3,Budget Conscious
1970,PhD,Married,59892.0,0,1,2013-11-02,26,73,0,13,0,1,0,1,2,1,3,3,0,0,0,0,0,0,0,56,2013,11,2,4580,Married,5,87,14.5,43.5,7,0.25,0.125,10.875,0,0.0,0,0,10.68421052631579,29946.0,0.14525904529744713,0.7777777777777778,0,Middle Class Shoppers
1987,Master,Single,41020.0,0,0,2013-10-28,68,112,1,54,7,7,36,1,3,2,4,3,0,0,0,0,0,0,0,39,2013,10,28,4585,Single,4,217,36.166666666666664,217.0,10,0.2727272727272727,0.09090909090909091,19.727272727272727,0,0.0,0,0,54.25,41020.0,0.528997342824407,0.43478260869565216,0,Middle Class Shoppers
1961,PhD,Married,57072.0,0,1,2014-01-24,79,944,0,60,0,0,30,2,7,5,13,5,1,0,0,0,0,0,0,65,2014,1,24,4497,Married,5,1034,172.33333333333334,517.0,27,0.25,0.07142857142857142,36.92857142857143,1,0.2,1,0,423.0,28536.0,1.8117148213691239,1.6875,1,Premium Spenders
1981,2n Cycle,Together,19414.0,1,0,2013-10-16,32,2,3,12,3,5,7,1,1,0,3,8,0,0,0,0,0,0,0,45,2013,10,16,4597,Partnered,2,32,5.333333333333333,16.0,5,0.16666666666666666,0.16666666666666666,5.333333333333333,0,0.0,0,0,3.4782608695652173,9707.0,0.16482101467937163,1.2121212121212122,3,Budget Conscious
1980,Graduation,Married,19107.0,1,0,2013-08-22,49,2,4,9,10,5,16,2,1,0,3,7,0,0,0,0,0,0,0,46,2013,8,22,4652,Married,3,46,7.666666666666667,23.0,6,0.14285714285714285,0.2857142857142857,6.571428571428571,0,0.0,0,0,5.872340425531915,9553.5,0.24073686414067408,0.84,3,Budget Conscious
1976,2n Cycle,Together,75484.0,0,1,2012-08-02,50,378,97,259,197,194,34,2,7,3,6,4,0,0,0,0,0,0,0,50,2012,8,2,5037,Partnered,2,1159,193.16666666666666,579.5,18,0.3684210526315789,0.10526315789473684,61.0,0,0.0,0,0,409.05882352941177,37742.0,1.535404384977148,1.411764705882353,1,Premium Spenders
1976,Master,Single,70379.0,0,1,2013-03-03,84,553,25,142,65,67,8,3,6,3,13,4,0,0,0,0,0,0,0,50,2013,3,3,4824,Single,4,860,143.33333333333334,430.0,25,0.23076923076923078,0.11538461538461539,33.07692307692308,0,0.0,0,0,421.5686274509804,35189.5,1.221938050582552,1.1764705882352942,1,Premium Spenders
1970,Master,Together,79419.0,0,0,2014-06-22,96,751,127,687,20,15,31,1,4,6,4,2,0,0,0,0,0,0,0,56,2014,6,22,4348,Partnered,4,1631,271.8333333333333,1631.0,15,0.25,0.0625,101.9375,0,0.0,0,0,429.2105263157895,79419.0,2.0536388818937295,0.30927835051546393,2,Ultra Premium
1946,PhD,Together,64014.0,2,1,2014-06-10,56,406,0,30,0,0,8,7,8,2,5,7,0,0,0,1,0,0,0,80,2014,6,10,4360,Partnered,5,444,74.0,111.0,22,0.34782608695652173,0.30434782608695654,19.304347826086957,1,0.2,1,0,120.5925925925926,16003.5,0.693587440443646,2.7017543859649122,0,Middle Class Shoppers
1955,Graduation,Married,76998.0,0,1,2013-01-11,85,1449,89,161,69,35,107,2,11,8,8,6,0,0,1,0,0,0,0,71,2013,1,11,4875,Married,3,1910,318.3333333333333,955.0,29,0.36666666666666664,0.06666666666666667,63.666666666666664,1,0.2,1,0,769.3055555555555,38499.0,2.4805516954765645,2.0232558139534884,2,Ultra Premium
1972,Master,Together,49854.0,1,0,2013-11-10,63,123,17,171,39,0,30,5,6,2,5,6,0,0,0,0,0,0,0,54,2013,11,10,4572,Partnered,4,380,63.333333333333336,190.0,18,0.3157894736842105,0.2631578947368421,20.0,0,0.0,0,0,124.36363636363636,24927.0,0.7622104101895497,1.6875,0,Middle Class Shoppers
1971,PhD,Married,60585.0,1,1,2013-06-24,17,267,42,309,55,42,21,10,7,4,9,5,0,0,0,0,0,0,1,55,2013,6,24,4711,Married,5,736,122.66666666666667,245.33333333333334,30,0.22580645161290322,0.3225806451612903,23.741935483870968,0,0.0,0,0,394.2857142857143,20195.0,1.214802099494933,8.333333333333334,0,Middle Class Shoppers
1950,PhD,Divorced,42873.0,1,1,2013-01-21,11,209,0,40,3,2,15,4,6,1,4,8,0,0,0,0,0,0,0,76,2013,1,21,4865,Divorced,5,269,44.833333333333336,89.66666666666667,15,0.375,0.25,16.8125,0,0.0,0,0,52.4025974025974,14291.0,0.6274198815132714,10.0,0,Middle Class Shoppers
1988,Graduation,Together,87679.0,0,0,2013-07-27,62,1259,172,815,97,148,33,1,7,11,10,4,1,0,1,1,0,0,1,38,2013,7,27,4678,Partnered,3,2524,420.6666666666667,2524.0,29,0.23333333333333334,0.03333333333333333,84.13333333333334,3,0.6,1,1,1876.820512820513,87679.0,2.8786496350364965,1.8412698412698412,2,Ultra Premium
1978,Graduation,Together,57867.0,1,0,2013-10-01,48,344,35,178,15,23,17,7,7,2,9,6,0,0,0,0,0,0,0,48,2013,10,1,4612,Partnered,3,612,102.0,306.0,25,0.2692307692307692,0.2692307692307692,23.53846153846154,0,0.0,0,0,312.2448979591837,28933.5,1.0575793184488838,3.061224489795918,0,Middle Class Shoppers
1990,Graduation,Married,35765.0,1,0,2013-12-11,86,22,3,30,0,5,15,2,2,0,4,6,0,0,0,0,0,0,0,36,2013,12,11,4541,Married,3,75,12.5,37.5,8,0.2222222222222222,0.2222222222222222,8.333333333333334,0,0.0,0,0,16.216216216216218,17882.5,0.2096963596711961,0.5517241379310345,3,Budget Conscious
1959,Graduation,Married,65492.0,0,0,2014-01-26,73,247,161,295,210,85,47,2,4,7,13,2,0,0,0,0,0,0,0,67,2014,1,26,4495,Married,3,1045,174.16666666666666,1045.0,26,0.14814814814814814,0.07407407407407407,38.7037037037037,0,0.0,0,0,399.55882352941177,65492.0,1.5955903684363215,0.7027027027027027,1,Premium Spenders
1977,Graduation,Divorced,32952.0,1,0,2013-12-01,36,38,0,12,3,1,1,1,2,0,3,7,0,0,0,0,0,0,0,49,2013,12,1,4551,Divorced,3,55,9.166666666666666,27.5,6,0.2857142857142857,0.14285714285714285,7.857142857142857,0,0.0,0,0,6.6,16476.0,0.166904378963979,1.135135135135135,3,Budget Conscious
1969,PhD,Together,53374.0,0,1,2012-08-16,34,896,10,101,13,10,34,6,4,2,9,9,1,0,0,0,0,0,1,57,2012,8,16,5023,Partnered,5,1064,177.33333333333334,532.0,21,0.18181818181818182,0.2727272727272727,48.36363636363637,1,0.2,1,0,385.2413793103448,26687.0,1.9934426229508195,5.4,1,Premium Spenders
1959,Graduation,Together,71706.0,0,1,2012-11-13,16,931,56,253,91,98,14,4,9,5,7,5,0,0,0,0,0,0,0,67,2012,11,13,4934,Partnered,3,1443,240.5,721.5,25,0.34615384615384615,0.15384615384615385,55.5,0,0.0,0,0,530.5147058823529,35853.0,2.0123558369475782,7.352941176470588,1,Premium Spenders
1988,Graduation,Married,68487.0,0,0,2013-01-13,48,758,12,385,33,89,89,1,9,7,13,4,0,0,0,0,0,0,0,38,2013,1,13,4873,Married,3,1366,227.66666666666666,1366.0,30,0.2903225806451613,0.03225806451612903,44.064516129032256,0,0.0,0,0,1050.7692307692307,68487.0,1.9945099871510337,2.4489795918367347,2,Ultra Premium
1975,Master,Together,53253.0,1,1,2013-02-11,61,216,9,57,20,9,125,7,4,3,5,5,0,0,0,0,0,0,0,51,2013,2,11,4844,Partnered,4,436,72.66666666666667,145.33333333333334,19,0.2,0.35,21.8,0,0.0,0,0,159.30769230769232,17751.0,0.8187178427911519,1.532258064516129,0,Middle Class Shoppers
1977,Graduation,Married,42014.0,1,0,2012-08-17,56,244,15,108,4,15,50,6,7,1,6,8,0,0,0,0,0,0,1,49,2012,8,17,5022,Married,3,436,72.66666666666667,218.0,20,0.3333333333333333,0.2857142857142857,20.761904761904763,0,0.0,0,0,174.4,21007.0,1.0377246221587528,2.807017543859649,0,Middle Class Shoppers
1973,Master,Married,54108.0,1,1,2012-11-05,74,539,6,91,8,6,97,13,8,2,9,8,0,0,0,0,0,0,0,53,2012,11,5,4942,Married,4,747,124.5,249.0,32,0.24242424242424243,0.3939393939393939,22.636363636363637,0,0.0,0,0,442.6666666666667,18036.0,1.3805466743055683,3.4133333333333336,0,Middle Class Shoppers
1955,PhD,Single,49667.0,0,0,2012-08-20,35,1181,26,120,17,13,39,2,5,10,5,8,1,0,0,0,0,0,1,71,2012,8,20,5019,Single,5,1396,232.66666666666666,1396.0,22,0.21739130434782608,0.08695652173913043,60.69565217391305,1,0.2,1,0,426.55555555555554,49667.0,2.8106628009986308,4.888888888888889,2,Ultra Premium
1974,Master,Married,63206.0,0,0,2014-03-20,65,750,8,125,11,8,26,1,4,3,6,2,0,0,1,0,0,0,0,52,2014,3,20,4442,Married,4,928,154.66666666666666,928.0,14,0.26666666666666666,0.06666666666666667,61.86666666666667,1,0.2,1,0,245.1320754716981,63206.0,1.4681918141977945,0.42424242424242425,1,Premium Spenders
1972,Master,Married,57136.0,1,1,2013-07-09,48,306,5,109,21,109,92,9,5,2,10,6,0,0,0,0,0,0,0,54,2013,7,9,4696,Married,4,642,107.0,214.0,26,0.18518518518518517,0.3333333333333333,23.77777777777778,0,0.0,0,0,303.4909090909091,19045.333333333332,1.1236151705549817,3.183673469387755,0,Middle Class Shoppers
1975,2n Cycle,Together,46772.0,0,1,2012-11-07,88,350,104,189,197,151,57,6,11,8,5,8,1,0,0,0,0,0,0,51,2012,11,7,4940,Partnered,2,1048,174.66666666666666,524.0,30,0.3548387096774194,0.1935483870967742,33.806451612903224,1,0.2,1,0,604.6153846153846,23386.0,2.2406088982960255,2.696629213483146,1,Premium Spenders
1971,PhD,Married,78931.0,0,0,2013-10-25,19,331,197,170,58,152,35,1,2,8,13,1,0,0,0,0,0,0,0,55,2013,10,25,4588,Married,5,943,157.16666666666666,943.0,24,0.08,0.04,37.72,0,0.0,0,0,404.14285714285717,78931.0,1.1946992347843715,1.2,1,Premium Spenders
1958,Graduation,Together,53977.0,0,1,2013-06-08,21,620,16,165,0,24,82,5,5,5,12,5,0,0,0,0,0,0,0,68,2013,6,8,4727,Partnered,3,907,151.16666666666666,453.5,27,0.17857142857142858,0.17857142857142858,32.392857142857146,0,0.0,0,0,354.9130434782609,26988.5,1.6803142020823298,6.136363636363637,1,Premium Spenders
1965,Graduation,Married,73538.0,0,1,2012-11-25,92,811,76,428,99,137,107,3,10,4,9,7,0,0,0,0,0,0,0,61,2012,11,25,4922,Married,3,1658,276.3333333333333,829.0,26,0.37037037037037035,0.1111111111111111,61.407407407407405,0,0.0,0,0,695.2903225806451,36769.0,2.254586001985341,1.956989247311828,1,Premium Spenders
1986,Graduation,Married,79529.0,0,0,2014-04-27,1,423,42,706,73,197,197,1,4,8,9,2,0,0,0,0,0,0,0,40,2014,4,27,4404,Married,3,1638,273.0,1638.0,22,0.17391304347826086,0.043478260869565216,71.21739130434783,0,0.0,0,0,878.9268292682926,79529.0,2.0596001508864576,22.0,2,Ultra Premium
1977,2n Cycle,Together,20981.0,0,0,2013-04-30,14,2,12,10,6,13,30,1,3,1,2,8,0,0,0,0,0,0,1,49,2013,4,30,4766,Partnered,2,73,12.166666666666666,73.0,7,0.375,0.125,9.125,0,0.0,0,0,10.22,20981.0,0.34791726241540366,3.7333333333333334,3,Budget Conscious
1980,Graduation,Single,51766.0,1,0,2014-03-11,74,60,51,87,6,20,51,2,4,2,4,5,0,0,0,0,0,0,0,46,2014,3,11,4451,Single,3,275,45.833333333333336,137.5,12,0.3076923076923077,0.15384615384615385,21.153846153846153,0,0.0,0,0,70.2127659574468,25883.0,0.5312264570092916,0.8,0,Middle Class Shoppers
1962,Graduation,Married,55759.0,0,1,2012-11-28,84,675,0,85,10,7,77,5,10,3,8,8,0,0,0,0,0,0,0,64,2012,11,28,4919,Married,3,854,142.33333333333334,427.0,26,0.37037037037037035,0.18518518518518517,31.62962962962963,0,0.0,0,0,341.6,27879.5,1.5315638450502151,2.447058823529412,0,Middle Class Shoppers
1972,Master,Married,37787.0,1,0,2013-09-20,50,40,1,40,4,3,18,1,3,0,3,8,0,0,0,0,0,0,0,54,2013,9,20,4623,Married,4,106,17.666666666666668,53.0,7,0.375,0.125,13.25,0,0.0,0,0,13.49090909090909,18893.5,0.2805123319572351,1.0980392156862746,3,Budget Conscious
1970,Graduation,Single,27242.0,1,0,2012-11-11,2,3,17,26,20,1,39,2,2,0,3,9,0,0,0,0,0,0,1,56,2012,11,11,4936,Single,3,106,17.666666666666668,53.0,7,0.25,0.25,13.25,0,0.0,0,0,13.017543859649123,13621.0,0.38909077561208383,21.0,3,Budget Conscious
1983,PhD,Single,87188.0,0,0,2013-06-03,73,910,111,724,49,74,55,1,10,2,6,3,0,0,0,0,0,0,1,43,2013,6,3,4732,Single,5,1923,320.5,1923.0,19,0.5,0.05,96.15,0,0.0,0,0,830.3863636363636,87188.0,2.205553452843822,0.7702702702702703,2,Ultra Premium
1971,Graduation,Together,69930.0,0,0,2013-05-26,21,252,98,827,219,70,196,1,4,5,12,3,0,0,0,0,0,0,0,55,2013,5,26,4740,Partnered,3,1662,277.0,1662.0,22,0.17391304347826086,0.043478260869565216,72.26086956521739,0,0.0,0,0,652.9285714285714,69930.0,2.3766283908424017,3.0,2,Ultra Premium
1976,Graduation,Single,37697.0,1,0,2014-02-07,82,34,6,21,11,4,8,1,2,1,3,6,0,0,0,0,0,0,0,50,2014,2,7,4483,Single,3,84,14.0,42.0,7,0.25,0.125,10.5,0,0.0,0,0,11.529411764705882,18848.5,0.2228234919624383,0.5060240963855421,3,Budget Conscious
1973,Graduation,Single,3502.0,1,0,2013-04-13,56,2,1,1,0,0,1,0,0,0,0,14,0,0,0,0,0,0,0,53,2013,4,13,4783,Single,3,5,0.8333333333333334,2.5,0,0.0,0.0,5.0,0,0.0,0,0,0.0,1751.0,0.14273479874393377,0.0,3,Budget Conscious
1976,Graduation,Married,58597.0,1,1,2012-11-20,20,490,0,184,10,28,21,12,7,4,9,7,0,0,0,0,0,0,0,50,2012,11,20,4927,Married,3,733,122.16666666666667,244.33333333333334,32,0.21212121212121213,0.36363636363636365,22.21212121212121,0,0.0,0,0,459.921568627451,19532.333333333332,1.250895935014847,10.666666666666666,0,Middle Class Shoppers
1948,PhD,Widow,82032.0,0,0,2014-04-05,54,332,194,377,149,125,57,0,4,6,7,1,0,0,0,0,0,0,0,78,2014,4,5,4426,Widowed,5,1234,205.66666666666666,1234.0,17,0.2222222222222222,0.0,68.55555555555556,0,0.0,0,0,265.54430379746833,82032.0,1.5042726707544525,0.3090909090909091,1,Premium Spenders
1958,Graduation,Together,28087.0,1,1,2012-12-11,77,53,8,17,13,0,21,3,2,2,2,7,0,0,0,0,0,0,0,68,2012,12,11,4906,Partnered,3,112,18.666666666666668,37.333333333333336,9,0.2,0.3,11.2,0,0.0,0,0,14.608695652173912,9362.333333333334,0.3987467957846767,0.8076923076923077,3,Budget Conscious
1987,PhD,Single,74004.0,0,0,2014-02-24,5,784,48,560,42,176,48,1,4,6,4,3,0,0,1,1,0,0,1,39,2014,2,24,4466,Single,5,1658,276.3333333333333,1658.0,15,0.25,0.0625,103.625,2,0.4,1,1,621.75,74004.0,2.240389162894399,7.5,2,Ultra Premium
1960,Graduation,Together,19740.0,0,1,2013-03-24,65,7,11,3,10,4,20,2,1,1,3,5,0,0,0,0,0,0,0,66,2013,3,24,4803,Partnered,3,55,9.166666666666666,27.5,7,0.125,0.25,6.875,0,0.0,0,0,5.746268656716418,9870.0,0.27860797325363457,0.5303030303030303,3,Budget Conscious
1975,2n Cycle,Married,57036.0,0,1,2012-12-11,33,1171,43,219,19,14,47,4,6,3,13,9,1,0,0,0,0,0,0,51,2012,12,11,4906,Married,2,1513,252.16666666666666,756.5,26,0.2222222222222222,0.14814814814814814,56.03703703703704,1,0.2,1,0,756.5,28518.0,2.6526640601714675,6.882352941176471,1,Premium Spenders
1958,2n Cycle,Together,53083.0,1,1,2013-05-15,65,215,7,33,3,0,13,6,5,1,5,7,0,1,0,0,0,0,0,68,2013,5,15,4751,Partnered,2,271,45.166666666666664,90.33333333333333,17,0.2777777777777778,0.3333333333333333,15.055555555555555,1,0.2,1,0,66.76811594202898,17694.333333333332,0.5105116419260041,1.803030303030303,0,Middle Class Shoppers
1975,PhD,Married,69283.0,0,1,2014-06-14,41,674,62,134,0,26,8,4,7,3,13,5,0,0,0,0,0,0,0,51,2014,6,14,4356,Married,5,904,150.66666666666666,452.0,27,0.25,0.14285714285714285,32.285714285714285,0,0.0,0,0,469.38461538461536,34641.5,1.3047745511229143,3.2142857142857144,1,Premium Spenders
1975,Master,Single,46098.0,1,1,2012-08-18,86,57,0,27,0,0,36,4,3,2,2,8,0,0,0,0,0,0,1,51,2012,8,18,5021,Single,4,120,20.0,40.0,11,0.25,0.3333333333333333,10.0,0,0.0,0,0,25.384615384615383,15366.0,0.26030933425887764,1.0114942528735633,0,Middle Class Shoppers
1988,2n Cycle,Married,23331.0,1,0,2012-09-04,92,5,36,7,0,10,45,2,3,0,3,8,0,0,0,0,0,0,0,38,2012,9,4,5004,Married,2,103,17.166666666666668,51.5,8,0.3333333333333333,0.2222222222222222,11.444444444444445,0,0.0,0,0,21.128205128205128,11665.5,0.44145379735984913,0.6881720430107527,3,Budget Conscious
1988,2n Cycle,Single,23331.0,1,0,2012-10-05,97,104,20,101,24,15,5,6,5,1,5,9,0,0,0,0,0,0,0,38,2012,10,5,4973,Single,2,269,44.833333333333336,134.5,17,0.2777777777777778,0.3333333333333333,14.944444444444445,0,0.0,0,0,117.25641025641026,11665.5,1.15292302417281,1.5612244897959184,3,Budget Conscious
1989,Graduation,Single,9255.0,1,0,2013-12-20,91,9,0,7,2,0,4,1,1,1,2,8,0,0,0,0,0,0,0,37,2013,12,20,4532,Single,3,22,3.6666666666666665,11.0,5,0.16666666666666666,0.16666666666666666,3.6666666666666665,0,0.0,0,0,2.8947368421052633,4627.5,0.23768366464995677,0.43478260869565216,3,Budget Conscious
1959,PhD,Widow,67786.0,0,0,2013-12-07,0,431,82,441,80,20,102,1,3,6,6,1,0,0,0,0,0,0,1,67,2013,12,7,4545,Widowed,5,1156,192.66666666666666,1156.0,16,0.17647058823529413,0.058823529411764705,68.0,0,0.0,0,0,272.0,67786.0,1.7053417321905378,16.0,1,Premium Spenders
1971,PhD,Married,71969.0,0,1,2012-10-16,59,1000,0,76,0,0,10,3,3,4,9,8,0,1,0,0,0,0,0,55,2012,10,16,4962,Married,5,1086,181.0,543.0,19,0.15,0.15,54.3,1,0.2,1,0,368.4642857142857,35984.5,1.5089620675281368,2.533333333333333,1,Premium Spenders
1967,Master,Single,59235.0,1,0,2013-01-12,4,448,40,469,80,0,91,3,11,2,12,7,0,0,0,0,0,0,0,59,2013,1,12,4874,Single,4,1128,188.0,564.0,28,0.3793103448275862,0.10344827586206896,38.89655172413793,0,0.0,0,0,526.4,29617.5,1.9042474171112163,39.2,1,Premium Spenders
1989,Graduation,Together,31928.0,1,0,2014-03-28,5,33,4,24,4,2,5,2,3,0,4,7,0,0,0,0,0,0,0,37,2014,3,28,4434,Partnered,3,72,12.0,36.0,9,0.3,0.2,7.2,0,0.0,0,0,17.05263157894737,15964.0,0.22550032885464624,10.5,3,Budget Conscious
1961,Master,Together,74881.0,1,1,2013-03-08,48,505,72,270,36,27,54,4,9,2,12,5,0,0,0,0,0,0,0,65,2013,3,8,4819,Partnered,4,964,160.66666666666666,321.3333333333333,27,0.32142857142857145,0.14285714285714285,34.42857142857143,0,0.0,0,0,394.3636363636364,24960.333333333332,1.2873587778104216,2.7551020408163267,1,Premium Spenders
1978,Graduation,Married,65819.0,0,0,2012-11-29,99,267,38,701,149,165,63,1,5,4,10,3,0,0,0,0,0,0,0,48,2012,11,29,4918,Married,3,1383,230.5,1383.0,20,0.23809523809523808,0.047619047619047616,65.85714285714286,0,0.0,0,0,564.4897959183673,65819.0,2.1011850501367366,0.6,2,Ultra Premium
1953,PhD,Single,51411.0,1,2,2013-05-26,81,14,0,3,0,0,1,1,0,0,3,5,0,0,0,0,0,0,0,73,2013,5,26,4740,Single,5,18,3.0,4.5,4,0.0,0.2,3.6,0,0.0,0,0,0.972972972972973,12852.75,0.03501128141289971,0.24390243902439024,0,Middle Class Shoppers
1964,Graduation,Divorced,51983.0,0,1,2012-08-31,95,631,0,115,10,7,30,3,9,2,10,7,0,0,0,0,0,0,0,62,2012,8,31,5008,Divorced,3,793,132.16666666666666,396.5,24,0.36,0.12,31.72,0,0.0,0,0,302.0952380952381,25991.5,1.525469375192367,1.75,0,Middle Class Shoppers
1987,2n Cycle,Married,30390.0,0,0,2013-09-02,5,10,12,12,25,1,20,1,2,0,3,6,0,0,0,0,0,0,0,39,2013,9,2,4641,Married,2,80,13.333333333333334,80.0,6,0.2857142857142857,0.14285714285714285,11.428571428571429,0,0.0,0,0,12.0,30390.0,0.2632358263959725,6.0,3,Budget Conscious
1963,Graduation,Single,30983.0,0,0,2012-11-09,50,51,4,50,12,1,49,1,4,0,3,8,0,0,0,0,0,0,1,63,2012,11,9,4938,Single,3,167,27.833333333333332,167.0,8,0.4444444444444444,0.1111111111111111,18.555555555555557,0,0.0,0,0,20.875,30983.0,0.5389878647043636,1.2549019607843137,3,Budget Conscious
1957,Graduation,Widow,66033.0,0,1,2013-01-20,76,293,35,179,46,59,65,2,8,3,7,7,0,0,0,0,0,0,0,69,2013,1,20,4866,Widowed,3,677,112.83333333333333,338.5,20,0.38095238095238093,0.09523809523809523,32.23809523809524,0,0.0,0,0,193.42857142857142,33016.5,1.0252294272647424,1.8181818181818181,0,Middle Class Shoppers
1975,2n Cycle,Married,37284.0,1,1,2013-03-29,46,11,1,2,2,1,6,1,0,0,3,6,0,0,0,0,0,0,0,51,2013,3,29,4798,Married,2,23,3.8333333333333335,7.666666666666667,4,0.0,0.2,4.6,0,0.0,0,0,1.7692307692307692,12428.0,0.061687005498189625,0.5106382978723404,3,Budget Conscious
1951,Master,Divorced,57530.0,0,1,2013-10-12,68,50,1,27,6,7,1,1,1,1,4,1,0,0,0,0,0,0,0,75,2013,10,12,4601,Divorced,4,92,15.333333333333334,46.0,7,0.125,0.125,11.5,0,0.0,0,0,8.473684210526315,28765.0,0.15991378561123568,0.10144927536231885,0,Middle Class Shoppers
1965,2n Cycle,Married,76800.0,0,0,2014-03-08,33,173,26,255,35,71,81,1,4,4,7,1,0,0,0,0,0,0,0,61,2014,3,8,4454,Married,2,641,106.83333333333333,641.0,16,0.23529411764705882,0.058823529411764705,37.705882352941174,0,0.0,0,0,165.41935483870967,76800.0,0.8346245491595161,0.47058823529411764,1,Premium Spenders
1956,Graduation,Married,63943.0,0,1,2012-09-02,50,423,184,368,13,97,21,1,6,4,6,5,0,0,0,0,0,0,0,70,2012,9,2,5006,Married,3,1106,184.33333333333334,553.0,17,0.3333333333333333,0.05555555555555555,61.44444444444444,0,0.0,0,0,264.8169014084507,31971.5,1.7296384336294257,1.6666666666666667,1,Premium Spenders
1967,Master,Married,37054.0,1,1,2013-09-15,89,12,1,6,0,1,5,2,1,0,3,7,0,0,0,0,0,0,0,59,2013,9,15,4628,Married,4,25,4.166666666666667,8.333333333333334,6,0.14285714285714285,0.2857142857142857,3.5714285714285716,0,0.0,0,0,2.5,12351.333333333334,0.06746727836999054,0.4666666666666667,3,Budget Conscious
1962,Master,Together,47175.0,1,1,2012-10-28,81,167,2,44,6,2,19,7,4,2,4,8,1,0,0,0,0,0,1,64,2012,10,28,4950,Partnered,4,240,40.0,80.0,17,0.2222222222222222,0.3888888888888889,13.333333333333334,1,0.2,1,0,62.76923076923077,15725.0,0.5087332541970494,1.6585365853658536,0,Middle Class Shoppers
1976,Graduation,Divorced,31859.0,1,0,2013-06-14,77,3,1,3,8,0,5,1,1,0,2,7,0,0,0,0,0,0,0,50,2013,6,14,4721,Divorced,3,20,3.3333333333333335,10.0,4,0.2,0.2,4.0,0,0.0,0,0,1.5686274509803921,15929.5,0.06277463904582549,0.358974358974359,3,Budget Conscious
1961,Graduation,Divorced,27215.0,2,1,2013-01-23,50,30,5,22,8,9,28,4,2,1,4,6,0,0,0,0,0,0,0,65,2013,1,23,4863,Divorced,3,102,17.0,25.5,11,0.16666666666666666,0.3333333333333333,8.5,0,0.0,0,0,17.0,6803.75,0.37477954144620806,1.2941176470588236,3,Budget Conscious
1976,PhD,Divorced,70179.0,0,1,2013-07-21,10,532,88,168,69,44,133,3,7,3,13,5,0,0,0,0,0,0,0,50,2013,7,21,4684,Divorced,5,1034,172.33333333333334,517.0,26,0.25925925925925924,0.1111111111111111,38.2962962962963,0,0.0,0,0,527.1372549019608,35089.5,1.4733542319749215,11.818181818181818,1,Premium Spenders
1988,Graduation,Married,24645.0,1,0,2012-11-01,16,5,3,4,4,1,0,1,1,0,2,8,0,0,0,0,0,0,0,38,2012,11,1,4946,Married,3,17,2.8333333333333335,8.5,4,0.2,0.2,3.4,0,0.0,0,0,1.7435897435897436,12322.5,0.06897671021666801,1.8823529411764706,3,Budget Conscious
1954,Graduation,Divorced,79865.0,0,1,2014-06-18,12,71,99,278,185,121,38,1,5,10,5,1,0,0,0,0,0,0,0,72,2014,6,18,4352,Divorced,3,792,132.0,396.0,21,0.22727272727272727,0.045454545454545456,36.0,0,0.0,0,0,227.83561643835617,39932.5,0.9916610322289835,1.6153846153846154,1,Premium Spenders
1985,Graduation,Married,44322.0,1,0,2014-06-16,30,46,0,40,3,0,3,2,3,0,3,8,0,0,0,0,0,0,0,41,2014,6,16,4354,Married,3,92,15.333333333333334,46.0,8,0.3333333333333333,0.2222222222222222,10.222222222222221,0,0.0,0,0,17.523809523809526,22161.0,0.20756717731200505,2.064516129032258,0,Middle Class Shoppers
1952,Graduation,Single,47958.0,0,1,2013-01-19,8,268,11,88,15,3,22,2,6,3,5,5,0,0,0,0,0,0,0,74,2013,1,19,4867,Single,3,407,67.83333333333333,203.5,16,0.35294117647058826,0.11764705882352941,23.941176470588236,0,0.0,0,0,86.82666666666667,23979.0,0.8486415479889072,8.88888888888889,0,Middle Class Shoppers
1964,Master,Single,63972.0,0,1,2012-12-02,93,928,63,254,0,12,12,4,5,4,10,4,0,1,0,0,0,0,0,62,2012,12,2,4915,Single,4,1269,211.5,634.5,23,0.20833333333333334,0.16666666666666666,52.875,1,0.2,1,0,463.2857142857143,31986.0,1.9836493520704046,0.9787234042553191,1,Premium Spenders
1954,Graduation,Together,75315.0,0,1,2014-04-15,14,459,15,171,142,23,31,2,5,4,12,2,0,0,0,0,0,0,0,72,2014,4,15,4416,Partnered,3,841,140.16666666666666,420.5,23,0.20833333333333334,0.08333333333333333,35.041666666666664,0,0.0,0,0,264.972602739726,37657.5,1.1166286048117267,3.066666666666667,1,Premium Spenders
1950,PhD,Married,55517.0,1,1,2012-09-27,53,483,0,108,0,6,36,5,11,1,6,9,0,0,0,0,0,0,1,76,2012,9,27,4981,Married,5,633,105.5,211.0,23,0.4583333333333333,0.20833333333333334,26.375,0,0.0,0,0,189.07792207792207,18505.666666666668,1.1401707554306713,3.8333333333333335,0,Middle Class Shoppers
1957,PhD,Married,75283.0,1,2,2013-03-27,26,733,9,180,12,19,66,11,6,3,5,4,0,0,0,0,0,0,0,69,2013,3,27,4800,Married,5,1019,169.83333333333334,254.75,25,0.23076923076923078,0.4230769230769231,39.19230769230769,0,0.0,0,0,363.92857142857144,18820.75,1.3535412571064236,3.7037037037037037,1,Premium Spenders
1991,Master,Single,90638.0,0,0,2014-02-13,29,1156,120,915,94,144,96,1,3,4,10,1,0,0,1,0,0,0,1,35,2014,2,13,4477,Single,4,2525,420.8333333333333,2525.0,18,0.15789473684210525,0.05263157894736842,132.89473684210526,1,0.2,1,0,1262.5,90638.0,2.7857765421065985,0.6,2,Ultra Premium
1986,Master,Married,27161.0,1,0,2013-10-28,41,7,4,23,7,0,11,1,1,0,3,7,0,0,0,0,0,0,0,40,2013,10,28,4585,Married,4,52,8.666666666666666,26.0,5,0.16666666666666666,0.16666666666666666,8.666666666666666,0,0.0,0,0,6.341463414634147,13580.5,0.1914439290184817,0.8333333333333334,3,Budget Conscious
1960,PhD,Together,38201.0,0,1,2013-03-29,19,233,0,23,0,0,12,4,5,1,5,8,0,0,0,0,0,0,0,66,2013,3,29,4798,Partnered,5,268,44.666666666666664,134.0,15,0.3125,0.25,16.75,0,0.0,0,0,60.0,19100.5,0.7015339511020365,6.0,3,Budget Conscious
1982,Graduation,Together,45203.0,2,0,2014-03-23,4,35,3,67,10,8,24,1,3,1,3,6,0,0,0,0,0,0,1,44,2014,3,23,4439,Partnered,3,147,24.5,49.0,8,0.3333333333333333,0.1111111111111111,16.333333333333332,0,0.0,0,0,26.133333333333333,15067.666666666666,0.3251924608441731,9.6,0,Middle Class Shoppers
1947,PhD,Together,81574.0,0,0,2014-04-28,89,1252,0,465,46,35,0,1,4,5,8,1,0,1,1,0,0,0,0,79,2014,4,28,4403,Partnered,5,1798,299.6666666666667,1798.0,18,0.21052631578947367,0.05263157894736842,94.63157894736842,2,0.4,1,1,404.55,81574.0,2.2041066503217897,0.2,2,Ultra Premium
1976,Master,Single,60482.0,0,1,2013-01-23,81,255,43,134,37,14,24,1,7,2,7,7,0,0,0,0,0,0,0,50,2013,1,23,4863,Single,4,507,84.5,253.5,17,0.3888888888888889,0.05555555555555555,28.166666666666668,0,0.0,0,0,169.0,30241.0,0.8382520708298199,1.451219512195122,0,Middle Class Shoppers
1956,Graduation,Together,34633.0,2,1,2014-01-23,31,8,1,5,0,0,1,1,1,0,2,6,0,0,0,0,0,0,0,70,2014,1,23,4498,Partnered,3,15,2.5,3.75,4,0.2,0.2,3.0,0,0.0,0,0,0.8450704225352113,8658.25,0.0433100421551077,0.75,3,Budget Conscious
1947,Master,Together,78093.0,0,0,2013-12-11,53,368,32,639,13,43,10,1,4,7,5,1,0,0,0,0,0,0,0,79,2013,12,11,4541,Partnered,4,1105,184.16666666666666,1105.0,17,0.2222222222222222,0.05555555555555555,61.388888888888886,0,0.0,0,0,234.8125,78093.0,1.414961456706021,0.3148148148148148,1,Premium Spenders
1950,Graduation,Divorced,82460.0,0,0,2013-12-02,78,255,47,573,52,32,15,1,5,3,6,1,0,0,0,0,0,0,0,76,2013,12,2,4550,Divorced,3,974,162.33333333333334,974.0,15,0.3125,0.0625,60.875,0,0.0,0,0,189.74025974025975,82460.0,1.18116442924534,0.189873417721519,1,Premium Spenders
1966,Master,Together,45903.0,0,1,2014-04-23,80,33,8,10,2,10,3,2,2,1,3,4,0,0,0,0,0,0,0,60,2014,4,23,4408,Partnered,4,66,11.0,33.0,8,0.2222222222222222,0.2222222222222222,7.333333333333333,0,0.0,0,0,8.655737704918034,22951.5,0.1437783199721157,0.3950617283950617,0,Middle Class Shoppers
1987,Graduation,Divorced,81361.0,0,0,2014-02-25,18,163,23,424,27,65,76,1,3,10,13,1,0,0,0,0,0,0,1,39,2014,2,25,4465,Divorced,3,778,129.66666666666666,778.0,27,0.10714285714285714,0.03571428571428571,27.785714285714285,0,0.0,0,0,525.15,81361.0,0.9562203485656695,1.4210526315789473,1,Premium Spenders
1973,PhD,Divorced,35860.0,1,1,2014-05-19,37,15,0,8,4,2,20,2,1,1,2,5,1,0,0,0,0,0,1,53,2014,5,19,4382,Divorced,5,49,8.166666666666666,16.333333333333332,6,0.14285714285714285,0.2857142857142857,7.0,1,0.2,1,0,5.444444444444445,11953.333333333334,0.1366386882685926,0.7894736842105263,3,Budget Conscious
1952,Master,Together,40442.0,1,1,2012-08-19,52,45,12,52,25,22,13,4,3,1,4,7,0,0,0,0,0,0,1,74,2012,8,19,5020,Partnered,4,169,28.166666666666668,56.333333333333336,12,0.23076923076923078,0.3076923076923077,13.0,0,0.0,0,0,27.04,13480.666666666666,0.4178720668595307,1.5849056603773586,3,Budget Conscious
1965,Graduation,Married,61482.0,0,0,2014-06-27,39,48,58,68,16,66,43,1,3,2,6,2,0,0,0,0,0,0,0,61,2014,6,27,4343,Married,3,299,49.833333333333336,299.0,12,0.23076923076923078,0.07692307692307693,23.0,0,0.0,0,0,57.87096774193548,61482.0,0.48631328985247957,0.6,0,Middle Class Shoppers
1980,Graduation,Married,34968.0,1,0,2013-04-10,11,158,6,45,8,2,2,7,3,2,5,7,0,0,0,0,0,0,0,46,2013,4,10,4786,Married,3,221,36.833333333333336,110.5,17,0.16666666666666666,0.3888888888888889,12.277777777777779,0,0.0,0,0,79.93617021276596,17484.0,0.6319883325230918,9.916666666666666,3,Budget Conscious
1987,Graduation,Married,75794.0,0,0,2013-12-24,33,754,160,625,63,32,48,1,7,5,12,3,0,0,0,1,0,0,0,39,2013,12,24,4528,Married,3,1682,280.3333333333333,1682.0,25,0.2692307692307692,0.038461538461538464,64.6923076923077,1,0.2,1,0,1051.25,75794.0,2.2191437429909624,2.2058823529411766,2,Ultra Premium
1955,Graduation,Married,74268.0,0,0,2013-02-14,83,199,66,315,97,174,41,1,4,3,5,2,0,0,0,0,0,0,0,71,2013,2,14,4841,Married,3,892,148.66666666666666,892.0,13,0.2857142857142857,0.07142857142857142,63.714285714285715,0,0.0,0,0,161.05555555555554,74268.0,1.2010394646487768,0.30952380952380953,1,Premium Spenders
1988,Basic,Together,13724.0,1,0,2012-08-31,43,2,7,5,2,15,27,1,2,0,2,9,1,0,0,0,0,0,0,38,2012,8,31,5008,Partnered,1,58,9.666666666666666,29.0,5,0.3333333333333333,0.16666666666666666,9.666666666666666,1,0.2,1,0,7.435897435897436,6862.0,0.4225865209471767,1.0227272727272727,3,Budget Conscious
1967,PhD,Single,52569.0,0,1,2014-04-05,54,85,0,3,0,0,7,1,2,0,4,3,0,0,0,0,0,0,0,59,2014,4,5,4426,Single,5,95,15.833333333333334,47.5,7,0.25,0.125,11.875,0,0.0,0,0,11.083333333333334,26284.5,0.18071143237587978,0.38181818181818183,0,Middle Class Shoppers
1973,PhD,Single,48432.0,0,1,2012-10-18,3,322,3,50,4,3,42,5,7,1,6,8,0,0,0,0,0,0,1,53,2012,10,18,4960,Single,5,424,70.66666666666667,212.0,19,0.35,0.25,21.2,0,0.0,0,0,149.1851851851852,24216.0,0.8754361695538165,38.0,0,Middle Class Shoppers
1984,Graduation,Single,36108.0,1,0,2013-10-15,68,141,8,129,3,11,47,3,7,1,4,9,1,0,0,0,0,0,0,42,2013,10,15,4598,Single,3,339,56.5,169.5,15,0.4375,0.1875,21.1875,1,0.2,1,0,118.25581395348837,18054.0,0.9388241158713895,1.9565217391304348,3,Budget Conscious
1971,Graduation,Married,76445.0,1,0,2012-09-28,2,739,107,309,140,80,35,1,2,5,13,6,0,0,0,0,0,0,0,55,2012,9,28,4980,Married,3,1410,235.0,705.0,21,0.09090909090909091,0.045454545454545456,64.0909090909091,0,0.0,0,0,528.75,38222.5,1.8444392119927793,42.0,1,Premium Spenders
1975,PhD,Married,36663.0,1,0,2014-04-25,40,18,0,6,3,3,5,1,1,1,3,2,0,0,0,0,0,0,0,51,2014,4,25,4406,Married,5,35,5.833333333333333,17.5,6,0.14285714285714285,0.14285714285714285,5.0,0,0.0,0,0,4.038461538461538,18331.5,0.09546148810822605,0.2926829268292683,3,Budget Conscious
1965,Master,Married,53843.0,0,1,2013-06-27,64,378,0,88,19,4,73,4,8,5,3,7,0,0,0,0,0,0,0,61,2013,6,27,4708,Married,4,562,93.66666666666667,281.0,20,0.38095238095238093,0.19047619047619047,26.761904761904763,0,0.0,0,0,181.29032258064515,26921.5,1.043756035955724,2.1538461538461537,0,Middle Class Shoppers
1956,Master,Married,90226.0,0,0,2012-09-26,26,1083,108,649,253,151,108,1,4,7,12,2,0,0,0,1,0,0,0,70,2012,9,26,4982,Married,4,2352,392.0,2352.0,24,0.16,0.04,94.08,1,0.2,1,0,795.0422535211268,90226.0,2.6067585090937304,1.7777777777777777,2,Ultra Premium
1955,Master,Divorced,70638.0,0,0,2013-06-01,69,1016,12,215,16,12,63,1,4,5,10,3,0,1,0,0,0,0,0,71,2013,6,1,4734,Divorced,4,1334,222.33333333333334,1334.0,20,0.19047619047619047,0.047619047619047616,63.523809523809526,1,0.2,1,0,370.55555555555554,70638.0,1.8884752049151319,0.8571428571428571,2,Ultra Premium
1960,Graduation,Together,44512.0,1,1,2013-08-30,57,23,1,6,0,0,2,2,1,0,3,4,0,0,0,0,0,0,0,66,2013,8,30,4644,Partnered,3,32,5.333333333333333,10.666666666666666,6,0.14285714285714285,0.2857142857142857,4.571428571428571,0,0.0,0,0,2.8656716417910446,14837.333333333334,0.07188911104621122,0.41379310344827586,3,Budget Conscious
1961,Graduation,Married,27116.0,1,1,2014-03-02,78,12,1,21,2,2,3,2,2,0,3,7,0,0,0,0,0,0,0,65,2014,3,2,4460,Married,3,41,6.833333333333333,13.666666666666666,7,0.25,0.25,5.125,0,0.0,0,0,4.348484848484849,9038.666666666666,0.1511966662978943,0.620253164556962,3,Budget Conscious
1963,PhD,Married,54072.0,1,1,2013-07-27,71,35,0,4,0,0,0,1,2,0,2,8,0,0,0,0,0,0,0,63,2013,7,27,4678,Married,5,39,6.5,13.0,5,0.3333333333333333,0.16666666666666666,6.5,0,0.0,0,0,3.046875,18024.0,0.07212472028553991,0.5555555555555556,0,Middle Class Shoppers
1977,Graduation,Married,71855.0,0,1,2013-01-16,59,548,31,422,0,112,28,4,5,5,11,3,0,0,0,0,0,0,0,49,2013,1,16,4870,Married,3,1141,190.16666666666666,570.5,25,0.19230769230769232,0.15384615384615385,43.88461538461539,0,0.0,0,0,570.5,35927.5,1.5878980182587397,1.25,1,Premium Spenders
1990,2n Cycle,Single,51250.0,1,0,2013-03-30,28,342,32,230,34,32,40,5,10,5,4,9,1,0,0,0,0,0,0,36,2013,3,30,4797,Single,2,710,118.33333333333333,355.0,24,0.4,0.2,28.4,1,0.2,1,0,460.5405405405405,25625.0,1.3853388226571188,7.448275862068965,0,Middle Class Shoppers
1973,Master,Married,60432.0,0,1,2014-03-09,61,365,3,15,4,3,11,5,7,2,5,6,0,0,0,0,0,0,0,53,2014,3,9,4453,Married,4,401,66.83333333333333,200.5,19,0.35,0.25,20.05,0,0.0,0,0,141.09259259259258,30216.0,0.6635447520394486,1.8387096774193548,0,Middle Class Shoppers
1978,2n Cycle,Married,12393.0,0,0,2012-12-04,38,5,6,15,11,7,13,1,2,0,3,9,0,0,0,0,0,0,0,48,2012,12,4,4913,Married,2,57,9.5,57.0,6,0.2857142857142857,0.14285714285714285,8.142857142857142,0,0.0,0,0,6.979591836734694,12393.0,0.45989995158947883,1.3846153846153846,3,Budget Conscious
1990,Graduation,Single,64509.0,0,0,2013-08-17,19,836,185,575,24,25,77,1,6,3,9,4,1,0,0,0,0,0,1,36,2013,8,17,4657,Single,3,1722,287.0,1722.0,19,0.3,0.05,86.1,1,0.2,1,0,884.2702702702703,64509.0,2.669353588590916,3.8,2,Ultra Premium
1975,Graduation,Single,33955.0,1,0,2013-08-09,92,100,2,128,23,7,10,4,5,1,5,8,0,0,0,0,0,0,0,51,2013,8,9,4665,Single,3,270,45.0,135.0,15,0.3125,0.25,16.875,0,0.0,0,0,77.88461538461539,16977.5,0.7951466603840264,1.2903225806451613,3,Budget Conscious
1977,Graduation,Married,31353.0,1,1,2013-12-29,24,10,0,10,3,1,7,2,1,1,2,8,0,0,0,0,0,0,1,49,2013,12,29,4523,Married,3,31,5.166666666666667,10.333333333333334,6,0.14285714285714285,0.2857142857142857,4.428571428571429,0,0.0,0,0,3.72,10451.0,0.09887095745359444,1.92,3,Budget Conscious
1984,Graduation,Married,55434.0,1,0,2013-10-05,21,238,115,215,169,69,76,3,5,3,13,4,0,0,0,0,0,0,0,42,2013,10,5,4608,Married,3,882,147.0,441.0,24,0.2,0.12,35.28,0,0.0,0,0,492.27906976744185,27717.0,1.5910525841075132,4.363636363636363,1,Premium Spenders
1983,Graduation,Together,28359.0,1,0,2013-10-27,35,6,0,5,2,1,2,1,1,0,2,7,0,0,0,0,0,0,0,43,2013,10,27,4586,Partnered,3,16,2.6666666666666665,8.0,4,0.2,0.2,3.2,0,0.0,0,0,1.4545454545454546,14179.5,0.05641748942172073,0.7777777777777778,3,Budget Conscious
1987,Graduation,Single,57100.0,1,0,2014-05-18,9,158,11,99,15,11,17,2,3,2,7,3,0,0,0,0,0,0,0,39,2014,5,18,4383,Single,3,311,51.833333333333336,155.5,14,0.2,0.13333333333333333,20.733333333333334,0,0.0,0,0,108.85,28550.0,0.5446489553598011,4.2,0,Middle Class Shoppers
1956,Master,Married,52973.0,0,1,2012-11-08,92,856,0,76,12,9,199,7,9,6,9,8,0,0,0,0,0,0,0,70,2012,11,8,4939,Married,4,1152,192.0,576.0,31,0.28125,0.21875,36.0,0,0.0,0,0,502.98591549295776,26486.5,2.1746517159361196,2.6666666666666665,1,Premium Spenders
1965,PhD,Together,51717.0,0,1,2013-08-20,55,98,1,17,0,1,5,1,3,0,4,7,0,1,0,0,0,0,0,61,2013,8,20,4654,Partnered,5,122,20.333333333333332,61.0,8,0.3333333333333333,0.1111111111111111,13.555555555555555,1,0.2,1,0,15.741935483870968,25858.5,0.23589465949959396,1.0,0,Middle Class Shoppers
1971,Graduation,Married,18793.0,1,0,2013-01-12,14,4,16,20,0,17,20,3,2,0,4,8,0,0,0,0,0,0,0,55,2013,1,12,4874,Married,3,77,12.833333333333334,38.5,9,0.2,0.3,7.7,0,0.0,0,0,12.375,9396.5,0.40970522507183144,4.8,3,Budget Conscious
1959,Graduation,Single,50664.0,1,1,2013-01-16,64,313,8,104,6,4,126,9,8,1,6,9,0,0,0,0,0,0,0,67,2013,1,16,4870,Single,3,561,93.5,187.0,24,0.32,0.36,22.44,0,0.0,0,0,198.0,16888.0,1.1072732655679465,3.3230769230769233,0,Middle Class Shoppers
1963,Graduation,Together,54414.0,1,1,2013-01-23,49,109,18,16,24,26,18,4,3,1,5,4,0,0,0,0,0,0,0,63,2013,1,23,4863,Partnered,3,211,35.166666666666664,70.33333333333333,13,0.21428571428571427,0.2857142857142857,15.071428571428571,0,0.0,0,0,42.859375,18138.0,0.38776072774051273,1.04,0,Middle Class Shoppers
1952,PhD,Married,54549.0,0,1,2014-03-03,8,216,2,6,0,0,9,2,5,1,4,7,0,0,0,0,0,0,0,74,2014,3,3,4459,Married,5,233,38.833333333333336,116.5,12,0.38461538461538464,0.15384615384615385,17.923076923076923,0,0.0,0,0,37.28,27274.5,0.4271310724106325,9.333333333333334,0,Middle Class Shoppers
1971,PhD,Widow,47111.0,0,1,2012-09-08,35,595,71,153,120,112,41,6,3,2,10,9,0,0,0,0,0,0,0,55,2012,9,8,5000,Widowed,5,1092,182.0,546.0,21,0.13636363636363635,0.2727272727272727,49.63636363636363,0,0.0,0,0,409.5,23555.5,2.3178807947019866,5.25,1,Premium Spenders
1963,PhD,Divorced,41003.0,0,0,2013-03-17,11,123,133,142,71,44,88,1,6,2,8,6,0,0,0,0,0,0,0,63,2013,3,17,4810,Divorced,5,601,100.16666666666667,601.0,17,0.3333333333333333,0.05555555555555555,33.388888888888886,0,0.0,0,0,159.640625,41003.0,1.4657106623744025,8.5,0,Middle Class Shoppers
1982,Graduation,Together,19444.0,1,0,2014-02-22,8,16,0,23,3,2,10,3,4,1,2,7,0,0,0,0,0,0,1,44,2014,2,22,4468,Partnered,3,54,9.0,27.0,10,0.36363636363636365,0.2727272727272727,4.909090909090909,0,0.0,0,0,12.0,9722.0,0.27770635124710724,7.777777777777778,3,Budget Conscious
1976,2n Cycle,Together,36301.0,1,0,2013-10-25,53,11,12,35,3,5,12,1,3,0,3,7,0,0,0,0,0,0,0,50,2013,10,25,4588,Partnered,2,78,13.0,39.0,7,0.375,0.125,9.75,0,0.0,0,0,10.705882352941176,18150.5,0.21486419481020327,0.9074074074074074,3,Budget Conscious
1969,PhD,Together,42731.0,1,0,2013-10-21,64,159,2,51,6,2,24,3,4,1,5,5,0,0,0,0,0,0,0,57,2013,10,21,4592,Partnered,5,244,40.666666666666664,122.0,13,0.2857142857142857,0.21428571428571427,17.428571428571427,0,0.0,0,0,54.689655172413794,21365.5,0.5710006552466536,1.0,0,Middle Class Shoppers
1959,PhD,Married,52854.0,1,1,2014-03-24,43,105,0,10,0,1,0,2,2,1,4,5,0,0,0,0,0,0,0,67,2014,3,24,4438,Married,5,116,19.333333333333332,38.666666666666664,9,0.2,0.2,11.6,0,0.0,0,0,15.352941176470589,17618.0,0.2194683568252767,1.0227272727272727,0,Middle Class Shoppers
1978,Graduation,Together,22775.0,1,0,2013-06-19,40,5,1,8,0,0,1,1,1,0,2,8,0,0,0,0,0,0,0,48,2013,6,19,4716,Partnered,3,15,2.5,7.5,4,0.2,0.2,3.0,0,0.0,0,0,1.2244897959183674,11387.5,0.06585879873551106,0.7804878048780488,3,Budget Conscious
1955,PhD,Married,59821.0,0,1,2013-04-12,11,629,0,70,0,0,35,6,11,2,7,8,0,0,0,0,0,0,0,71,2013,4,12,4784,Married,5,734,122.33333333333333,367.0,26,0.4074074074074074,0.2222222222222222,27.185185185185187,0,0.0,0,0,265.05555555555554,29910.5,1.226973354284377,17.333333333333332,0,Middle Class Shoppers
1954,Graduation,Divorced,50002.0,0,1,2013-06-17,21,443,5,71,21,16,82,2,8,2,7,7,0,0,0,0,0,0,0,72,2013,6,17,4718,Divorced,3,638,106.33333333333333,319.0,19,0.4,0.1,31.9,0,0.0,0,0,166.05479452054794,25001.0,1.2759234445933245,6.045454545454546,0,Middle Class Shoppers
1945,Graduation,Married,69755.0,0,0,2013-10-02,23,217,77,373,111,23,93,1,3,6,12,1,0,0,0,0,0,0,0,81,2013,10,2,4611,Married,3,894,149.0,894.0,22,0.13043478260869565,0.043478260869565216,38.869565217391305,0,0.0,0,0,239.85365853658536,69755.0,1.2816101840701875,0.9166666666666666,1,Premium Spenders
1969,Graduation,Married,44078.0,1,1,2014-06-19,17,24,1,10,2,0,4,2,2,0,3,5,0,0,0,0,0,0,0,57,2014,6,19,4351,Married,3,41,6.833333333333333,13.666666666666666,7,0.25,0.25,5.125,0,0.0,0,0,4.948275862068965,14692.666666666666,0.09301481431066948,1.9444444444444444,3,Budget Conscious
1976,Master,Together,30560.0,1,0,2013-06-27,6,9,1,5,4,5,7,1,1,0,3,7,0,0,0,0,0,0,0,50,2013,6,27,4708,Partnered,4,31,5.166666666666667,15.5,5,0.16666666666666666,0.16666666666666666,5.166666666666667,0,0.0,0,0,3.0392156862745097,15280.0,0.10143647131965576,5.0,3,Budget Conscious
1969,Master,Together,35924.0,1,1,2014-03-23,56,8,0,14,2,3,7,1,1,0,3,5,0,0,0,0,0,0,0,57,2014,3,23,4439,Partnered,4,34,5.666666666666667,11.333333333333334,5,0.16666666666666666,0.16666666666666666,5.666666666666667,0,0.0,0,0,2.9310344827586206,11974.666666666666,0.09464161447459987,0.43859649122807015,3,Budget Conscious
1964,PhD,Divorced,64140.0,0,2,2013-09-23,71,1459,0,61,0,15,215,5,2,5,6,5,1,0,1,0,1,0,1,62,2013,9,23,4620,Divorced,5,1750,291.6666666666667,583.3333333333334,18,0.10526315789473684,0.2631578947368421,92.10526315789474,3,0.6,1,1,500.0,21380.0,2.728364072901888,1.25,1,Premium Spenders
1981,Graduation,Together,56386.0,1,1,2012-10-27,51,230,48,214,13,32,75,8,9,1,7,9,0,0,0,0,0,0,0,45,2012,10,27,4951,Partnered,3,612,102.0,204.0,25,0.34615384615384615,0.3076923076923077,23.53846153846154,0,0.0,0,0,332.60869565217394,18795.333333333332,1.0853565538155958,4.326923076923077,0,Middle Class Shoppers
1981,2n Cycle,Together,75774.0,1,0,2014-05-02,27,340,21,134,258,14,56,1,7,5,8,4,0,0,0,0,0,0,0,45,2014,5,2,4399,Partnered,2,823,137.16666666666666,411.5,21,0.3181818181818182,0.045454545454545456,37.40909090909091,0,0.0,0,0,375.7173913043478,37887.0,1.0861101946552294,3.0,1,Premium Spenders
1960,Master,Divorced,39228.0,0,0,2013-05-10,1,7,1,6,0,3,3,1,0,0,3,4,0,0,0,0,0,0,0,66,2013,5,10,4756,Divorced,4,20,3.3333333333333335,20.0,4,0.0,0.2,4.0,0,0.0,0,0,1.1940298507462686,39228.0,0.050982691376277756,8.0,3,Budget Conscious
1974,Master,Married,58494.0,0,1,2013-12-12,56,298,7,68,4,0,19,2,6,2,6,6,0,0,0,0,0,0,0,52,2013,12,12,4540,Married,4,396,66.0,198.0,16,0.35294117647058826,0.11764705882352941,23.294117647058822,0,0.0,0,0,119.54716981132076,29247.0,0.6769809385417557,1.6842105263157894,0,Middle Class Shoppers
1981,Graduation,Single,58684.0,0,0,2014-06-16,71,479,35,179,28,7,85,1,5,3,12,2,0,1,0,0,0,0,0,45,2014,6,16,4354,Single,3,813,135.5,813.0,21,0.22727272727272727,0.045454545454545456,36.95454545454545,1,0.2,1,0,371.1521739130435,58684.0,1.3853625287552185,0.5833333333333334,1,Premium Spenders
1967,Graduation,Divorced,57136.0,0,0,2013-05-18,18,267,140,599,34,12,127,1,7,5,7,6,0,0,0,0,0,0,1,59,2013,5,18,4748,Divorced,3,1179,196.5,1179.0,20,0.3333333333333333,0.047619047619047616,56.142857142857146,0,0.0,0,0,393.0,57136.0,2.063461504804242,6.315789473684211,1,Premium Spenders
1950,PhD,Widow,56551.0,1,1,2014-05-07,48,67,4,32,17,2,16,3,2,1,4,4,0,0,0,0,0,0,0,76,2014,5,7,4394,Widowed,5,138,23.0,46.0,10,0.18181818181818182,0.2727272727272727,12.545454545454545,0,0.0,0,0,17.92207792207792,18850.333333333332,0.2440231998868298,0.8163265306122449,0,Middle Class Shoppers
1982,Graduation,Married,22448.0,1,0,2014-02-26,86,3,1,8,23,2,18,3,2,1,3,3,0,0,0,0,0,0,0,44,2014,2,26,4464,Married,3,55,9.166666666666666,27.5,9,0.2,0.3,5.5,0,0.0,0,0,11.0,11224.0,0.24499977727292974,0.3103448275862069,3,Budget Conscious
1961,Graduation,Single,82014.0,0,0,2012-08-20,48,980,37,265,35,163,31,1,3,6,12,6,0,0,0,0,0,0,1,65,2012,8,20,5019,Single,3,1511,251.83333333333334,1511.0,22,0.13043478260869565,0.043478260869565216,65.69565217391305,0,0.0,0,0,503.6666666666667,82014.0,1.8423459123331098,2.693877551020408,2,Ultra Premium
1963,Graduation,Widow,34213.0,1,1,2012-09-07,2,50,4,28,6,3,26,3,3,1,2,9,0,0,0,0,0,0,1,63,2012,9,7,5001,Widowed,3,117,19.5,39.0,9,0.3,0.3,11.7,0,0.0,0,0,16.453125,11404.333333333334,0.34196527737183613,27.0,3,Budget Conscious
1977,Graduation,Together,94545.1,0,0,2013-04-29,13,1,0,1725,2,1,1,0,0,28,0,1,0,0,0,0,0,0,0,49,2013,4,29,4767,Partnered,3,1730,288.3333333333333,1730.0,28,0.0,0.0,59.6551724137931,0,0.0,0,0,968.8,94545.1,1.829795200436612,2.0,2,Ultra Premium
1947,PhD,Widow,25358.0,0,1,2013-07-22,57,19,0,5,0,0,8,2,1,0,3,6,0,0,0,0,0,0,0,79,2013,7,22,4683,Widowed,5,32,5.333333333333333,16.0,6,0.14285714285714285,0.2857142857142857,4.571428571428571,0,0.0,0,0,2.4,12679.0,0.12618794116487242,0.6206896551724138,3,Budget Conscious
1978,Master,Single,35544.0,1,0,2014-03-08,77,30,5,23,4,1,4,1,2,0,3,7,0,0,0,0,0,0,0,48,2014,3,8,4454,Single,4,67,11.166666666666666,33.5,6,0.2857142857142857,0.14285714285714285,9.571428571428571,0,0.0,0,0,8.204081632653061,17772.0,0.18849345899563932,0.5384615384615384,3,Budget Conscious
1954,Master,Together,36634.0,0,1,2013-05-28,0,213,9,76,4,3,30,3,5,2,5,7,0,0,0,0,0,0,0,72,2013,5,28,4738,Partnered,4,335,55.833333333333336,167.5,15,0.3125,0.1875,20.9375,0,0.0,0,0,68.83561643835617,18317.0,0.9144260952640917,105.0,3,Budget Conscious
1954,PhD,Married,62670.0,0,1,2014-02-02,57,539,30,92,80,46,38,1,5,3,13,3,0,0,0,0,0,0,0,72,2014,2,2,4488,Married,5,825,137.5,412.5,22,0.21739130434782608,0.043478260869565216,35.869565217391305,0,0.0,0,0,248.63013698630138,31335.0,1.3163983341577443,1.1379310344827587,1,Premium Spenders
1972,2n Cycle,Together,50334.0,0,1,2013-07-24,24,284,16,160,84,16,134,6,7,4,6,6,0,0,0,0,0,0,0,54,2013,7,24,4681,Partnered,2,694,115.66666666666667,347.0,23,0.2916666666666667,0.25,28.916666666666668,0,0.0,0,0,290.2181818181818,25167.0,1.3787622926393166,5.52,0,Middle Class Shoppers
1981,Graduation,Single,72066.0,0,0,2014-06-23,55,1003,34,536,134,51,34,1,4,6,6,2,0,0,1,1,0,0,1,45,2014,6,23,4347,Single,3,1792,298.6666666666667,1792.0,17,0.2222222222222222,0.05555555555555555,99.55555555555556,2,0.4,1,1,662.2608695652174,72066.0,2.4865749927151124,0.6071428571428571,2,Ultra Premium
1958,PhD,Single,50729.0,1,1,2013-05-02,62,239,13,143,45,4,52,9,6,2,7,6,0,0,0,0,0,0,0,68,2013,5,2,4764,Single,5,496,82.66666666666667,165.33333333333334,24,0.24,0.36,19.84,0,0.0,0,0,172.52173913043478,16909.666666666668,0.97772521190617,2.2857142857142856,0,Middle Class Shoppers
1968,Graduation,Together,34916.0,2,0,2013-05-15,89,51,23,82,33,0,42,4,5,1,3,9,0,0,0,0,0,0,0,58,2013,5,15,4751,Partnered,3,231,38.5,77.0,13,0.35714285714285715,0.2857142857142857,16.5,0,0.0,0,0,50.898305084745765,11638.666666666666,0.6615688633044076,1.3,3,Budget Conscious
1976,Graduation,Divorced,64892.0,0,1,2014-05-29,77,527,24,230,32,24,65,2,6,4,12,4,0,0,0,0,0,0,0,50,2014,5,29,4372,Divorced,3,902,150.33333333333334,451.0,24,0.24,0.08,36.08,0,0.0,0,0,424.47058823529414,32446.0,1.389980429322115,1.2307692307692308,1,Premium Spenders
1966,Graduation,Single,43602.0,1,1,2014-01-10,45,19,5,12,10,3,19,3,3,1,2,6,0,0,0,0,0,0,0,60,2014,1,10,4511,Single,3,68,11.333333333333334,22.666666666666668,9,0.3,0.3,6.8,0,0.0,0,0,10.032786885245901,14534.0,0.15595257207072907,1.173913043478261,3,Budget Conscious
1985,2n Cycle,Single,41473.0,1,0,2013-06-19,80,21,8,20,15,3,9,1,2,0,3,7,0,0,0,0,0,0,0,41,2013,6,19,4716,Single,2,76,12.666666666666666,38.0,6,0.2857142857142857,0.14285714285714285,10.857142857142858,0,0.0,0,0,10.857142857142858,20736.5,0.18324733568018517,0.5185185185185185,3,Budget Conscious
1967,PhD,Married,63246.0,0,2,2013-08-20,60,593,30,91,29,22,7,1,6,3,12,4,0,0,0,0,0,0,0,59,2013,8,20,4654,Married,5,772,128.66666666666666,257.3333333333333,22,0.2608695652173913,0.043478260869565216,33.56521739130435,0,0.0,0,0,283.06666666666666,21082.0,1.220611254288741,1.4426229508196722,0,Middle Class Shoppers
1959,PhD,Married,36732.0,1,1,2013-12-29,71,21,5,3,10,1,7,3,1,1,4,2,0,0,0,0,0,0,0,67,2013,12,29,4523,Married,5,47,7.833333333333333,15.666666666666666,9,0.1,0.3,4.7,0,0.0,0,0,6.220588235294118,12244.0,0.1279503443769907,0.25,3,Budget Conscious
1985,PhD,Single,37929.0,0,0,2013-07-30,49,202,2,46,3,2,10,2,4,2,5,7,0,1,0,1,0,0,1,41,2013,7,30,4675,Single,5,265,44.166666666666664,265.0,13,0.2857142857142857,0.14285714285714285,18.928571428571427,2,0.4,1,1,82.02380952380952,37929.0,0.6986554178750329,1.82,3,Budget Conscious
1951,Graduation,Together,86610.0,0,0,2013-09-05,66,446,107,768,33,196,53,1,5,6,6,2,0,0,0,0,0,0,0,75,2013,9,5,4638,Partnered,3,1603,267.1666666666667,1603.0,18,0.2631578947368421,0.05263157894736842,84.36842105263158,0,0.0,0,0,379.6578947368421,86610.0,1.850804170370969,0.5373134328358209,2,Ultra Premium
1986,Master,Married,80141.0,0,0,2013-01-11,20,1184,102,673,52,40,40,1,7,4,10,6,0,0,1,0,0,0,1,40,2013,1,11,4875,Married,4,2091,348.5,2091.0,22,0.30434782608695654,0.043478260869565216,90.91304347826087,1,0.2,1,0,1122.0,80141.0,2.609118814104964,6.285714285714286,2,Ultra Premium
1970,Graduation,Married,69016.0,0,1,2012-11-22,61,726,53,363,123,107,161,4,8,9,13,5,0,0,0,0,0,0,0,56,2012,11,22,4925,Married,3,1533,255.5,766.5,34,0.22857142857142856,0.11428571428571428,43.8,0,0.0,0,0,914.421052631579,34508.0,2.221191880261385,2.7419354838709675,1,Premium Spenders
1991,2n Cycle,Together,20193.0,0,0,2012-11-28,18,8,8,22,24,11,9,1,1,1,4,4,0,0,0,0,0,0,0,35,2012,11,28,4919,Partnered,2,82,13.666666666666666,82.0,7,0.125,0.125,10.25,0,0.0,0,0,15.944444444444445,20193.0,0.40606120629890063,1.4736842105263157,3,Budget Conscious
1975,Graduation,Married,27573.0,1,0,2013-03-25,45,50,15,110,39,15,15,4,5,1,4,8,0,0,0,0,0,0,0,51,2013,3,25,4802,Married,3,244,40.666666666666664,122.0,14,0.3333333333333333,0.26666666666666666,16.266666666666666,0,0.0,0,0,65.6923076923077,13786.5,0.8848915645172989,2.4347826086956523,3,Budget Conscious
1979,Basic,Single,15862.0,1,0,2013-06-27,26,1,1,4,11,9,10,1,1,0,3,8,0,0,0,0,0,0,0,47,2013,6,27,4708,Single,1,36,6.0,18.0,5,0.16666666666666666,0.16666666666666666,6.0,0,0.0,0,0,3.75,7931.0,0.2269432011599319,1.4814814814814814,3,Budget Conscious
1976,PhD,Married,49544.0,1,0,2013-02-12,0,308,0,73,0,0,23,2,5,1,8,7,0,0,0,0,0,0,0,50,2013,2,12,4843,Married,5,404,67.33333333333333,202.0,16,0.29411764705882354,0.11764705882352941,23.764705882352942,0,0.0,0,0,126.74509803921569,24772.0,0.8154203249571097,112.0,0,Middle Class Shoppers
1980,Graduation,Married,33228.0,1,0,2014-01-23,28,22,2,31,7,4,5,1,2,0,3,7,0,0,0,0,0,0,0,46,2014,1,23,4498,Married,3,71,11.833333333333334,35.5,6,0.2857142857142857,0.14285714285714285,10.142857142857142,0,0.0,0,0,9.063829787234043,16614.0,0.21366878329170305,1.4482758620689655,3,Budget Conscious
1978,Graduation,Together,70440.0,0,0,2013-10-08,49,690,117,499,76,102,88,1,5,10,7,3,0,0,0,1,0,0,0,48,2013,10,8,4605,Partnered,3,1572,262.0,1572.0,23,0.20833333333333334,0.041666666666666664,65.5,1,0.2,1,0,737.8775510204082,70440.0,2.231654860095683,1.38,2,Ultra Premium
1971,Graduation,Together,38232.0,1,1,2014-01-17,84,43,5,28,7,6,33,4,3,1,3,5,0,0,0,0,0,0,0,55,2014,1,17,4504,Partnered,3,122,20.333333333333332,40.666666666666664,11,0.25,0.3333333333333333,10.166666666666666,0,0.0,0,0,23.964285714285715,12744.0,0.3190960688410535,0.6470588235294118,3,Budget Conscious
1955,PhD,Married,22554.0,1,1,2012-11-03,38,27,0,10,0,0,4,4,2,0,4,5,0,0,0,0,0,0,0,71,2012,11,3,4944,Married,5,41,6.833333333333333,13.666666666666666,10,0.18181818181818182,0.36363636363636365,3.727272727272727,0,0.0,0,0,5.694444444444445,7518.0,0.181777876302372,1.2820512820512822,3,Budget Conscious
1983,PhD,Married,23536.0,1,0,2014-06-04,53,6,0,3,0,0,1,1,0,0,3,3,0,0,0,0,0,0,0,43,2014,6,4,4366,Married,5,10,1.6666666666666667,5.0,4,0.0,0.2,2.0,0,0.0,0,0,0.9090909090909091,11768.0,0.04248629816884055,0.2222222222222222,3,Budget Conscious
1952,Graduation,Married,49413.0,0,1,2013-10-25,88,205,7,41,3,2,46,2,4,2,5,5,0,0,0,0,0,0,0,74,2013,10,25,4588,Married,3,304,50.666666666666664,152.0,13,0.2857142857142857,0.14285714285714285,21.714285714285715,0,0.0,0,0,52.693333333333335,24706.5,0.6152102642975675,0.7303370786516854,0,Middle Class Shoppers
1969,Graduation,Married,42231.0,1,1,2014-03-25,99,24,0,8,0,1,4,1,1,0,3,5,0,0,0,0,0,0,0,57,2014,3,25,4437,Married,3,37,6.166666666666667,12.333333333333334,5,0.16666666666666666,0.16666666666666666,6.166666666666667,0,0.0,0,0,3.189655172413793,14077.0,0.08761129001704868,0.25,3,Budget Conscious
1980,Master,Divorced,78789.0,0,0,2012-08-08,12,667,50,850,21,83,83,1,4,6,5,2,0,0,0,0,0,0,1,46,2012,8,8,5031,Divorced,4,1754,292.3333333333333,1754.0,16,0.23529411764705882,0.058823529411764705,103.17647058823529,0,0.0,0,0,597.1063829787234,78789.0,2.2261708338621653,2.4615384615384617,2,Ultra Premium
1968,Graduation,Together,56534.0,0,1,2013-07-23,35,691,7,61,10,0,46,4,10,4,7,8,0,1,0,0,1,0,1,58,2013,7,23,4682,Partnered,3,815,135.83333333333334,407.5,25,0.38461538461538464,0.15384615384615385,31.346153846153847,2,0.4,1,1,345.33898305084745,28267.0,1.4415848589369415,5.555555555555555,0,Middle Class Shoppers
1971,Graduation,Single,58350.0,0,1,2013-01-04,5,493,26,206,116,80,80,4,8,3,12,6,0,0,0,0,0,0,0,55,2013,1,4,4882,Single,3,1001,166.83333333333334,500.5,27,0.2857142857142857,0.14285714285714285,35.75,0,0.0,0,0,482.625,29175.0,1.7154804544909257,27.0,1,Premium Spenders
1951,Graduation,Single,49090.0,0,1,2013-07-19,45,494,5,82,7,0,100,3,7,2,9,7,0,0,0,0,0,0,0,75,2013,7,19,4686,Single,3,688,114.66666666666667,344.0,21,0.3181818181818182,0.13636363636363635,31.272727272727273,0,0.0,0,0,190.10526315789474,24545.0,1.4014788861502108,3.1956521739130435,0,Middle Class Shoppers
1987,Master,Divorced,61787.0,0,0,2013-07-06,71,621,73,414,78,48,85,1,8,4,6,5,0,0,0,0,0,0,0,39,2013,7,6,4699,Divorced,4,1319,219.83333333333334,1319.0,19,0.4,0.05,65.95,0,0.0,0,0,626.525,61787.0,2.134718715608209,1.3194444444444444,1,Premium Spenders
1985,PhD,Married,18169.0,1,0,2013-02-19,40,9,0,5,0,0,7,1,1,0,2,8,0,0,0,0,0,0,0,41,2013,2,19,4836,Married,5,21,3.5,10.5,4,0.2,0.2,4.2,0,0.0,0,0,2.0,9084.5,0.11557512383048982,0.7804878048780488,3,Budget Conscious
1981,2n Cycle,Single,24336.0,1,0,2012-08-27,82,1,6,2,8,2,12,1,1,0,2,7,0,0,0,0,0,0,0,45,2012,8,27,5012,Single,2,31,5.166666666666667,15.5,4,0.2,0.2,6.2,0,0.0,0,0,2.6956521739130435,12168.0,0.12737806631877388,0.3373493975903614,3,Budget Conscious
1990,Graduation,Married,18222.0,0,0,2012-12-31,70,12,4,19,12,6,14,1,2,0,3,8,0,0,0,0,0,0,0,36,2012,12,31,4886,Married,3,67,11.166666666666666,67.0,6,0.2857142857142857,0.14285714285714285,9.571428571428571,0,0.0,0,0,10.864864864864865,18222.0,0.3676672337156341,0.676056338028169,3,Budget Conscious
1952,Graduation,Divorced,62335.0,0,1,2013-05-23,87,243,131,217,85,6,26,2,3,3,13,2,0,0,0,0,0,0,0,74,2013,5,23,4743,Divorced,3,708,118.0,354.0,21,0.13636363636363635,0.09090909090909091,32.18181818181818,0,0.0,0,0,198.24,31167.5,1.1357802874743326,0.4772727272727273,0,Middle Class Shoppers
1971,2n Cycle,Together,42033.0,1,1,2012-09-19,95,11,1,4,2,0,7,1,1,0,2,7,0,0,0,0,0,0,0,55,2012,9,19,4989,Partnered,2,25,4.166666666666667,8.333333333333334,4,0.2,0.2,5.0,0,0.0,0,0,1.7857142857142858,14011.0,0.059475662558880905,0.2916666666666667,3,Budget Conscious
1983,PhD,Married,86580.0,0,0,2013-02-27,72,532,21,127,26,20,20,0,4,2,5,1,0,0,1,0,0,0,0,43,2013,2,27,4828,Married,5,746,124.33333333333333,746.0,11,0.3333333333333333,0.0,62.166666666666664,1,0.2,1,0,186.5,86580.0,0.8616209098994005,0.1506849315068493,1,Premium Spenders
1957,PhD,Divorced,41437.0,1,1,2012-09-22,5,29,0,2,0,0,1,1,1,0,3,7,0,0,0,0,0,0,0,69,2012,9,22,4986,Divorced,5,32,5.333333333333333,10.666666666666666,5,0.16666666666666666,0.16666666666666666,5.333333333333333,0,0.0,0,0,2.2857142857142856,13812.333333333334,0.07722380423765626,5.833333333333333,3,Budget Conscious
1951,Master,Widow,73705.0,0,2,2014-03-05,86,612,91,520,258,107,107,2,9,6,8,5,0,0,0,0,0,0,0,75,2014,3,5,4457,Widowed,4,1695,282.5,565.0,25,0.34615384615384615,0.07692307692307693,65.1923076923077,0,0.0,0,0,557.5657894736842,24568.333333333332,2.2996770954874775,1.4367816091954022,1,Premium Spenders
1976,Graduation,Married,61064.0,0,1,2012-08-31,80,387,126,342,0,45,180,5,8,4,11,6,0,0,0,0,0,0,0,50,2012,8,31,5008,Married,3,1080,180.0,540.0,28,0.27586206896551724,0.1724137931034483,37.241379310344826,0,0.0,0,0,592.9411764705883,30532.0,1.7686072218128224,2.074074074074074,1,Premium Spenders
1989,Graduation,Single,18358.0,1,0,2013-11-20,49,6,8,19,16,4,4,3,3,0,4,7,0,0,0,0,0,0,0,37,2013,11,20,4562,Single,3,57,9.5,28.5,10,0.2727272727272727,0.2727272727272727,5.181818181818182,0,0.0,0,0,15.0,9179.0,0.3104744267116945,1.4,3,Budget Conscious
1973,PhD,Together,55012.0,0,1,2014-03-21,85,582,0,65,0,0,13,6,8,2,9,5,0,0,0,0,0,0,0,53,2014,3,21,4441,Partnered,5,660,110.0,330.0,25,0.3076923076923077,0.23076923076923078,25.384615384615383,0,0.0,0,0,305.55555555555554,27506.0,1.1997164306618435,1.4534883720930232,0,Middle Class Shoppers
1973,Basic,Together,9722.0,1,0,2012-10-02,7,6,17,16,6,16,42,4,3,1,3,8,0,0,0,0,0,0,1,53,2012,10,2,4976,Partnered,1,103,17.166666666666668,51.5,11,0.25,0.3333333333333333,8.583333333333334,0,0.0,0,0,20.98148148148148,4861.0,1.0593438239226576,11.0,3,Budget Conscious
1984,PhD,Married,38175.0,1,0,2013-09-23,6,70,6,69,2,3,3,3,3,1,4,7,0,0,0,0,0,0,0,42,2013,9,23,4620,Married,5,153,25.5,76.5,11,0.25,0.25,12.75,0,0.0,0,0,39.13953488372093,19087.5,0.4007753562447611,11.0,3,Budget Conscious
1956,Master,Together,58656.0,0,1,2012-09-20,25,962,12,194,16,24,12,4,7,8,13,6,0,0,1,0,0,0,0,70,2012,9,20,4988,Partnered,4,1220,203.33333333333334,610.0,32,0.21212121212121213,0.12121212121212122,36.96969696969697,1,0.2,1,0,549.8591549295775,29328.0,2.0798881633905584,7.384615384615385,1,Premium Spenders
1965,Graduation,Together,52117.0,0,1,2012-08-16,55,112,10,107,30,0,20,2,5,2,4,7,0,0,0,0,0,0,0,61,2012,8,16,5023,Partnered,3,279,46.5,139.5,13,0.35714285714285715,0.14285714285714285,19.928571428571427,0,0.0,0,0,58.5,26058.5,0.5353236885528992,1.625,0,Middle Class Shoppers
1978,Graduation,Married,64813.0,1,0,2014-01-02,81,293,0,124,179,97,52,1,7,2,10,5,0,0,0,0,0,0,0,48,2014,1,2,4519,Married,3,745,124.16666666666667,372.5,20,0.3333333333333333,0.047619047619047616,35.476190476190474,0,0.0,0,0,304.0816326530612,32406.5,1.149443021569414,1.2195121951219512,1,Premium Spenders
1973,PhD,Married,54222.0,0,1,2014-03-01,98,199,12,31,3,12,7,1,3,3,5,3,0,0,0,0,0,0,0,53,2014,3,1,4461,Married,5,264,44.0,132.0,12,0.23076923076923078,0.07692307692307693,20.307692307692307,0,0.0,0,0,58.666666666666664,27111.0,0.48687826199214357,0.36363636363636365,0,Middle Class Shoppers
1986,Graduation,Married,83512.0,0,0,2014-06-17,31,1060,61,835,80,20,101,1,4,7,10,1,1,0,1,1,1,0,1,40,2014,6,17,4353,Married,3,2157,359.5,2157.0,22,0.17391304347826086,0.043478260869565216,93.78260869565217,4,0.8,1,1,1157.4146341463415,83512.0,2.5828314154682506,0.6875,2,Ultra Premium
1959,Master,Married,77520.0,0,1,2013-08-28,30,940,44,396,0,88,58,1,8,7,7,4,1,0,1,1,0,0,1,67,2013,8,28,4646,Married,4,1526,254.33333333333334,763.0,23,0.3333333333333333,0.041666666666666664,63.583333333333336,3,0.6,1,1,516.1470588235294,38760.0,1.9684988583738598,2.967741935483871,1,Premium Spenders
1978,Graduation,Together,41154.0,0,1,2013-04-09,98,44,2,11,2,3,7,1,1,0,4,5,0,0,0,0,0,0,0,48,2013,4,9,4787,Partnered,3,69,11.5,34.5,6,0.14285714285714285,0.14285714285714285,9.857142857142858,0,0.0,0,0,8.448979591836734,20577.0,0.16765885068642936,0.30303030303030304,3,Budget Conscious
1966,Graduation,Married,80398.0,0,0,2012-11-10,92,342,51,936,207,35,26,1,5,8,12,3,0,0,1,0,0,0,0,60,2012,11,10,4937,Married,3,1597,266.1666666666667,1597.0,26,0.18518518518518517,0.037037037037037035,59.148148148148145,1,0.2,1,0,680.688524590164,80398.0,1.9863431137203198,0.8387096774193549,2,Ultra Premium
1992,Basic,Single,18746.0,1,0,2014-05-29,41,2,10,11,12,9,20,2,3,0,3,6,0,0,0,0,0,0,0,34,2014,5,29,4372,Single,1,64,10.666666666666666,32.0,8,0.3333333333333333,0.2222222222222222,7.111111111111111,0,0.0,0,0,14.628571428571428,9373.0,0.3413879554061983,1.1428571428571428,3,Budget Conscious
1984,Graduation,Together,35196.0,1,0,2012-11-13,68,75,12,141,43,39,187,6,6,1,5,8,0,0,0,0,0,0,0,42,2012,11,13,4934,Partnered,3,497,82.83333333333333,248.5,18,0.3157894736842105,0.3157894736842105,26.157894736842106,0,0.0,0,0,208.04651162790697,17598.0,1.412052163536665,2.0869565217391304,3,Budget Conscious
1956,Graduation,Single,60230.0,0,1,2013-05-20,78,520,20,367,39,81,40,2,6,3,6,5,0,0,0,0,0,0,0,70,2013,5,20,4746,Single,3,1067,177.83333333333334,533.5,17,0.3333333333333333,0.1111111111111111,59.27777777777778,0,0.0,0,0,255.4788732394366,30115.0,1.7715130082515649,1.0759493670886076,1,Premium Spenders
1977,Graduation,Married,22108.0,1,1,2014-05-08,46,5,3,9,6,2,6,2,2,0,3,7,0,0,0,0,0,0,0,49,2014,5,8,4393,Married,3,31,5.166666666666667,10.333333333333334,7,0.25,0.25,3.875,0,0.0,0,0,4.34,7369.333333333333,0.14021439232891583,1.0425531914893618,3,Budget Conscious
1974,Graduation,Together,44392.0,1,1,2013-09-05,71,87,5,71,7,12,29,5,4,1,4,7,0,0,0,0,0,0,0,52,2013,9,5,4638,Partnered,3,211,35.166666666666664,70.33333333333333,14,0.26666666666666666,0.3333333333333333,14.066666666666666,0,0.0,0,0,55.735849056603776,14797.333333333334,0.47530015993512487,1.3611111111111112,0,Middle Class Shoppers
1976,PhD,Married,55424.0,0,1,2012-11-25,6,462,61,184,10,53,107,4,7,5,9,6,1,0,0,0,0,0,1,50,2012,11,25,4922,Married,5,877,146.16666666666666,438.5,25,0.2692307692307692,0.15384615384615385,33.73076923076923,1,0.2,1,0,429.9019607843137,27712.0,1.5823184483536308,21.428571428571427,1,Premium Spenders
1979,Graduation,Married,17688.0,1,0,2013-01-13,82,2,2,1,3,1,2,1,1,0,2,8,0,0,0,0,0,1,0,47,2013,1,13,4873,Married,3,11,1.8333333333333333,5.5,4,0.2,0.2,2.2,0,0.0,0,0,0.9166666666666666,8844.0,0.06218553903555882,0.3855421686746988,3,Budget Conscious
1983,PhD,Married,92491.0,0,0,2013-05-01,71,979,44,935,29,25,22,1,7,5,12,3,0,1,1,1,0,0,1,43,2013,5,1,4765,Married,5,2034,339.0,2034.0,25,0.2692307692307692,0.038461538461538464,78.23076923076923,3,0.6,1,1,1155.6818181818182,92491.0,2.1991091121394284,1.0416666666666667,2,Ultra Premium
1991,Graduation,Single,90273.0,0,0,2013-12-14,32,704,129,853,120,74,111,1,5,6,7,2,0,1,1,1,0,0,1,35,2013,12,14,4538,Single,3,1991,331.8333333333333,1991.0,19,0.25,0.05,99.55,3,0.6,1,1,1050.8055555555557,90273.0,2.2055076766289297,1.1515151515151516,2,Ultra Premium
1962,PhD,Widow,82571.0,0,0,2014-04-02,28,861,31,558,62,95,79,0,6,5,13,2,0,0,1,0,0,0,0,64,2014,4,2,4429,Widowed,5,1686,281.0,1686.0,24,0.24,0.0,67.44,1,0.2,1,0,622.5230769230769,82571.0,2.041854381630577,1.6551724137931034,2,Ultra Premium
1982,PhD,Single,38513.0,1,0,2014-01-28,20,172,3,115,16,0,18,5,6,1,5,8,0,0,0,0,0,0,1,44,2014,1,28,4493,Single,5,324,54.0,162.0,17,0.3333333333333333,0.2777777777777778,18.0,0,0.0,0,0,122.4,19256.5,0.84125253154697,6.476190476190476,3,Budget Conscious
1979,Master,Single,16653.0,1,0,2014-04-18,10,5,7,31,15,4,7,3,2,1,3,6,0,0,0,0,0,0,1,47,2014,4,18,4413,Single,4,69,11.5,34.5,9,0.2,0.3,6.9,0,0.0,0,0,12.9375,8326.5,0.41431487930827426,4.909090909090909,3,Budget Conscious
1955,Graduation,Together,42586.0,1,1,2012-10-29,7,194,2,56,0,0,0,5,4,1,6,8,0,0,0,0,0,0,1,71,2012,10,29,4949,Partnered,3,252,42.0,84.0,16,0.23529411764705882,0.29411764705882354,14.823529411764707,0,0.0,0,0,56.0,14195.333333333334,0.5917298706177941,16.0,0,Middle Class Shoppers
1965,Basic,Single,23529.0,0,1,2013-01-07,67,9,7,13,3,2,20,1,1,1,2,6,0,0,0,0,0,0,0,61,2013,1,7,4879,Single,1,54,9.0,27.0,5,0.16666666666666666,0.16666666666666666,9.0,0,0.0,0,0,4.354838709677419,11764.5,0.22949426264343392,0.4411764705882353,3,Budget Conscious
1951,Graduation,Married,71107.0,0,1,2013-02-17,61,533,10,217,198,174,195,2,7,6,13,4,0,0,0,0,0,0,0,75,2013,2,17,4838,Married,3,1327,221.16666666666666,663.5,28,0.2413793103448276,0.06896551724137931,45.758620689655174,0,0.0,0,0,488.89473684210526,35553.5,1.866175395173539,1.8064516129032258,1,Premium Spenders
1964,PhD,Together,46910.0,1,1,2014-03-23,36,48,0,14,0,0,6,2,2,0,3,6,0,0,0,0,0,0,0,62,2014,3,23,4439,Partnered,5,68,11.333333333333334,22.666666666666668,7,0.25,0.25,8.5,0,0.0,0,0,7.555555555555555,15636.666666666666,0.1449553409648057,1.135135135135135,0,Middle Class Shoppers
1955,Graduation,Divorced,37244.0,1,1,2013-04-27,90,18,2,10,0,0,25,1,1,1,2,7,1,0,0,0,0,0,0,71,2013,4,27,4769,Divorced,3,55,9.166666666666666,18.333333333333332,5,0.16666666666666666,0.16666666666666666,9.166666666666666,1,0.2,1,0,3.8194444444444446,12414.666666666666,0.14767082829910055,0.38461538461538464,3,Budget Conscious
1966,Graduation,Together,82427.0,0,0,2014-03-12,35,482,147,509,104,107,107,1,3,5,12,1,0,0,1,0,0,0,0,60,2014,3,12,4450,Partnered,3,1456,242.66666666666666,1456.0,21,0.13636363636363635,0.045454545454545456,66.18181818181819,1,0.2,1,0,501.24590163934425,82427.0,1.7663900616295434,0.5833333333333334,2,Ultra Premium
1958,2n Cycle,Single,75342.0,0,1,2013-05-06,38,204,97,97,21,118,26,1,5,2,10,4,0,0,0,0,0,0,0,68,2013,5,6,4760,Single,2,563,93.83333333333333,281.5,18,0.2631578947368421,0.05263157894736842,29.63157894736842,0,0.0,0,0,146.8695652173913,37671.0,0.7472492467780683,1.8461538461538463,0,Middle Class Shoppers
1954,Graduation,Divorced,70044.0,0,1,2013-02-18,46,1073,0,250,153,14,14,4,7,10,5,5,0,0,0,0,0,0,0,72,2013,2,18,4837,Divorced,3,1504,250.66666666666666,752.0,26,0.25925925925925924,0.14814814814814814,55.7037037037037,0,0.0,0,0,535.6712328767123,35022.0,2.1471910914412162,2.765957446808511,1,Premium Spenders
1963,Graduation,Married,77437.0,0,0,2013-11-26,70,560,21,442,29,44,29,1,4,5,13,1,0,0,1,0,0,0,0,63,2013,11,26,4556,Married,3,1125,187.5,1125.0,23,0.16666666666666666,0.041666666666666664,46.875,1,0.2,1,0,404.296875,77437.0,1.452775123324466,0.323943661971831,1,Premium Spenders
1959,Graduation,Married,54984.0,0,1,2014-05-24,51,173,13,131,32,3,6,4,6,1,6,7,0,0,0,1,0,0,0,67,2014,5,24,4377,Married,3,358,59.666666666666664,179.0,17,0.3333333333333333,0.2222222222222222,19.88888888888889,1,0.2,1,0,89.5,27492.0,0.6510866599981813,2.2884615384615383,0,Middle Class Shoppers
1971,PhD,Married,42403.0,1,0,2013-12-11,18,22,1,11,0,5,3,1,1,0,3,8,0,0,0,0,0,0,0,55,2013,12,11,4541,Married,5,42,7.0,21.0,5,0.16666666666666666,0.16666666666666666,7.0,0,0.0,0,0,3.75,21201.5,0.09904725969248185,2.1052631578947367,3,Budget Conscious
1964,Graduation,Together,55761.0,0,1,2014-04-24,97,136,1,12,0,3,32,2,4,1,3,6,0,1,0,0,0,0,0,62,2014,4,24,4407,Partnered,3,184,30.666666666666668,92.0,10,0.36363636363636365,0.18181818181818182,16.727272727272727,1,0.2,1,0,29.206349206349206,27880.5,0.329973817294932,0.6122448979591837,0,Middle Class Shoppers
1983,Graduation,Together,37292.0,1,0,2013-04-18,32,275,0,86,10,23,66,5,6,3,5,8,0,0,0,0,0,0,0,43,2013,4,18,4778,Partnered,3,460,76.66666666666667,230.0,19,0.3,0.25,23.0,0,0.0,0,0,198.63636363636363,18646.0,1.2334754511570536,4.606060606060606,0,Middle Class Shoppers
1945,PhD,Single,45576.0,0,0,2014-05-28,9,56,19,29,2,14,25,1,3,1,3,8,0,0,0,0,0,0,1,81,2014,5,28,4373,Single,5,145,24.166666666666668,145.0,8,0.3333333333333333,0.1111111111111111,16.11111111111111,0,0.0,0,0,14.146341463414634,45576.0,0.31814292296553087,6.4,0,Middle Class Shoppers
1947,Graduation,Together,70321.0,0,0,2013-01-16,6,303,23,751,82,26,191,1,6,5,13,4,0,0,0,0,0,0,1,79,2013,1,16,4870,Partnered,3,1376,229.33333333333334,1376.0,25,0.23076923076923078,0.038461538461538464,52.92307692307692,0,0.0,0,0,430.0,70321.0,1.9567134040556298,14.285714285714286,2,Ultra Premium
1969,PhD,Divorced,58086.0,0,1,2013-01-20,80,708,7,62,0,0,15,2,11,3,7,8,0,0,0,0,0,0,0,57,2013,1,20,4866,Divorced,5,792,132.0,396.0,23,0.4583333333333333,0.08333333333333333,33.0,0,0.0,0,0,314.0689655172414,29043.0,1.3634720333293164,2.271604938271605,0,Middle Class Shoppers
1952,Graduation,Married,81795.0,0,0,2012-10-26,74,324,132,693,27,118,88,1,4,11,7,2,0,0,0,0,0,0,0,74,2012,10,26,4952,Married,3,1382,230.33333333333334,1382.0,23,0.16666666666666666,0.041666666666666664,57.583333333333336,0,0.0,0,0,423.81333333333333,81795.0,1.6895691720866544,0.6133333333333333,2,Ultra Premium
1947,Basic,Together,28389.0,0,0,2012-11-20,49,1,5,3,7,4,8,1,1,0,2,7,0,0,0,0,0,0,0,79,2012,11,20,4927,Partnered,1,28,4.666666666666667,28.0,4,0.2,0.2,5.6,0,0.0,0,0,1.4,28389.0,0.0986262768580486,0.56,3,Budget Conscious
1969,Graduation,Divorced,69901.0,0,1,2013-05-29,95,312,21,206,102,92,149,3,7,3,10,5,0,0,0,0,0,0,0,57,2013,5,29,4737,Divorced,3,882,147.0,441.0,23,0.2916666666666667,0.125,36.75,0,0.0,0,0,349.7586206896552,34950.5,1.2617664730622873,1.1979166666666667,1,Premium Spenders
1949,PhD,Married,80360.0,0,0,2013-03-03,56,1493,86,454,112,43,43,2,4,4,5,2,0,1,1,1,0,0,0,77,2013,3,3,4824,Married,5,2231,371.8333333333333,2231.0,15,0.25,0.125,139.4375,3,0.6,1,1,429.03846153846155,80360.0,2.776222296885305,0.5263157894736842,2,Ultra Premium
1961,PhD,Together,63342.0,0,1,2012-10-16,48,918,21,118,13,10,21,3,8,3,5,6,0,1,0,0,0,0,1,65,2012,10,16,4962,Partnered,5,1101,183.5,550.5,19,0.4,0.15,55.05,1,0.2,1,0,316.95454545454544,31671.0,1.7381557551742102,2.326530612244898,1,Premium Spenders
1980,2n Cycle,Single,31859.0,1,0,2014-02-27,3,3,4,7,15,8,11,1,1,0,3,7,0,0,0,0,0,0,0,46,2014,2,27,4463,Single,2,48,8.0,24.0,5,0.16666666666666666,0.16666666666666666,8.0,0,0.0,0,0,5.1063829787234045,15929.5,0.15065913370998116,8.75,3,Budget Conscious
1949,PhD,Widow,51569.0,0,1,2013-02-12,39,380,0,47,6,0,34,4,7,1,7,8,0,1,0,0,0,0,1,77,2013,2,12,4843,Widowed,5,467,77.83333333333333,233.5,19,0.35,0.2,23.35,1,0.2,1,0,113.75641025641026,25784.5,0.9055652511149894,3.8,0,Middle Class Shoppers
1979,Basic,Single,16014.0,1,1,2013-03-17,42,3,9,4,7,8,7,4,1,1,4,3,0,0,0,0,0,0,0,47,2013,3,17,4810,Single,1,38,6.333333333333333,12.666666666666666,10,0.09090909090909091,0.36363636363636365,3.4545454545454546,0,0.0,0,0,7.916666666666667,5338.0,0.2372775522947237,0.6976744186046512,3,Budget Conscious
1968,Graduation,Married,41120.0,1,1,2013-11-06,80,24,2,23,0,8,24,3,2,1,3,6,0,0,0,0,0,0,0,58,2013,11,6,4576,Married,3,81,13.5,27.0,9,0.2,0.3,8.1,0,0.0,0,0,12.35593220338983,13706.666666666666,0.1969796454366382,0.6666666666666666,3,Budget Conscious
1971,Master,Single,39763.0,1,0,2013-08-04,9,80,1,60,4,6,16,2,5,1,2,9,0,0,0,0,0,0,1,55,2013,8,4,4670,Single,4,167,27.833333333333332,83.5,10,0.45454545454545453,0.18181818181818182,15.181818181818182,0,0.0,0,0,29.821428571428573,19881.5,0.41997786942963483,9.0,3,Budget Conscious
1955,PhD,Married,38725.0,1,1,2014-05-10,52,31,0,6,2,1,5,2,1,0,4,4,0,0,0,0,0,0,0,71,2014,5,10,4391,Married,5,45,7.5,15.0,7,0.125,0.25,5.625,0,0.0,0,0,4.375,12908.333333333334,0.11620100191086093,0.5283018867924528,3,Budget Conscious
1972,Graduation,Married,77981.0,1,0,2013-05-26,78,138,120,204,16,126,60,3,7,4,7,5,0,0,0,0,0,0,0,54,2013,5,26,4740,Married,3,664,110.66666666666667,332.0,21,0.3181818181818182,0.13636363636363635,30.181818181818183,0,0.0,0,0,253.52727272727273,38990.5,0.8514785463312047,1.3291139240506329,1,Premium Spenders
1964,2n Cycle,Married,62905.0,0,1,2013-09-10,68,166,75,96,119,107,59,3,7,2,8,4,0,0,0,0,0,0,0,62,2013,9,10,4633,Married,2,622,103.66666666666667,311.0,20,0.3333333333333333,0.14285714285714285,29.61904761904762,0,0.0,0,0,197.46031746031747,31452.5,0.9887769052236671,1.1594202898550725,0,Middle Class Shoppers
1979,2n Cycle,Divorced,13533.0,1,0,2013-03-10,45,12,3,8,8,0,17,2,2,0,3,7,0,0,0,0,0,0,0,47,2013,3,10,4817,Divorced,2,48,8.0,24.0,7,0.25,0.25,6.0,0,0.0,0,0,7.0,6766.5,0.35466233190483226,1.065217391304348,3,Budget Conscious
1975,Graduation,Together,59481.0,0,1,2013-10-23,47,178,3,85,71,66,58,2,3,3,8,2,0,0,0,0,0,0,0,51,2013,10,23,4590,Partnered,3,461,76.83333333333333,230.5,16,0.17647058823529413,0.11764705882352941,27.11764705882353,0,0.0,0,0,141.84615384615384,29740.5,0.7750243771224908,0.6666666666666666,0,Middle Class Shoppers
1977,Graduation,Married,72117.0,0,1,2013-08-20,34,707,20,171,65,60,50,1,9,7,9,5,0,0,0,0,0,0,0,49,2013,8,20,4654,Married,3,1073,178.83333333333334,536.5,26,0.3333333333333333,0.037037037037037035,39.74074074074074,0,0.0,0,0,557.96,36058.5,1.48783937435869,3.7142857142857144,1,Premium Spenders
1986,2n Cycle,Married,21955.0,1,0,2013-09-07,81,5,1,7,17,14,11,2,2,1,3,6,0,0,0,0,0,0,0,40,2013,9,7,4636,Married,2,55,9.166666666666666,27.5,8,0.2222222222222222,0.2222222222222222,6.111111111111111,0,0.0,0,0,10.731707317073171,10977.5,0.250501002004008,0.5853658536585366,3,Budget Conscious
1956,Graduation,Married,67131.0,0,1,2013-03-26,72,465,71,250,93,35,62,3,9,2,12,6,0,0,0,0,0,0,0,70,2013,3,26,4801,Married,3,976,162.66666666666666,488.0,26,0.3333333333333333,0.1111111111111111,36.148148148148145,0,0.0,0,0,357.40845070422534,33565.5,1.45385211225645,2.136986301369863,1,Premium Spenders
1980,PhD,Single,36802.0,1,0,2014-06-16,23,16,1,2,0,0,1,1,1,0,3,5,0,0,0,0,0,0,0,46,2014,6,16,4354,Single,5,20,3.3333333333333335,10.0,5,0.16666666666666666,0.16666666666666666,3.3333333333333335,0,0.0,0,0,2.127659574468085,18401.0,0.05434339591881097,1.0416666666666667,3,Budget Conscious
1975,Master,Married,47808.0,0,1,2013-10-20,30,123,1,26,2,0,72,2,3,2,3,7,1,0,0,0,0,0,0,51,2013,10,20,4593,Married,4,224,37.333333333333336,112.0,10,0.2727272727272727,0.18181818181818182,20.363636363636363,1,0.2,1,0,43.07692307692308,23904.0,0.46853102972243715,2.2580645161290325,0,Middle Class Shoppers
1974,PhD,Divorced,25509.0,1,0,2012-09-18,15,40,3,30,10,7,11,3,3,0,3,9,0,0,0,0,0,0,1,52,2012,9,18,4990,Divorced,5,101,16.833333333333332,50.5,9,0.3,0.3,10.1,0,0.0,0,0,17.150943396226417,12754.5,0.3959231673853391,5.0625,3,Budget Conscious
1952,PhD,Together,85431.0,0,0,2013-06-08,54,376,53,462,168,53,53,1,2,7,7,0,0,0,0,0,0,0,0,74,2013,6,8,4727,Partnered,5,1165,194.16666666666666,1165.0,17,0.1111111111111111,0.05555555555555555,64.72222222222223,0,0.0,0,0,264.06666666666666,85431.0,1.3636576458469896,0.0,1,Premium Spenders
1967,Graduation,Married,42664.0,0,1,2014-03-18,44,21,0,3,0,0,0,1,1,0,3,6,0,0,0,0,0,0,0,59,2014,3,18,4444,Married,3,24,4.0,12.0,5,0.16666666666666666,0.16666666666666666,4.0,0,0.0,0,0,2.0,21332.0,0.05625219735145904,0.6666666666666666,3,Budget Conscious
1977,PhD,Married,28973.0,0,0,2012-10-13,59,206,0,46,3,2,12,2,5,1,5,8,0,0,0,0,0,0,0,49,2012,10,13,4965,Married,5,269,44.833333333333336,269.0,13,0.35714285714285715,0.14285714285714285,19.214285714285715,0,0.0,0,0,69.94,28973.0,0.9284185821771244,1.7333333333333334,3,Budget Conscious
1973,PhD,Together,39435.0,1,0,2013-08-06,16,71,0,18,0,0,13,1,3,1,2,7,0,0,0,0,0,0,0,53,2013,8,6,4668,Partnered,5,102,17.0,51.0,7,0.375,0.125,12.75,0,0.0,0,0,13.222222222222221,19717.5,0.2586469215944822,2.8823529411764706,3,Budget Conscious
1984,2n Cycle,Married,65370.0,0,0,2013-08-01,1,71,22,112,138,89,29,1,2,3,13,1,0,0,0,0,0,0,0,42,2013,8,1,4673,Married,2,461,76.83333333333333,461.0,19,0.1,0.05,23.05,0,0.0,0,0,203.69767441860466,65370.0,0.7052056722399841,9.5,0,Middle Class Shoppers
1979,Basic,Single,20194.0,1,0,2012-12-17,64,0,4,7,11,10,15,2,2,0,3,6,0,0,0,0,0,0,0,47,2012,12,17,4900,Single,1,47,7.833333333333333,23.5,7,0.25,0.25,5.875,0,0.0,0,0,6.854166666666667,10097.0,0.2327308739787076,0.6461538461538462,3,Budget Conscious
1976,PhD,Single,42473.0,1,1,2014-02-17,72,93,1,21,0,4,25,3,2,1,4,5,0,0,0,0,0,0,0,50,2014,2,17,4473,Single,5,144,24.0,48.0,10,0.18181818181818182,0.2727272727272727,13.090909090909092,0,0.0,0,0,28.235294117647058,14157.666666666666,0.3390309365729623,0.684931506849315,3,Budget Conscious
1968,Graduation,Married,64590.0,0,0,2012-10-14,98,920,138,168,36,46,30,1,9,4,10,6,0,0,0,0,0,0,0,58,2012,10,14,4964,Married,3,1338,223.0,1338.0,24,0.36,0.04,53.52,0,0.0,0,0,544.271186440678,64590.0,2.0714960288585096,1.4545454545454546,2,Ultra Premium
1959,Graduation,Together,71232.0,0,1,2013-11-28,91,653,17,170,34,26,17,2,11,2,10,7,0,0,0,0,0,0,0,67,2013,11,28,4554,Partnered,3,917,152.83333333333334,458.5,25,0.4230769230769231,0.07692307692307693,35.26923076923077,0,0.0,0,0,337.13235294117646,35616.0,1.2873246950149508,1.9021739130434783,1,Premium Spenders
1971,Graduation,Together,34600.0,1,1,2013-01-01,8,199,33,60,8,3,15,5,5,2,5,8,0,0,0,0,0,0,1,55,2013,1,1,4885,Partnered,3,318,53.0,106.0,17,0.2777777777777778,0.2777777777777778,17.666666666666668,0,0.0,0,0,96.53571428571429,11533.333333333334,0.919048582410913,15.11111111111111,3,Budget Conscious
1967,Graduation,Single,46904.0,1,1,2012-11-03,20,153,4,56,0,9,31,4,5,1,4,8,0,0,0,0,0,0,0,59,2012,11,3,4944,Single,3,253,42.166666666666664,84.33333333333333,14,0.3333333333333333,0.26666666666666666,16.866666666666667,0,0.0,0,0,59.03333333333333,15634.666666666666,0.539388124933376,5.333333333333333,0,Middle Class Shoppers
1973,Graduation,Married,49094.0,0,1,2012-09-21,6,376,0,38,11,8,69,5,6,3,6,6,0,0,0,0,0,0,0,53,2012,9,21,4987,Married,3,502,83.66666666666667,251.0,20,0.2857142857142857,0.23809523809523808,23.904761904761905,0,0.0,0,0,185.92592592592592,24547.0,1.0225073836439555,17.142857142857142,0,Middle Class Shoppers
1983,Graduation,Together,36075.0,1,0,2013-12-09,54,46,0,30,12,1,30,1,2,0,4,6,0,0,0,0,0,0,0,43,2013,12,9,4543,Partnered,3,119,19.833333333333332,59.5,7,0.25,0.125,14.875,0,0.0,0,0,18.931818181818183,18037.5,0.3298591861625457,0.7636363636363637,3,Budget Conscious
1979,2n Cycle,Together,60839.0,1,1,2012-08-28,72,600,21,128,223,150,128,13,2,2,12,8,0,0,0,0,0,0,0,47,2012,8,28,5011,Partnered,2,1250,208.33333333333334,416.6666666666667,29,0.06666666666666667,0.43333333333333335,41.666666666666664,0,0.0,0,0,755.2083333333334,20279.666666666668,2.05456936226167,3.1780821917808217,1,Premium Spenders
1962,2n Cycle,Together,82122.0,0,0,2013-08-15,89,734,22,350,151,25,100,1,3,9,13,1,0,0,1,0,0,0,0,64,2013,8,15,4659,Partnered,2,1382,230.33333333333334,1382.0,26,0.1111111111111111,0.037037037037037035,51.18518518518518,1,0.2,1,0,552.8,82122.0,1.682841591271629,0.28888888888888886,2,Ultra Premium
1952,Graduation,Together,34074.0,1,1,2013-07-13,69,135,1,41,10,1,67,5,3,3,3,6,1,0,0,0,0,0,0,74,2013,7,13,4692,Partnered,3,255,42.5,85.0,14,0.2,0.3333333333333333,17.0,1,0.2,1,0,47.6,11358.0,0.7483492296404989,1.2,3,Budget Conscious
1960,Master,Married,28520.0,1,1,2013-06-14,55,11,0,10,0,2,20,1,1,1,2,6,0,0,0,0,0,0,0,66,2013,6,14,4721,Married,4,43,7.166666666666667,14.333333333333334,5,0.16666666666666666,0.16666666666666666,7.166666666666667,0,0.0,0,0,3.208955223880597,9506.666666666666,0.15076610217033062,0.5357142857142857,3,Budget Conscious
1955,Graduation,Single,62535.0,0,1,2013-10-03,13,163,48,90,0,45,52,1,3,2,8,3,0,0,0,0,0,0,0,71,2013,10,3,4610,Single,3,398,66.33333333333333,199.0,14,0.2,0.06666666666666667,26.533333333333335,0,0.0,0,0,77.38888888888889,31267.5,0.6364334143533326,3.0,0,Middle Class Shoppers
1977,Master,Single,36273.0,1,0,2014-04-16,80,29,3,30,3,2,9,2,3,0,3,6,0,0,0,0,0,0,0,49,2014,4,16,4415,Single,4,76,12.666666666666666,38.0,8,0.3333333333333333,0.2222222222222222,8.444444444444445,0,0.0,0,0,12.16,18136.5,0.20951645806914043,0.5925925925925926,3,Budget Conscious
1964,Graduation,Together,63404.0,0,2,2014-06-06,97,734,26,70,11,44,17,2,6,3,4,4,0,0,0,1,0,0,0,62,2014,6,6,4364,Partnered,3,902,150.33333333333334,300.6666666666667,15,0.375,0.125,56.375,1,0.2,1,0,214.76190476190476,21134.666666666668,1.4226007412664616,0.6122448979591837,1,Premium Spenders
1976,Graduation,Together,78416.0,0,1,2014-06-27,99,453,38,279,188,38,183,2,7,7,10,3,0,0,0,0,0,0,0,50,2014,6,27,4343,Partnered,3,1179,196.5,589.5,26,0.25925925925925924,0.07407407407407407,43.666666666666664,0,0.0,0,0,601.0588235294117,39208.0,1.5035005164696431,0.78,1,Premium Spenders
1974,Graduation,Together,75702.0,0,1,2012-10-14,87,1073,0,629,145,37,37,1,10,5,13,6,0,0,1,0,0,0,0,52,2012,10,14,4964,Partnered,3,1921,320.1666666666667,960.5,29,0.3333333333333333,0.03333333333333333,64.03333333333333,1,0.2,1,0,1051.1132075471698,37851.0,2.5375480496149425,1.9772727272727273,2,Ultra Premium
1951,Master,Together,59385.0,1,1,2013-04-28,85,135,0,10,0,4,36,2,3,1,4,5,0,0,0,0,0,0,0,75,2013,4,28,4768,Partnered,4,185,30.833333333333332,61.666666666666664,10,0.2727272727272727,0.18181818181818182,16.818181818181817,0,0.0,0,0,24.342105263157894,19795.0,0.3115212339608662,0.5813953488372093,0,Middle Class Shoppers
1951,Graduation,Married,44689.0,1,1,2014-01-10,82,18,0,5,0,0,11,2,1,1,2,7,1,0,0,0,0,0,0,75,2014,1,10,4511,Married,3,34,5.666666666666667,11.333333333333334,6,0.14285714285714285,0.2857142857142857,4.857142857142857,1,0.2,1,0,2.6842105263157894,14896.333333333334,0.0760796598791676,0.5060240963855421,3,Budget Conscious
1966,PhD,Single,7144.0,0,2,2013-12-07,92,81,4,33,5,2,291,0,23,1,1,0,0,0,0,0,0,0,0,60,2013,12,7,4545,Single,5,416,69.33333333333333,138.66666666666666,25,0.8846153846153846,0.0,16.0,0,0.0,0,0,170.49180327868854,2381.3333333333335,5.822253324002799,0.0,3,Budget Conscious
1956,Graduation,Married,90369.0,0,0,2014-04-28,2,292,51,981,224,23,17,1,4,6,6,1,0,0,0,0,0,0,1,70,2014,4,28,4403,Married,3,1588,264.6666666666667,1588.0,17,0.2222222222222222,0.05555555555555555,88.22222222222223,0,0.0,0,0,380.22535211267603,90369.0,1.7572203164767068,5.666666666666667,2,Ultra Premium
1974,PhD,Single,63159.0,0,0,2012-11-05,74,965,34,586,89,86,37,1,3,5,8,3,1,0,0,0,0,0,0,52,2012,11,5,4942,Single,5,1797,299.5,1797.0,17,0.16666666666666666,0.05555555555555555,99.83333333333333,1,0.2,1,0,576.3962264150944,63159.0,2.845155161494617,0.68,2,Ultra Premium
1963,PhD,Single,46757.0,0,1,2012-11-16,71,777,30,163,0,51,122,6,4,4,7,9,0,0,0,0,0,0,0,63,2012,11,16,4931,Single,5,1143,190.5,571.5,21,0.18181818181818182,0.2727272727272727,51.95454545454545,0,0.0,0,0,375.046875,23378.5,2.4445014756833054,2.625,1,Premium Spenders
1969,Master,Married,79734.0,0,0,2014-06-28,72,572,8,232,23,62,17,1,4,3,6,1,0,0,0,1,0,0,0,57,2014,6,28,4342,Married,4,914,152.33333333333334,914.0,14,0.26666666666666666,0.06666666666666667,60.93333333333333,1,0.2,1,0,220.6206896551724,79734.0,1.1462971091741392,0.1917808219178082,1,Premium Spenders
1992,Graduation,Together,63207.0,0,0,2013-01-20,68,438,169,565,91,169,70,1,2,3,6,7,0,0,0,1,0,0,0,34,2013,1,20,4866,Partnered,3,1502,250.33333333333334,1502.0,12,0.15384615384615385,0.07692307692307693,115.53846153846153,1,0.2,1,0,514.9714285714285,63207.0,2.376281483356537,1.2173913043478262,2,Ultra Premium
1954,Graduation,Divorced,72071.0,0,1,2013-02-14,4,531,69,300,150,138,150,3,5,4,8,2,0,0,0,0,0,0,0,72,2013,2,14,4841,Divorced,3,1338,223.0,669.0,20,0.23809523809523808,0.14285714285714285,63.714285714285715,0,0.0,0,0,366.5753424657534,36035.5,1.8564768564768563,8.0,1,Premium Spenders
1983,PhD,Together,21840.0,1,0,2013-07-21,80,17,0,9,0,0,1,1,1,0,3,9,0,0,0,0,0,0,0,43,2013,7,21,4684,Partnered,5,27,4.5,13.5,5,0.16666666666666666,0.16666666666666666,4.5,0,0.0,0,0,3.0681818181818183,10920.0,0.1236207133373014,0.5555555555555556,3,Budget Conscious
1982,2n Cycle,Together,58582.0,0,1,2013-09-28,15,402,35,106,101,77,42,2,9,2,9,5,0,1,0,0,0,0,0,44,2013,9,28,4615,Partnered,2,763,127.16666666666667,381.5,22,0.391304347826087,0.08695652173913043,33.17391304347826,1,0.2,1,0,373.02222222222224,29291.0,1.3024256183534473,6.875,0,Middle Class Shoppers
1951,Graduation,Single,72282.0,0,0,2013-07-19,70,503,27,419,90,139,153,1,5,7,9,7,0,0,0,0,0,0,1,75,2013,7,19,4686,Single,3,1331,221.83333333333334,1331.0,22,0.21739130434782608,0.043478260869565216,57.869565217391305,0,0.0,0,0,385.2894736842105,72282.0,1.8413734903089247,2.1690140845070425,2,Ultra Premium
1956,Graduation,Married,50387.0,0,2,2013-08-31,91,369,9,87,12,14,34,3,6,2,8,5,0,0,0,0,0,0,0,70,2013,8,31,4643,Married,3,525,87.5,175.0,19,0.3,0.15,26.25,0,0.0,0,0,140.49295774647888,16795.666666666668,1.041914741605144,1.0326086956521738,0,Middle Class Shoppers
1961,PhD,Together,32583.0,1,1,2014-06-15,10,5,0,3,0,0,1,1,1,0,2,7,0,0,0,0,0,0,0,65,2014,6,15,4355,Partnered,5,9,1.5,3.0,4,0.2,0.2,1.8,0,0.0,0,0,0.5454545454545454,10861.0,0.027620918242082,2.5454545454545454,3,Budget Conscious
1962,Graduation,Together,62568.0,0,1,2014-04-07,99,362,17,398,80,35,61,3,5,3,5,4,0,0,0,1,0,0,0,64,2014,4,7,4424,Partnered,3,953,158.83333333333334,476.5,16,0.29411764705882354,0.17647058823529413,56.05882352941177,1,0.2,1,0,234.58461538461538,31284.0,1.5231184772011699,0.64,1,Premium Spenders
1971,Master,Divorced,44635.0,1,1,2013-10-11,25,56,0,9,0,0,3,2,2,0,3,7,0,0,0,0,0,0,0,55,2013,10,11,4602,Divorced,4,68,11.333333333333334,22.666666666666668,7,0.25,0.25,8.5,0,0.0,0,0,8.5,14878.333333333334,0.15234339994623175,1.8846153846153846,0,Middle Class Shoppers
1968,Graduation,Married,63967.0,0,1,2013-08-09,57,387,84,141,73,35,162,3,4,4,12,2,0,0,0,0,0,0,0,58,2013,8,9,4665,Married,3,882,147.0,441.0,23,0.16666666666666666,0.125,36.75,0,0.0,0,0,343.8305084745763,31983.5,1.3788144072036017,0.7931034482758621,1,Premium Spenders
1978,2n Cycle,Together,52513.0,0,0,2012-09-04,84,367,17,241,104,188,232,2,9,5,9,7,0,0,0,0,0,0,0,48,2012,9,4,5004,Partnered,2,1149,191.5,1149.0,25,0.34615384615384615,0.07692307692307693,44.19230769230769,0,0.0,0,0,586.2244897959183,52513.0,2.187987965114065,2.0588235294117645,1,Premium Spenders
1969,Graduation,Married,25293.0,1,0,2013-09-15,51,15,0,11,0,2,9,1,1,1,2,8,0,0,0,0,0,0,0,57,2013,9,15,4628,Married,3,37,6.166666666666667,18.5,5,0.16666666666666666,0.16666666666666666,6.166666666666667,0,0.0,0,0,3.189655172413793,12646.5,0.14627975013837274,0.7692307692307693,3,Budget Conscious
1965,PhD,Widow,54111.0,0,1,2013-08-25,97,267,6,54,8,3,50,2,5,2,6,5,0,0,0,0,0,0,0,61,2013,8,25,4649,Widowed,5,388,64.66666666666667,194.0,15,0.3125,0.125,24.25,0,0.0,0,0,93.87096774193549,27055.5,0.7170313424009461,0.7653061224489796,0,Middle Class Shoppers
1986,Graduation,Together,78394.0,0,0,2013-02-15,13,298,27,697,216,24,166,1,4,6,5,2,0,0,0,0,0,0,1,40,2013,2,15,4840,Partnered,3,1428,238.0,1428.0,16,0.23529411764705882,0.058823529411764705,84.0,0,0.0,0,0,557.2682926829268,78394.0,1.821544741373812,2.2857142857142856,2,Ultra Premium
1958,Master,Married,80739.0,0,0,2013-05-23,92,674,92,736,39,0,92,1,3,11,9,1,0,0,0,0,0,0,0,68,2013,5,23,4743,Married,4,1633,272.1666666666667,1633.0,24,0.12,0.04,65.32,0,0.0,0,0,568.0,80739.0,2.0225414912063413,0.25806451612903225,2,Ultra Premium
1975,Master,Together,22669.0,1,0,2013-05-22,30,16,14,36,37,22,48,3,4,1,2,9,0,0,0,0,0,0,1,51,2013,5,22,4744,Partnered,4,173,28.833333333333332,86.5,10,0.36363636363636365,0.2727272727272727,15.727272727272727,0,0.0,0,0,33.26923076923077,11334.5,0.7631230701367446,2.903225806451613,3,Budget Conscious
1987,Graduation,Single,29236.0,1,0,2013-10-08,30,37,4,24,16,9,9,2,4,0,3,9,0,0,0,0,0,0,0,39,2013,10,8,4605,Single,3,99,16.5,49.5,9,0.4,0.2,9.9,0,0.0,0,0,22.275,14618.0,0.33861203269829326,2.6129032258064515,3,Budget Conscious
1959,Graduation,Together,44911.0,0,1,2013-03-15,11,159,0,22,2,1,31,3,4,1,4,7,0,0,0,0,0,0,0,67,2013,3,15,4812,Partnered,3,215,35.833333333333336,107.5,12,0.3076923076923077,0.23076923076923078,16.53846153846154,0,0.0,0,0,37.94117647058823,22455.5,0.4787139294620591,7.0,0,Middle Class Shoppers
1962,PhD,Married,54693.0,0,1,2013-02-17,72,686,17,142,23,26,35,8,6,4,13,6,0,0,0,0,0,0,0,64,2013,2,17,4838,Married,5,929,154.83333333333334,464.5,31,0.1875,0.25,29.03125,0,0.0,0,0,443.0615384615385,27346.5,1.698540973415731,2.547945205479452,1,Premium Spenders
1974,Graduation,Together,48186.0,1,0,2014-03-20,39,97,3,66,12,7,34,3,4,1,4,7,0,0,0,0,0,0,0,52,2014,3,20,4442,Partnered,3,219,36.5,109.5,12,0.3076923076923077,0.23076923076923078,16.846153846153847,0,0.0,0,0,49.58490566037736,24093.0,0.4544794239110133,2.1,0,Middle Class Shoppers
1977,Graduation,Married,54809.0,1,1,2013-09-11,0,63,6,57,13,13,22,4,2,1,5,4,0,0,0,0,0,0,1,49,2013,9,11,4632,Married,3,174,29.0,58.0,12,0.15384615384615385,0.3076923076923077,13.384615384615385,0,0.0,0,0,41.76,18269.666666666668,0.31746031746031744,48.0,0,Middle Class Shoppers
1978,Graduation,Together,41580.0,1,1,2012-12-10,15,56,5,24,4,0,3,3,2,1,3,5,0,0,0,0,0,0,0,48,2012,12,10,4907,Partnered,3,92,15.333333333333334,30.666666666666668,9,0.2,0.3,9.2,0,0.0,0,0,16.897959183673468,13860.0,0.22125490007455328,2.8125,3,Budget Conscious
1970,PhD,Married,80336.0,0,0,2013-09-09,12,209,19,456,160,142,66,1,2,9,13,1,0,0,0,0,0,0,0,56,2013,9,9,4634,Married,5,1052,175.33333333333334,1052.0,25,0.07692307692307693,0.038461538461538464,40.46153846153846,0,0.0,0,0,461.4035087719298,80336.0,1.309483799494629,1.9230769230769231,1,Premium Spenders
1957,Graduation,Married,47743.0,0,1,2013-03-22,56,198,2,43,0,12,20,3,4,1,6,6,0,1,0,0,0,0,0,69,2013,3,22,4805,Married,3,275,45.833333333333336,137.5,14,0.26666666666666666,0.2,18.333333333333332,1,0.2,1,0,55.0,23871.5,0.5759886058981234,1.4736842105263157,0,Middle Class Shoppers
1955,2n Cycle,Married,62972.0,0,1,2012-08-03,39,313,15,47,20,0,192,2,7,4,3,6,0,0,0,0,0,0,0,71,2012,8,3,5036,Married,2,587,97.83333333333333,293.5,16,0.4117647058823529,0.11764705882352941,34.529411764705884,0,0.0,0,0,130.44444444444446,31486.0,0.932145522684325,2.4,0,Middle Class Shoppers
1954,PhD,Divorced,57333.0,0,1,2012-09-22,55,941,14,397,76,58,176,11,8,5,9,6,0,0,0,0,0,0,1,72,2012,9,22,4986,Divorced,5,1662,277.0,831.0,33,0.23529411764705882,0.3235294117647059,48.88235294117647,0,0.0,0,0,751.3150684931506,28666.5,2.8988035022848573,3.5357142857142856,1,Premium Spenders
1982,PhD,Together,32313.0,1,0,2013-02-11,60,86,4,56,2,4,7,3,4,0,4,9,0,0,0,0,0,0,0,44,2013,2,11,4844,Partnered,5,159,26.5,79.5,11,0.3333333333333333,0.25,13.25,0,0.0,0,0,38.86666666666667,16156.5,0.4920467908646407,1.6229508196721312,3,Budget Conscious
1953,Master,Widow,84953.0,0,0,2013-06-03,73,167,48,602,63,72,72,1,3,10,4,2,0,1,1,1,0,0,1,73,2013,6,3,4732,Widowed,4,1024,170.66666666666666,1024.0,18,0.15789473684210525,0.05263157894736842,53.89473684210526,3,0.6,1,1,249.0810810810811,84953.0,1.2053581938460813,0.4864864864864865,1,Premium Spenders
1968,Master,Divorced,27071.0,1,0,2014-04-23,90,8,3,19,0,2,3,2,2,0,3,6,0,0,0,0,0,0,0,58,2014,4,23,4408,Divorced,4,35,5.833333333333333,17.5,7,0.25,0.25,4.375,0,0.0,0,0,4.1525423728813555,13535.5,0.12928486997635932,0.46153846153846156,3,Budget Conscious
1957,Master,Together,68148.0,0,0,2013-08-31,86,389,66,408,37,57,85,1,4,4,6,2,0,0,0,0,0,0,0,69,2013,8,31,4643,Partnered,4,1042,173.66666666666666,1042.0,15,0.25,0.0625,65.125,0,0.0,0,0,223.28571428571428,68148.0,1.5290026265976022,0.3448275862068966,1,Premium Spenders
1965,Master,Together,65735.0,1,1,2013-12-07,37,239,7,119,4,15,11,5,6,2,6,7,0,0,0,0,0,0,0,61,2013,12,7,4545,Partnered,4,395,65.83333333333333,131.66666666666666,19,0.3,0.25,19.75,0,0.0,0,0,121.04838709677419,21911.666666666668,0.6008884020932214,3.5,0,Middle Class Shoppers
1975,PhD,Married,86836.0,0,0,2012-09-12,7,179,21,273,0,21,63,1,6,10,6,5,1,0,1,1,0,0,1,51,2012,9,12,4996,Married,5,557,92.83333333333333,557.0,23,0.25,0.041666666666666664,23.208333333333332,3,0.6,1,1,246.3653846153846,86836.0,0.641431647799901,14.375,1,Premium Spenders
1963,PhD,Married,4023.0,1,1,2014-06-23,29,5,0,1,1,1,1,15,0,0,0,19,0,0,0,0,0,0,0,63,2014,6,23,4347,Married,5,9,1.5,3.0,15,0.0,0.9375,0.5625,0,0.0,0,0,2.109375,1341.0,0.22365805168986083,9.5,3,Budget Conscious
1990,Graduation,Married,30093.0,0,0,2013-07-08,19,2,6,28,13,4,16,1,2,0,3,7,0,0,0,0,0,0,0,36,2013,7,8,4697,Married,3,69,11.5,69.0,6,0.2857142857142857,0.14285714285714285,9.857142857142858,0,0.0,0,0,11.18918918918919,30093.0,0.22928158436897722,2.1,3,Budget Conscious
1966,PhD,Married,57705.0,0,1,2014-01-11,14,383,0,53,6,4,40,3,8,1,6,6,0,0,0,0,0,0,0,60,2014,1,11,4510,Married,5,486,81.0,243.0,18,0.42105263157894735,0.15789473684210525,25.57894736842105,0,0.0,0,0,143.40983606557376,28852.5,0.8422001178386996,7.2,0,Middle Class Shoppers
1988,Graduation,Single,25008.0,1,0,2014-02-02,72,2,8,8,6,1,9,2,1,0,3,8,0,0,0,0,0,0,0,38,2014,2,2,4488,Single,3,34,5.666666666666667,17.0,6,0.14285714285714285,0.2857142857142857,4.857142857142857,0,0.0,0,0,5.230769230769231,12504.0,0.13595105761925708,0.6575342465753424,3,Budget Conscious
1995,2n Cycle,Single,83257.0,0,0,2012-09-18,56,536,27,590,38,107,67,1,5,10,12,6,1,0,1,0,0,1,1,31,2012,9,18,4990,Single,2,1365,227.5,1365.0,28,0.1724137931034483,0.034482758620689655,47.06896551724138,2,0.4,1,1,1194.375,83257.0,1.6394820918109971,2.9473684210526314,2,Ultra Premium
1975,Graduation,Together,22280.0,1,0,2013-05-19,85,2,1,4,3,1,2,1,1,0,2,8,0,0,0,0,0,0,0,51,2013,5,19,4747,Partnered,3,13,2.1666666666666665,6.5,4,0.2,0.2,2.6,0,0.0,0,0,1.0,11140.0,0.05834567568780575,0.37209302325581395,3,Budget Conscious
1978,PhD,Married,72159.0,0,0,2012-10-29,62,322,53,899,34,40,53,1,4,6,10,2,0,0,0,0,0,0,0,48,2012,10,29,4949,Married,5,1401,233.5,1401.0,21,0.18181818181818182,0.045454545454545456,63.68181818181818,0,0.0,0,0,600.4285714285714,72159.0,1.941518847006652,0.6666666666666666,2,Ultra Premium
1961,Graduation,Together,64260.0,0,0,2013-01-11,1,539,169,816,20,0,30,1,4,5,4,3,0,0,0,0,0,0,1,65,2013,1,11,4875,Partnered,3,1574,262.3333333333333,1574.0,14,0.26666666666666666,0.06666666666666667,104.93333333333334,0,0.0,0,0,333.8787878787879,64260.0,2.449386097321859,21.0,2,Ultra Premium
1984,PhD,Single,82733.0,0,0,2013-09-10,28,712,50,420,65,38,38,1,8,4,7,4,0,0,0,0,0,0,1,42,2013,9,10,4633,Single,5,1323,220.5,1323.0,20,0.38095238095238093,0.047619047619047616,63.0,0,0.0,0,0,615.3488372093024,82733.0,1.599100732467909,2.7586206896551726,2,Ultra Premium
1971,Master,Divorced,74290.0,0,1,2013-08-12,70,1121,0,72,0,12,12,4,10,8,10,6,0,1,0,1,0,0,0,55,2013,8,12,4662,Divorced,4,1217,202.83333333333334,608.5,32,0.30303030303030304,0.12121212121212122,36.878787878787875,2,0.4,1,1,695.4285714285714,37145.0,1.63815266990618,2.704225352112676,1,Premium Spenders
1951,Master,Single,58217.0,2,1,2012-11-17,84,68,1,13,3,5,13,1,2,0,4,6,0,0,0,0,0,0,0,75,2012,11,17,4930,Single,4,103,17.166666666666668,25.75,7,0.25,0.125,12.875,0,0.0,0,0,9.486842105263158,14554.25,0.1769212271118898,0.49411764705882355,0,Middle Class Shoppers
1976,Master,Together,21024.0,0,0,2013-07-04,89,36,4,18,6,2,18,1,2,0,4,7,0,0,0,0,0,0,0,50,2013,7,4,4701,Partnered,4,84,14.0,84.0,7,0.25,0.125,10.5,0,0.0,0,0,11.529411764705882,21024.0,0.39952437574316285,0.5444444444444444,3,Budget Conscious
1972,PhD,Married,70116.0,0,0,2013-01-26,73,707,44,603,95,58,29,1,2,8,12,1,0,0,0,0,0,0,0,54,2013,1,26,4860,Married,5,1536,256.0,1536.0,23,0.08333333333333333,0.041666666666666664,64.0,0,0.0,0,0,642.3272727272728,70116.0,2.190624242337807,0.3108108108108108,2,Ultra Premium
1985,Graduation,Together,54006.0,1,0,2012-09-18,42,174,77,203,6,24,97,2,8,1,7,7,0,0,0,0,0,0,0,41,2012,9,18,4990,Partnered,3,581,96.83333333333333,290.5,18,0.42105263157894735,0.10526315789473684,30.57894736842105,0,0.0,0,0,249.0,27003.0,1.075786472123984,2.9302325581395348,0,Middle Class Shoppers
1966,PhD,Married,69063.0,0,1,2012-11-07,16,666,35,124,69,8,26,1,5,3,5,3,0,0,0,0,0,0,0,60,2012,11,7,4940,Married,5,928,154.66666666666666,464.0,14,0.3333333333333333,0.06666666666666667,61.86666666666667,0,0.0,0,0,212.98360655737704,34531.5,1.3436812232132513,2.4705882352941178,1,Premium Spenders
1975,2n Cycle,Divorced,11448.0,0,0,2013-12-15,16,0,0,0,6,2,6,1,1,0,2,6,0,0,0,0,0,0,0,51,2013,12,15,4537,Divorced,2,14,2.3333333333333335,14.0,4,0.2,0.2,2.8,0,0.0,0,0,1.0769230769230769,11448.0,0.12228142195824963,1.411764705882353,3,Budget Conscious
1971,Graduation,Married,70886.0,1,0,2013-10-14,65,407,70,239,103,88,53,1,5,4,4,2,0,0,0,0,0,0,0,55,2013,10,14,4599,Married,3,960,160.0,480.0,14,0.3333333333333333,0.06666666666666667,64.0,0,0.0,0,0,240.0,35443.0,1.354268060434212,0.42424242424242425,1,Premium Spenders
1973,Graduation,Widow,60208.0,1,1,2012-10-07,13,488,23,71,15,0,59,11,8,3,7,7,0,1,0,0,0,0,1,53,2012,10,7,4971,Widowed,3,656,109.33333333333333,218.66666666666666,29,0.26666666666666666,0.36666666666666664,21.866666666666667,1,0.2,1,0,352.2962962962963,20069.333333333332,1.0895381089205933,14.5,0,Middle Class Shoppers
1968,Master,Together,32889.0,1,1,2013-09-06,78,28,0,13,4,2,8,3,2,1,3,5,0,0,0,0,0,0,0,58,2013,9,6,4637,Partnered,4,55,9.166666666666666,18.333333333333332,9,0.2,0.3,5.5,0,0.0,0,0,8.389830508474576,10963.0,0.16722408026755853,0.569620253164557,3,Budget Conscious
1984,Graduation,Single,34738.0,1,0,2014-05-11,51,3,2,10,3,0,2,1,1,0,3,6,0,0,0,0,0,0,0,42,2014,5,11,4390,Single,3,20,3.3333333333333335,10.0,5,0.16666666666666666,0.16666666666666666,3.3333333333333335,0,0.0,0,0,2.3255813953488373,17369.0,0.05757218112208181,0.5769230769230769,3,Budget Conscious
1971,Master,Together,30538.0,1,0,2012-10-01,27,284,0,52,8,3,20,4,9,0,4,10,0,0,0,0,0,0,0,55,2012,10,1,4977,Partnered,4,367,61.166666666666664,183.5,17,0.5,0.2222222222222222,20.38888888888889,0,0.0,0,0,111.41071428571429,15269.0,1.2017420347752055,6.071428571428571,3,Budget Conscious
1977,2n Cycle,Together,82326.0,0,0,2014-03-10,30,938,142,754,159,81,183,1,5,10,6,2,0,1,1,1,0,0,1,49,2014,3,10,4452,Partnered,2,2257,376.1666666666667,2257.0,22,0.21739130434782608,0.043478260869565216,98.1304347826087,3,0.6,1,1,993.08,82326.0,2.741506431668833,1.4193548387096775,2,Ultra Premium
1967,PhD,Divorced,26642.0,1,0,2014-03-01,71,13,2,15,2,2,8,2,2,0,3,6,0,0,0,0,0,0,0,59,2014,3,1,4461,Divorced,5,42,7.0,21.0,7,0.25,0.25,5.25,0,0.0,0,0,4.9,13321.0,0.15763990541605677,0.5833333333333334,3,Budget Conscious
1964,Graduation,Divorced,69932.0,0,1,2013-06-12,97,412,172,153,150,105,57,2,7,6,11,4,0,0,0,0,0,0,0,62,2013,6,12,4723,Divorced,3,1049,174.83333333333334,524.5,26,0.25925925925925924,0.07407407407407407,38.851851851851855,0,0.0,0,0,432.92063492063494,34966.0,1.5000071497004275,1.0612244897959184,1,Premium Spenders
1972,Graduation,Single,44503.0,1,1,2014-04-16,83,31,1,8,0,0,8,2,2,0,3,6,0,0,0,0,0,0,0,54,2014,4,16,4415,Single,3,48,8.0,16.0,7,0.25,0.25,6.0,0,0.0,0,0,6.109090909090909,14834.333333333334,0.10785547366528853,0.5,3,Budget Conscious
1948,PhD,Single,60200.0,0,1,2013-01-02,3,502,19,132,0,6,26,6,6,2,11,6,0,0,0,0,0,0,0,78,2013,1,2,4884,Single,5,685,114.16666666666667,342.5,25,0.23076923076923078,0.23076923076923078,26.346153846153847,0,0.0,0,0,216.77215189873417,30100.0,1.1378548529094201,37.5,0,Middle Class Shoppers
1952,Graduation,Divorced,49638.0,0,1,2014-04-19,71,18,10,3,3,5,0,1,1,0,3,2,0,0,0,0,0,0,0,74,2014,4,19,4412,Divorced,3,39,6.5,19.5,5,0.16666666666666666,0.16666666666666666,6.5,0,0.0,0,0,2.6,24819.0,0.07856725558532605,0.1388888888888889,0,Middle Class Shoppers
1987,2n Cycle,Single,23830.0,0,0,2014-02-07,3,1,8,6,4,8,16,1,1,0,3,7,0,0,0,0,0,0,0,39,2014,2,7,4483,Single,2,43,7.166666666666667,43.0,5,0.16666666666666666,0.16666666666666666,7.166666666666667,0,0.0,0,0,5.375,23830.0,0.18043724560446475,8.75,3,Budget Conscious
1959,Master,Widow,33051.0,0,0,2012-08-16,15,100,71,243,108,94,219,3,9,1,8,9,0,0,0,0,0,0,1,67,2012,8,16,5023,Widowed,4,835,139.16666666666666,835.0,21,0.4090909090909091,0.13636363636363635,37.95454545454545,0,0.0,0,0,257.86764705882354,33051.0,2.526322159022147,11.8125,0,Middle Class Shoppers
1958,Graduation,Married,72905.0,0,0,2014-01-21,52,407,114,445,181,165,203,1,3,7,9,1,0,0,0,1,0,0,0,68,2014,1,21,4500,Married,3,1515,252.5,1515.0,20,0.14285714285714285,0.047619047619047616,72.14285714285714,1,0.2,1,0,439.1304347826087,72905.0,2.0780182701012264,0.37735849056603776,2,Ultra Premium
1951,PhD,Together,69702.0,0,1,2013-02-19,8,664,9,240,50,19,57,2,7,7,10,4,0,0,0,0,0,0,0,75,2013,2,19,4836,Partnered,5,1039,173.16666666666666,519.5,26,0.25925925925925924,0.07407407407407407,38.48148148148148,0,0.0,0,0,355.44736842105266,34851.0,1.4906101602513522,11.555555555555555,1,Premium Spenders
1975,Graduation,Divorced,70300.0,1,0,2013-07-15,89,1045,61,338,60,46,46,3,5,5,13,8,0,0,0,0,0,0,0,51,2013,7,15,4690,Divorced,3,1596,266.0,798.0,26,0.18518518518518517,0.1111111111111111,59.111111111111114,0,0.0,0,0,798.0,35150.0,2.270237976700189,2.311111111111111,1,Premium Spenders
1984,PhD,Married,70643.0,0,0,2012-10-15,66,1218,107,304,23,143,33,1,5,8,4,6,0,0,0,0,0,0,1,42,2012,10,15,4963,Married,5,1828,304.6666666666667,1828.0,18,0.2631578947368421,0.05263157894736842,96.21052631578948,0,0.0,0,0,765.2093023255813,70643.0,2.587622444935168,1.6119402985074627,2,Ultra Premium
1969,PhD,Married,30396.0,1,0,2014-04-30,22,15,0,6,0,1,12,2,1,1,2,7,1,0,0,0,0,0,1,57,2014,4,30,4401,Married,5,34,5.666666666666667,17.0,6,0.14285714285714285,0.2857142857142857,4.857142857142857,1,0.2,1,0,3.5172413793103448,15198.0,0.11185314340230945,1.826086956521739,3,Budget Conscious
1968,PhD,Divorced,50616.0,0,1,2014-04-18,56,128,0,16,0,1,4,2,4,0,4,7,0,0,0,0,0,0,0,58,2014,4,18,4413,Divorced,5,149,24.833333333333332,74.5,10,0.36363636363636365,0.18181818181818182,13.545454545454545,0,0.0,0,0,25.25423728813559,25308.0,0.2943675049884426,1.2280701754385965,0,Middle Class Shoppers
1969,Master,Single,62772.0,0,1,2013-05-19,74,581,49,157,43,8,108,1,5,6,11,2,0,1,0,0,0,0,0,57,2013,5,19,4747,Single,4,946,157.66666666666666,473.0,23,0.20833333333333334,0.041666666666666664,39.416666666666664,1,0.2,1,0,375.13793103448273,31386.0,1.507017348222962,0.6133333333333333,1,Premium Spenders
1985,PhD,Single,30298.0,0,0,2014-05-19,48,6,3,12,6,1,0,1,1,1,3,3,0,0,0,0,0,0,0,41,2014,5,19,4382,Single,5,28,4.666666666666667,28.0,6,0.14285714285714285,0.14285714285714285,4.0,0,0.0,0,0,4.0,30298.0,0.09241229083468101,0.3673469387755102,3,Budget Conscious
1984,Graduation,Single,52413.0,1,0,2012-11-03,67,185,8,133,56,56,12,2,7,1,7,7,0,0,0,0,0,0,0,42,2012,11,3,4944,Single,3,450,75.0,225.0,17,0.3888888888888889,0.1111111111111111,25.0,0,0.0,0,0,177.90697674418604,26206.5,0.8585492425687794,1.75,0,Middle Class Shoppers
1957,PhD,Married,44155.0,1,1,2014-01-19,24,22,1,9,0,0,14,1,1,1,2,4,0,0,0,0,0,0,0,69,2014,1,19,4502,Married,5,46,7.666666666666667,15.333333333333334,5,0.16666666666666666,0.16666666666666666,7.666666666666667,0,0.0,0,0,3.2857142857142856,14718.333333333334,0.1041761029078721,0.8,3,Budget Conscious
1971,PhD,Divorced,86979.0,0,0,2013-11-07,67,584,100,835,65,83,35,1,5,5,5,2,1,0,0,0,0,0,1,55,2013,11,7,4575,Divorced,5,1702,283.6666666666667,1702.0,16,0.29411764705882354,0.058823529411764705,100.11764705882354,1,0.2,1,0,486.2857142857143,86979.0,1.956771671648655,0.47058823529411764,2,Ultra Premium
1975,Graduation,Together,76532.0,1,1,2013-09-09,38,355,30,177,90,138,30,4,9,5,7,5,0,0,0,0,0,0,0,51,2013,9,9,4634,Partnered,3,820,136.66666666666666,273.3333333333333,25,0.34615384615384615,0.15384615384615385,31.53846153846154,0,0.0,0,0,394.2307692307692,25510.666666666668,1.0714332379496425,3.2051282051282053,1,Premium Spenders
1982,Graduation,Married,42081.0,1,0,2013-02-26,86,175,10,110,54,6,27,2,6,3,4,6,1,0,0,0,0,0,0,44,2013,2,26,4829,Married,3,382,63.666666666666664,191.0,15,0.375,0.125,23.875,1,0.2,1,0,127.33333333333333,21040.5,0.9077515327218288,1.0344827586206897,0,Middle Class Shoppers
1989,Master,Together,88420.0,0,0,2014-05-02,87,957,153,612,99,95,153,1,4,7,8,1,1,0,1,1,0,0,0,37,2014,5,2,4399,Partnered,4,2069,344.8333333333333,2069.0,20,0.19047619047619047,0.047619047619047616,98.52380952380952,3,0.6,1,1,1088.9473684210527,88420.0,2.339941869013017,0.22727272727272727,2,Ultra Premium
1985,Graduation,Married,31158.0,1,0,2013-01-27,62,25,6,16,20,0,5,2,2,0,3,8,0,0,0,0,0,0,0,41,2013,1,27,4859,Married,3,72,12.0,36.0,7,0.25,0.25,9.0,0,0.0,0,0,12.0,15579.0,0.23107288423890368,0.8888888888888888,3,Budget Conscious
1968,Graduation,Divorced,61671.0,0,1,2014-06-03,23,641,7,56,0,0,28,8,10,4,6,8,0,1,0,1,0,0,0,58,2014,6,3,4367,Divorced,3,732,122.0,366.0,28,0.3448275862068966,0.27586206896551724,25.24137931034483,2,0.4,1,1,347.3898305084746,30835.5,1.1869243741081852,9.333333333333334,0,Middle Class Shoppers
1974,Graduation,Single,69719.0,0,0,2014-05-26,99,273,86,208,177,14,43,1,2,3,5,1,0,0,0,0,0,0,0,52,2014,5,26,4375,Single,3,801,133.5,801.0,11,0.16666666666666666,0.08333333333333333,66.75,0,0.0,0,0,166.24528301886792,69719.0,1.148881239242685,0.11,1,Premium Spenders
1949,Graduation,Divorced,49160.0,0,1,2013-10-20,29,122,21,43,25,10,15,2,3,1,6,6,0,0,0,0,0,0,0,77,2013,10,20,4593,Divorced,3,236,39.333333333333336,118.0,12,0.23076923076923078,0.15384615384615385,18.153846153846153,0,0.0,0,0,36.30769230769231,24580.0,0.4800553284107321,2.4,0,Middle Class Shoppers
1954,PhD,Single,90933.0,0,0,2014-03-31,90,1020,31,430,62,63,79,1,4,6,4,1,0,0,1,0,0,0,0,72,2014,3,31,4431,Single,5,1685,280.8333333333333,1685.0,15,0.25,0.0625,105.3125,1,0.2,1,0,346.2328767123288,90933.0,1.8529922801152485,0.16483516483516483,2,Ultra Premium
1945,PhD,Single,94545.1,0,0,2014-05-28,9,6,2,3,1,262,3,0,27,0,0,1,0,0,0,0,0,0,0,81,2014,5,28,4373,Single,5,277,46.166666666666664,277.0,27,0.9642857142857143,0.0,9.892857142857142,0,0.0,0,0,91.20731707317073,94545.1,0.29297876908724946,2.7,1,Premium Spenders
1983,Graduation,Single,22148.0,0,0,2014-04-13,16,15,5,14,0,4,11,1,1,0,3,7,0,0,0,0,0,0,0,43,2014,4,13,4418,Single,3,49,8.166666666666666,49.0,5,0.16666666666666666,0.16666666666666666,8.166666666666666,0,0.0,0,0,5.568181818181818,22148.0,0.22122894938823423,2.0588235294117645,3,Budget Conscious
1987,Master,Married,73395.0,0,0,2014-03-18,94,272,7,80,20,7,11,1,4,4,6,2,0,0,0,0,0,0,0,39,2014,3,18,4444,Married,4,397,66.16666666666667,397.0,15,0.25,0.0625,24.8125,0,0.0,0,0,148.875,73395.0,0.5409014115210639,0.3157894736842105,0,Middle Class Shoppers
1971,Graduation,Divorced,29819.0,1,0,2013-10-24,77,9,1,24,2,1,2,3,3,0,3,6,0,0,0,0,0,0,0,55,2013,10,24,4589,Divorced,3,39,6.5,19.5,9,0.3,0.3,3.9,0,0.0,0,0,6.267857142857143,14909.5,0.13078470824949698,0.6923076923076923,3,Budget Conscious
1968,Graduation,Married,45688.0,0,1,2014-01-25,20,279,0,18,0,0,9,2,3,1,8,4,0,1,0,0,0,0,0,58,2014,1,25,4496,Married,3,306,51.0,153.0,14,0.2,0.13333333333333333,20.4,1,0.2,1,0,72.61016949152543,22844.0,0.669745452953665,2.6666666666666665,0,Middle Class Shoppers
1971,PhD,Married,60491.0,0,1,2013-09-06,81,637,47,237,12,19,76,4,6,11,7,5,0,0,0,0,0,0,0,55,2013,9,6,4637,Married,5,1028,171.33333333333334,514.0,28,0.20689655172413793,0.13793103448275862,35.44827586206897,0,0.0,0,0,514.0,30245.5,1.6993982675395096,1.7073170731707317,1,Premium Spenders
1986,Graduation,Together,33235.0,1,0,2014-02-05,71,45,0,16,2,1,6,1,3,0,3,7,0,0,0,0,0,0,0,40,2014,2,5,4485,Partnered,3,70,11.666666666666666,35.0,7,0.375,0.125,8.75,0,0.0,0,0,11.951219512195122,16617.5,0.21061499578770007,0.6805555555555556,3,Budget Conscious
1959,Graduation,Married,35701.0,0,0,2013-03-19,36,21,1,9,7,3,5,1,1,0,3,6,0,0,0,0,0,0,0,67,2013,3,19,4808,Married,3,46,7.666666666666667,46.0,5,0.16666666666666666,0.16666666666666666,7.666666666666667,0,0.0,0,0,3.3823529411764706,35701.0,0.12884432244692173,0.8108108108108109,3,Budget Conscious
1980,Master,Married,31535.0,1,0,2013-09-26,95,15,4,13,0,0,19,1,1,1,2,7,1,0,0,0,0,0,0,46,2013,9,26,4617,Married,4,51,8.5,25.5,5,0.16666666666666666,0.16666666666666666,8.5,1,0.2,1,0,5.425531914893617,15767.5,0.1617199391171994,0.3645833333333333,3,Budget Conscious
1960,2n Cycle,Together,92556.0,0,0,2014-04-20,32,493,183,352,184,23,28,0,3,5,13,0,0,0,0,0,0,0,0,66,2014,4,20,4411,Partnered,2,1263,210.5,1263.0,21,0.13636363636363635,0.0,57.40909090909091,0,0.0,0,0,395.86567164179104,92556.0,1.3645645386086411,0.0,2,Ultra Premium
1970,Graduation,Single,67384.0,0,1,2012-11-10,32,957,40,175,158,53,107,2,7,8,5,5,0,1,0,0,0,0,0,56,2012,11,10,4937,Single,3,1490,248.33333333333334,745.0,22,0.30434782608695654,0.08695652173913043,64.78260869565217,1,0.2,1,0,575.0877192982456,33692.0,2.2111745937523186,3.3333333333333335,1,Premium Spenders
1967,Graduation,Married,77870.0,0,1,2012-08-22,93,1017,50,500,65,50,133,3,5,5,5,8,0,1,0,1,0,0,1,59,2012,8,22,5017,Married,3,1815,302.5,907.5,18,0.2631578947368421,0.15789473684210525,95.52631578947368,2,0.4,1,1,544.5,38935.0,2.330777824864198,1.5319148936170213,1,Premium Spenders
1963,PhD,Widow,52278.0,0,1,2013-01-25,24,953,0,71,0,0,174,6,10,5,10,8,0,0,0,0,0,0,0,63,2013,1,25,4861,Widowed,5,1198,199.66666666666666,599.0,31,0.3125,0.1875,37.4375,0,0.0,0,0,580.28125,26139.0,2.2915511008244227,9.92,1,Premium Spenders
1968,Graduation,Single,57107.0,0,1,2012-08-24,44,159,0,120,0,0,137,7,4,4,8,8,0,1,0,0,1,0,1,58,2012,8,24,5015,Single,3,416,69.33333333333333,208.0,23,0.16666666666666666,0.2916666666666667,17.333333333333332,2,0.4,1,1,162.16949152542372,28553.5,0.728444351054143,4.088888888888889,0,Middle Class Shoppers
1981,PhD,Single,36038.0,1,0,2013-05-31,82,23,0,15,0,2,7,2,3,0,3,6,0,0,0,0,0,0,0,45,2013,5,31,4735,Single,5,47,7.833333333333333,23.5,8,0.3333333333333333,0.2222222222222222,5.222222222222222,0,0.0,0,0,8.173913043478262,18019.0,0.1304142734260107,0.5783132530120482,3,Budget Conscious
1965,PhD,Together,34230.0,1,1,2012-12-26,72,15,0,4,0,0,2,1,1,0,2,7,0,0,0,0,0,0,0,61,2012,12,26,4891,Partnered,5,21,3.5,7.0,4,0.2,0.2,4.2,0,0.0,0,0,1.3548387096774193,11410.0,0.06134790102538634,0.3835616438356164,3,Budget Conscious
1977,2n Cycle,Single,31878.0,0,1,2014-06-22,7,23,4,5,10,5,23,1,1,0,4,3,0,0,0,0,0,0,0,49,2014,6,22,4348,Single,2,70,11.666666666666666,35.0,6,0.14285714285714285,0.14285714285714285,10.0,0,0.0,0,0,8.4,15939.0,0.21958028796386334,2.25,3,Budget Conscious
1972,2n Cycle,Married,70932.0,0,1,2014-01-19,57,200,193,100,46,185,185,2,6,2,12,3,0,0,0,0,0,0,0,54,2014,1,19,4502,Married,2,909,151.5,454.5,22,0.2608695652173913,0.08695652173913043,39.52173913043478,0,0.0,0,0,363.6,35466.0,1.281490984450115,1.1379310344827587,1,Premium Spenders
1956,Graduation,Single,91249.0,0,0,2012-10-20,84,1324,27,119,71,108,27,0,7,9,6,4,0,1,1,1,1,0,1,70,2012,10,20,4958,Single,3,1676,279.3333333333333,1676.0,22,0.30434782608695654,0.0,72.8695652173913,4,0.8,1,1,519.3239436619718,91249.0,1.8367123287671232,1.035294117647059,2,Ultra Premium
1943,Master,Single,77598.0,0,0,2013-10-01,53,1193,33,281,129,66,33,1,7,5,13,3,0,0,1,0,0,0,0,83,2013,10,1,4612,Single,4,1735,289.1666666666667,1735.0,26,0.25925925925925924,0.037037037037037035,64.25925925925925,1,0.2,1,0,537.0238095238095,77598.0,2.2358535548138505,1.4444444444444444,2,Ultra Premium
1959,Graduation,Single,80982.0,1,1,2013-01-08,48,505,137,401,104,22,22,3,11,5,11,5,0,0,0,0,0,1,0,67,2013,1,8,4878,Single,3,1191,198.5,397.0,30,0.3548387096774194,0.0967741935483871,38.41935483870968,0,0.0,0,0,525.4411764705883,26994.0,1.4706790314016522,3.061224489795918,1,Premium Spenders
1977,Master,Married,22701.0,1,0,2013-09-05,2,2,4,9,0,4,5,1,1,0,3,5,0,0,0,0,0,0,0,49,2013,9,5,4638,Married,4,24,4.0,12.0,5,0.16666666666666666,0.16666666666666666,4.0,0,0.0,0,0,2.4,11350.5,0.10571755792441195,8.333333333333334,3,Budget Conscious
1970,Graduation,Married,70617.0,0,0,2013-06-23,45,353,61,753,40,46,27,1,3,3,7,2,0,0,0,0,0,0,0,56,2013,6,23,4712,Married,3,1280,213.33333333333334,1280.0,14,0.2,0.06666666666666667,85.33333333333333,0,0.0,0,0,314.3859649122807,70617.0,1.8125690333909201,0.6086956521739131,1,Premium Spenders
1957,Graduation,Single,64849.0,0,0,2012-11-13,42,652,48,350,94,84,108,1,9,3,6,5,0,0,0,0,0,0,1,69,2012,11,13,4934,Single,3,1336,222.66666666666666,1336.0,19,0.45,0.05,66.8,0,0.0,0,0,362.62857142857143,64849.0,2.0601387818041634,2.2093023255813953,2,Ultra Premium
1965,Master,Married,62694.0,1,1,2013-06-17,29,379,6,157,25,91,91,5,9,3,7,7,0,0,0,0,0,0,0,61,2013,6,17,4718,Married,4,749,124.83333333333333,249.66666666666666,24,0.36,0.2,29.96,0,0.0,0,0,289.93548387096774,20898.0,1.194672621421166,5.6,0,Middle Class Shoppers
1974,PhD,Married,61917.0,1,1,2013-11-20,83,46,4,36,2,2,1,1,2,0,4,5,0,0,0,0,0,0,0,52,2013,11,20,4562,Married,5,91,15.166666666666666,30.333333333333332,7,0.25,0.125,11.375,0,0.0,0,0,12.018867924528301,20639.0,0.1469685713362835,0.4166666666666667,0,Middle Class Shoppers
1947,PhD,Married,67472.0,0,1,2013-09-28,93,162,31,127,8,17,69,2,4,2,7,3,0,0,0,0,0,0,0,79,2013,9,28,4615,Married,5,414,69.0,207.0,15,0.25,0.125,25.875,0,0.0,0,0,77.625,33736.0,0.613578764839269,0.4787234042553192,0,Middle Class Shoppers
1982,Master,Married,21059.0,1,0,2014-01-07,40,8,3,19,3,3,8,3,3,0,3,6,0,0,0,0,0,0,0,44,2014,1,7,4514,Married,4,44,7.333333333333333,22.0,9,0.3,0.3,4.4,0,0.0,0,0,8.8,10529.5,0.20892687559354228,1.3170731707317074,3,Budget Conscious
1968,Master,Married,29543.0,2,0,2014-04-01,47,17,3,18,3,4,18,2,3,1,2,7,0,0,0,0,0,0,0,58,2014,4,1,4430,Married,4,63,10.5,21.0,8,0.3333333333333333,0.2222222222222222,7.0,0,0.0,0,0,8.542372881355933,9847.666666666666,0.2132412672623883,1.1666666666666667,3,Budget Conscious
1951,Graduation,Married,75903.0,0,1,2013-04-08,50,340,108,185,130,38,100,2,6,6,9,3,0,0,0,0,0,0,0,75,2013,4,8,4788,Married,3,901,150.16666666666666,450.5,23,0.25,0.08333333333333333,37.541666666666664,0,0.0,0,0,272.67105263157896,37951.5,1.1870257166947724,1.3529411764705883,1,Premium Spenders
1975,2n Cycle,Together,34984.0,1,1,2012-09-06,40,8,4,15,3,5,3,2,1,0,3,7,0,0,0,0,0,0,0,51,2012,9,6,5002,Partnered,2,38,6.333333333333333,12.666666666666666,6,0.14285714285714285,0.2857142857142857,5.428571428571429,0,0.0,0,0,4.384615384615385,11661.333333333334,0.10861797913391454,1.024390243902439,3,Budget Conscious
1956,PhD,Single,54998.0,0,1,2013-03-10,3,154,22,202,39,30,8,5,4,2,9,4,0,0,0,0,0,0,1,70,2013,3,10,4817,Single,5,455,75.83333333333333,227.5,20,0.19047619047619047,0.23809523809523808,21.666666666666668,0,0.0,0,0,128.16901408450704,27499.0,0.827287768868525,20.0,0,Middle Class Shoppers
1949,PhD,Widow,54356.0,0,1,2012-11-19,62,710,15,30,20,0,0,3,11,2,8,8,0,0,0,0,0,0,1,77,2012,11,19,4928,Widowed,5,775,129.16666666666666,387.5,24,0.44,0.12,31.0,0,0.0,0,0,238.46153846153845,27178.0,1.425759331824788,3.0476190476190474,0,Middle Class Shoppers
1959,Master,Married,34242.0,0,1,2014-03-23,25,8,2,4,0,0,1,1,0,0,3,5,0,0,0,0,0,0,0,67,2014,3,23,4439,Married,4,15,2.5,7.5,4,0.0,0.2,3.0,0,0.0,0,0,0.8823529411764706,17121.0,0.04380457319744181,0.7692307692307693,3,Budget Conscious
1973,Graduation,Married,25410.0,1,0,2013-08-31,48,2,2,4,13,13,4,1,1,0,4,4,0,0,0,0,0,0,0,53,2013,8,31,4643,Married,3,38,6.333333333333333,19.0,6,0.14285714285714285,0.14285714285714285,5.428571428571429,0,0.0,0,0,4.222222222222222,12705.0,0.14954153712958954,0.4897959183673469,3,Budget Conscious
1984,PhD,Married,73356.0,0,0,2014-02-06,56,1050,14,322,0,14,112,1,5,11,5,2,1,0,1,1,0,0,1,42,2014,2,6,4484,Married,5,1512,252.0,1512.0,22,0.21739130434782608,0.043478260869565216,65.73913043478261,3,0.6,1,1,773.5813953488372,73356.0,2.06115299153455,0.7719298245614035,2,Ultra Premium
1950,Graduation,Together,28320.0,0,1,2013-01-14,68,19,1,14,3,2,4,1,1,0,3,8,0,0,0,0,0,0,0,76,2013,1,14,4872,Partnered,3,43,7.166666666666667,21.5,5,0.16666666666666666,0.16666666666666666,7.166666666666667,0,0.0,0,0,2.792207792207792,14160.0,0.15183079693513649,0.5797101449275363,3,Budget Conscious
1977,Graduation,Single,23763.0,1,0,2012-08-07,64,22,0,6,6,2,6,1,1,0,3,7,0,0,0,0,0,0,0,49,2012,8,7,5032,Single,3,42,7.0,21.0,5,0.16666666666666666,0.16666666666666666,7.0,0,0.0,0,0,4.2,11881.5,0.17673792290860124,0.5384615384615384,3,Budget Conscious
1984,Graduation,Married,72570.0,0,0,2014-04-25,67,274,83,216,151,141,224,1,4,6,12,1,0,0,0,0,0,0,0,42,2014,4,25,4406,Married,3,1089,181.5,1089.0,23,0.16666666666666666,0.041666666666666664,45.375,0,0.0,0,0,582.4883720930233,72570.0,1.5005994129886595,0.3382352941176471,1,Premium Spenders
1976,Master,Married,34529.0,1,0,2012-09-14,94,68,6,38,3,6,41,2,2,2,3,7,0,0,0,0,0,0,0,50,2012,9,14,4994,Married,4,162,27.0,81.0,9,0.2,0.2,16.2,0,0.0,0,0,28.58823529411765,17264.5,0.46915725456125107,0.6631578947368421,3,Budget Conscious
1951,Graduation,Widow,70792.0,0,0,2013-02-06,82,344,45,654,104,11,114,2,3,4,10,3,0,0,0,0,0,0,0,75,2013,2,6,4849,Widowed,3,1272,212.0,1272.0,19,0.15,0.1,63.6,0,0.0,0,0,318.0,70792.0,1.796787818004605,0.6867469879518072,1,Premium Spenders
1982,Graduation,Married,63211.0,0,0,2012-11-02,3,145,193,459,205,26,145,2,3,8,7,2,0,0,0,0,0,0,1,44,2012,11,2,4945,Married,3,1173,195.5,1173.0,20,0.14285714285714285,0.09523809523809523,55.857142857142854,0,0.0,0,0,521.3333333333334,63211.0,1.8556603176612034,10.0,1,Premium Spenders
1974,Master,Married,83891.0,0,1,2014-06-20,24,217,38,350,111,85,15,1,4,7,10,1,0,0,0,0,0,0,0,52,2014,6,20,4350,Married,4,816,136.0,408.0,22,0.17391304347826086,0.043478260869565216,35.47826086956522,0,0.0,0,0,338.7169811320755,41945.5,0.9726791589186096,0.88,1,Premium Spenders
1968,Graduation,Single,36065.0,1,1,2013-03-31,54,18,7,34,10,2,3,3,3,0,3,8,0,0,0,0,0,0,0,58,2013,3,31,4796,Single,3,74,12.333333333333334,24.666666666666668,9,0.3,0.3,7.4,0,0.0,0,0,11.288135593220339,12021.666666666666,0.2051793933344424,1.309090909090909,3,Budget Conscious
1940,PhD,Single,51141.0,0,0,2013-07-08,96,144,0,7,0,0,6,1,3,1,4,5,0,0,0,0,0,0,0,86,2013,7,8,4697,Single,5,157,26.166666666666668,157.0,9,0.3,0.1,15.7,0,0.0,0,0,16.24137931034483,51141.0,0.3069883852802002,0.4639175257731959,0,Middle Class Shoppers
1976,Graduation,Married,56939.0,0,1,2013-09-18,19,256,34,103,90,29,49,2,3,3,10,3,0,0,0,0,0,0,0,50,2013,9,18,4625,Married,3,561,93.5,280.5,18,0.15789473684210525,0.10526315789473684,29.526315789473685,0,0.0,0,0,198.0,28469.5,0.9852476290832456,2.7,0,Middle Class Shoppers
1951,Graduation,Single,80872.0,0,0,2014-05-12,60,483,72,567,94,12,108,1,4,4,10,1,0,0,0,0,0,0,0,75,2014,5,12,4389,Single,3,1336,222.66666666666666,1336.0,19,0.2,0.05,66.8,0,0.0,0,0,334.0,80872.0,1.6519728463145922,0.3114754098360656,2,Ultra Premium
1976,PhD,Together,72335.0,0,0,2012-08-13,2,1285,105,653,28,21,0,1,10,4,8,8,0,0,0,0,0,0,1,50,2012,8,13,5026,Partnered,5,2092,348.6666666666667,2092.0,23,0.4166666666666667,0.041666666666666664,87.16666666666667,0,0.0,0,0,943.4509803921569,72335.0,2.892059278920593,61.333333333333336,2,Ultra Premium
1964,PhD,Single,61798.0,0,0,2013-11-23,13,338,4,89,11,8,13,1,4,2,9,4,0,0,0,0,0,0,0,62,2013,11,23,4559,Single,5,463,77.16666666666667,463.0,16,0.23529411764705882,0.058823529411764705,27.235294117647058,0,0.0,0,0,117.58730158730158,61798.0,0.7492030615382126,4.571428571428571,0,Middle Class Shoppers
1950,PhD,Widow,76842.0,0,0,2014-05-03,37,605,10,345,84,54,32,1,1,8,7,0,0,0,0,0,0,0,0,76,2014,5,3,4398,Widowed,5,1130,188.33333333333334,1130.0,17,0.05555555555555555,0.05555555555555555,62.77777777777778,0,0.0,0,0,249.4805194805195,76842.0,1.4705308225863123,0.0,1,Premium Spenders
1976,Graduation,Together,29478.0,1,0,2014-01-17,59,8,0,7,3,1,1,1,1,0,3,6,0,0,0,0,0,0,0,50,2014,1,17,4504,Partnered,3,20,3.3333333333333335,10.0,5,0.16666666666666666,0.16666666666666666,3.3333333333333335,0,0.0,0,0,1.9607843137254901,14739.0,0.06784490654364124,0.5,3,Budget Conscious
1956,Graduation,Single,46998.0,0,1,2012-10-22,55,172,41,86,45,6,27,5,5,3,5,7,1,0,0,0,0,0,0,70,2012,10,22,4956,Single,3,377,62.833333333333336,188.5,18,0.2631578947368421,0.2631578947368421,19.842105263157894,1,0.2,1,0,95.5774647887324,23499.0,0.8021447264835422,2.25,0,Middle Class Shoppers
1990,Graduation,Single,94545.1,0,0,2013-04-23,60,448,71,951,40,17,17,1,6,11,10,2,0,0,1,0,0,0,1,36,2013,4,23,4773,Single,3,1544,257.3333333333333,1544.0,28,0.20689655172413793,0.034482758620689655,53.241379310344826,1,0.2,1,0,1168.4324324324325,94545.1,1.6330657742625025,0.9180327868852459,2,Ultra Premium
1965,Master,Married,70053.0,0,1,2013-07-03,38,512,53,98,81,179,89,3,8,5,10,5,0,0,0,0,0,0,0,61,2013,7,3,4702,Married,4,1012,168.66666666666666,506.0,26,0.2962962962962963,0.1111111111111111,37.48148148148148,0,0.0,0,0,424.38709677419354,35026.5,1.4445998800925002,3.3333333333333335,1,Premium Spenders
1962,PhD,Widow,71670.0,0,0,2013-07-09,8,1462,16,128,0,0,160,1,5,3,6,6,0,1,1,0,1,0,1,64,2013,7,9,4696,Widowed,5,1766,294.3333333333333,1766.0,15,0.3125,0.0625,110.375,3,0.6,1,1,407.53846153846155,71670.0,2.4640370582243865,10.0,2,Ultra Premium
1978,Graduation,Married,44359.0,1,1,2014-06-17,19,20,0,14,7,3,1,3,2,0,4,3,0,0,0,0,0,0,0,48,2014,6,17,4353,Married,3,45,7.5,15.0,9,0.2,0.3,4.5,0,0.0,0,0,8.26530612244898,14786.333333333334,0.10144274120829576,1.35,3,Budget Conscious
1952,Graduation,Single,40887.0,1,1,2013-05-06,32,50,4,44,10,10,43,3,3,1,3,9,0,0,0,0,0,0,1,74,2013,5,6,4760,Single,3,161,26.833333333333332,53.666666666666664,10,0.2727272727272727,0.2727272727272727,14.636363636363637,0,0.0,0,0,21.466666666666665,13629.0,0.39375855996869497,2.727272727272727,3,Budget Conscious
1966,Graduation,Divorced,48877.0,0,1,2014-01-05,27,102,1,15,2,0,24,1,3,0,4,7,0,0,0,0,0,0,0,60,2014,1,5,4516,Divorced,3,144,24.0,72.0,8,0.3333333333333333,0.1111111111111111,16.0,0,0.0,0,0,18.885245901639344,24438.5,0.29461107246614016,2.0,0,Middle Class Shoppers
1947,Graduation,Together,74485.0,0,0,2013-08-24,58,499,149,815,173,49,49,1,6,7,12,3,0,0,0,0,0,0,0,79,2013,8,24,4650,Partnered,3,1734,289.0,1734.0,26,0.2222222222222222,0.037037037037037035,64.22222222222223,0,0.0,0,0,563.55,74485.0,2.3279542464355716,1.3220338983050848,2,Ultra Premium
1972,Graduation,Together,64474.0,0,1,2013-10-22,59,381,35,172,56,86,93,2,8,2,10,5,0,0,0,0,0,0,0,54,2013,10,22,4591,Partnered,3,823,137.16666666666666,411.5,22,0.34782608695652173,0.08695652173913043,35.78260869565217,0,0.0,0,0,329.2,32237.0,1.276463745637844,1.8333333333333333,1,Premium Spenders
1963,Graduation,Together,77226.0,0,1,2014-02-28,29,631,43,239,128,76,21,2,6,8,12,3,0,0,0,0,0,0,0,63,2014,2,28,4462,Partnered,3,1138,189.66666666666666,569.0,28,0.20689655172413793,0.06896551724137931,39.241379310344826,0,0.0,0,0,497.875,38613.0,1.473577893741826,2.8,1,Premium Spenders
1949,Graduation,Widow,72643.0,0,0,2013-02-27,60,526,80,553,123,94,53,1,3,10,7,2,0,0,0,1,0,0,1,77,2013,2,27,4828,Widowed,3,1429,238.16666666666666,1429.0,21,0.13636363636363635,0.045454545454545456,64.95454545454545,1,0.2,1,0,384.7307692307692,72643.0,1.9671273608281483,0.6885245901639344,2,Ultra Premium
1978,Master,Together,85738.0,0,0,2014-01-23,41,913,26,376,17,26,13,1,3,6,11,1,0,1,1,0,0,0,0,48,2014,1,23,4498,Partnered,4,1371,228.5,1371.0,21,0.13636363636363635,0.045454545454545456,62.31818181818182,2,0.4,1,1,587.5714285714286,85738.0,1.5990389437712127,0.5,2,Ultra Premium
1966,Graduation,Divorced,55686.0,0,1,2013-02-14,27,673,0,199,37,47,26,2,6,3,5,4,1,0,0,0,0,0,0,60,2013,2,14,4841,Divorced,3,982,163.66666666666666,491.0,16,0.35294117647058826,0.11764705882352941,57.76470588235294,1,0.2,1,0,257.57377049180326,27843.0,1.7634277299908419,2.2857142857142856,1,Premium Spenders
1983,Graduation,Single,39062.0,1,0,2014-03-25,28,23,0,9,0,0,12,1,1,0,3,4,1,0,0,0,0,0,0,43,2014,3,25,4437,Single,3,44,7.333333333333333,22.0,5,0.16666666666666666,0.16666666666666666,7.333333333333333,1,0.2,1,0,5.0,19531.0,0.1126385582264547,0.6896551724137931,3,Budget Conscious
1975,Graduation,Married,40794.0,0,1,2013-04-07,18,261,23,73,4,23,50,2,6,3,5,7,0,0,0,0,0,0,0,51,2013,4,7,4789,Married,3,434,72.33333333333333,217.0,16,0.35294117647058826,0.11764705882352941,25.529411764705884,0,0.0,0,0,133.53846153846155,20397.0,1.0638558646893002,5.894736842105263,0,Middle Class Shoppers
1969,Graduation,Married,4428.0,0,1,2013-10-05,0,16,4,12,2,4,321,0,25,0,0,1,0,0,0,0,0,0,0,57,2013,10,5,4608,Married,3,359,59.833333333333336,179.5,25,0.9615384615384616,0.0,13.807692307692308,0,0.0,0,0,154.74137931034483,2214.0,8.105667193497403,25.0,3,Budget Conscious
1963,2n Cycle,Married,32632.0,0,0,2012-08-02,32,63,151,137,153,19,53,2,4,4,8,5,0,0,0,0,0,0,0,63,2012,8,2,5037,Married,2,576,96.0,576.0,18,0.21052631578947367,0.10526315789473684,30.31578947368421,0,0.0,0,0,162.0,32632.0,1.7650844237428371,2.727272727272727,3,Budget Conscious
1968,PhD,Single,38236.0,1,1,2013-09-20,2,58,0,18,2,0,10,4,3,0,4,7,0,0,0,0,0,0,0,58,2013,9,20,4623,Single,5,88,14.666666666666666,29.333333333333332,11,0.25,0.3333333333333333,7.333333333333333,0,0.0,0,0,16.406779661016948,12745.333333333334,0.23014357820958756,25.666666666666668,3,Budget Conscious
1979,Graduation,Married,36781.0,1,0,2014-04-10,16,29,1,17,0,3,13,1,2,1,2,8,0,0,0,0,0,0,1,47,2014,4,10,4421,Married,3,63,10.5,31.5,6,0.2857142857142857,0.14285714285714285,9.0,0,0.0,0,0,7.875,18390.5,0.1712794301560546,2.823529411764706,3,Budget Conscious
1984,Master,Single,31385.0,1,0,2012-12-05,56,3,2,12,0,1,9,1,1,0,2,8,1,0,0,0,0,0,1,42,2012,12,5,4912,Single,4,27,4.5,13.5,4,0.2,0.2,5.4,1,0.2,1,0,2.511627906976744,15692.5,0.08602561651691837,0.5614035087719298,3,Budget Conscious
1984,Graduation,Married,24570.0,1,0,2013-02-27,97,28,34,62,11,14,44,3,4,0,4,9,0,0,0,0,0,0,0,42,2013,2,27,4828,Married,3,193,32.166666666666664,96.5,11,0.3333333333333333,0.25,16.083333333333332,0,0.0,0,0,49.372093023255815,12285.0,0.7854788164909853,1.010204081632653,3,Budget Conscious
1951,Graduation,Married,94545.1,0,0,2014-02-12,35,879,143,797,106,143,143,0,5,7,9,1,0,0,1,1,0,0,0,75,2014,2,12,4478,Married,3,2211,368.5,2211.0,21,0.22727272727272727,0.0,100.5,2,0.4,1,1,610.9342105263158,94545.1,2.338541727263208,0.5833333333333334,2,Ultra Premium
1962,Master,Married,58646.0,0,1,2013-06-10,3,62,1,44,6,5,22,1,2,1,4,4,0,0,0,0,0,0,0,64,2013,6,10,4725,Married,4,140,23.333333333333332,70.0,8,0.2222222222222222,0.1111111111111111,15.555555555555555,0,0.0,0,0,17.23076923076923,29323.0,0.23871638788002797,8.0,0,Middle Class Shoppers
1975,Graduation,Single,53201.0,1,1,2013-02-12,49,280,7,81,20,0,27,8,6,3,5,7,0,0,0,0,0,0,0,51,2013,2,12,4843,Single,3,415,69.16666666666667,138.33333333333334,22,0.2608695652173913,0.34782608695652173,18.043478260869566,0,0.0,0,0,175.57692307692307,17733.666666666668,0.7800458629374836,3.08,0,Middle Class Shoppers
1978,Graduation,Married,57113.0,1,1,2013-02-06,45,182,4,33,0,2,42,6,4,1,5,7,0,0,0,0,0,0,0,48,2013,2,6,4849,Married,3,263,43.833333333333336,87.66666666666667,16,0.23529411764705882,0.35294117647058826,15.470588235294118,0,0.0,0,0,85.87755102040816,19037.666666666668,0.4604825436845607,2.4347826086956523,0,Middle Class Shoppers
1991,Graduation,Married,51373.0,0,0,2013-06-22,37,83,2,101,64,26,117,1,3,5,3,4,0,0,0,0,0,0,0,35,2013,6,22,4713,Married,3,393,65.5,393.0,12,0.23076923076923078,0.07692307692307693,30.23076923076923,0,0.0,0,0,131.0,51373.0,0.7649783937400241,1.263157894736842,0,Middle Class Shoppers
1986,Graduation,Married,23477.0,1,0,2013-10-21,39,38,15,54,3,8,29,3,3,0,4,8,0,0,0,0,0,0,0,40,2013,10,21,4592,Married,3,147,24.5,73.5,10,0.2727272727272727,0.2727272727272727,13.363636363636363,0,0.0,0,0,35.853658536585364,11738.5,0.6261180679785331,2.0,3,Budget Conscious
1956,Graduation,Married,58116.0,0,1,2014-04-13,38,228,19,130,4,11,51,2,3,3,8,2,0,0,0,0,0,0,0,70,2014,4,13,4418,Married,3,443,73.83333333333333,221.5,16,0.17647058823529413,0.11764705882352941,26.058823529411764,0,0.0,0,0,99.83098591549296,29058.0,0.7622554502125024,0.8205128205128205,0,Middle Class Shoppers
1963,PhD,Divorced,72968.0,0,0,2013-12-16,8,1092,37,592,145,37,55,1,5,5,8,3,0,0,0,1,0,0,1,63,2013,12,16,4536,Divorced,5,1958,326.3333333333333,1958.0,19,0.25,0.05,97.9,1,0.2,1,0,581.28125,72968.0,2.683331277665858,6.333333333333333,2,Ultra Premium
1971,Master,Married,39791.0,0,1,2013-03-28,89,85,15,27,13,13,21,2,3,1,4,7,0,0,0,0,0,0,0,55,2013,3,28,4799,Married,4,174,29.0,87.0,10,0.2727272727272727,0.18181818181818182,15.818181818181818,0,0.0,0,0,31.071428571428573,19895.5,0.43727382388419783,0.7777777777777778,3,Budget Conscious
1947,Master,Single,91712.0,0,0,2013-10-17,47,1276,24,746,94,29,48,0,9,7,11,3,0,0,1,0,0,0,1,79,2013,10,17,4596,Single,4,2217,369.5,2217.0,27,0.32142857142857145,0.0,79.17857142857143,1,0.2,1,0,748.2375,91712.0,2.4173236073402897,1.6875,2,Ultra Premium
1958,Graduation,Single,94472.0,0,1,2014-04-03,75,1017,33,417,108,100,16,1,5,5,5,5,0,1,1,0,0,0,0,68,2014,4,3,4428,Single,3,1691,281.8333333333333,845.5,16,0.29411764705882354,0.058823529411764705,99.47058823529412,2,0.4,1,1,392.1159420289855,47236.0,1.7899293978173656,1.0526315789473684,1,Premium Spenders
1960,Graduation,Together,13672.0,1,1,2013-04-17,86,6,2,9,2,1,5,2,1,0,3,8,0,0,0,0,0,0,0,66,2013,4,17,4779,Partnered,3,25,4.166666666666667,8.333333333333334,6,0.14285714285714285,0.2857142857142857,3.5714285714285716,0,0.0,0,0,2.2388059701492535,4557.333333333333,0.18284209756454325,0.5517241379310345,3,Budget Conscious
1980,2n Cycle,Married,94545.1,0,0,2014-05-23,4,448,21,125,52,101,62,0,7,6,8,2,1,0,1,1,0,0,1,46,2014,5,23,4378,Married,2,809,134.83333333333334,809.0,21,0.3181818181818182,0.0,36.77272727272727,3,0.6,1,1,361.468085106383,94545.1,0.8556672353486817,8.4,1,Premium Spenders
1975,Graduation,Married,79205.0,0,0,2012-08-29,73,504,23,117,179,28,44,1,6,5,4,4,0,0,0,1,0,0,1,51,2012,8,29,5010,Married,3,895,149.16666666666666,895.0,16,0.35294117647058826,0.058823529411764705,52.64705882352941,1,0.2,1,0,275.38461538461536,79205.0,1.1299649016488649,0.8648648648648649,1,Premium Spenders
1975,PhD,Together,56559.0,0,1,2012-12-25,46,226,22,133,41,31,31,3,4,3,8,4,0,0,0,0,0,0,0,51,2012,12,25,4892,Partnered,5,484,80.66666666666667,242.0,18,0.21052631578947367,0.15789473684210525,25.473684210526315,0,0.0,0,0,167.53846153846155,28279.5,0.8557284299858556,1.5319148936170213,0,Middle Class Shoppers
1973,PhD,Married,32644.0,1,0,2013-01-16,38,239,3,141,0,7,23,4,7,1,6,8,1,0,0,0,0,0,0,53,2013,1,16,4870,Married,5,413,68.83333333333333,206.5,18,0.3684210526315789,0.21052631578947367,21.736842105263158,1,0.2,1,0,137.66666666666666,16322.0,1.2651248276918363,3.6923076923076925,3,Budget Conscious
1980,2n Cycle,Single,67506.0,0,1,2014-01-02,73,90,38,67,33,36,67,1,4,1,6,3,0,0,0,0,0,0,0,46,2014,1,2,4519,Single,2,331,55.166666666666664,165.5,12,0.3076923076923077,0.07692307692307693,25.46153846153846,0,0.0,0,0,84.51063829787235,33753.0,0.4903195224198972,0.4864864864864865,0,Middle Class Shoppers
1970,Graduation,Single,24206.0,1,0,2013-03-08,66,7,2,8,3,2,3,1,1,0,3,6,0,0,0,0,0,0,0,56,2013,3,8,4819,Single,3,25,4.166666666666667,12.5,5,0.16666666666666666,0.16666666666666666,4.166666666666667,0,0.0,0,0,2.192982456140351,12103.0,0.10327591192630231,0.44776119402985076,3,Budget Conscious
1967,PhD,Divorced,28420.0,1,0,2013-12-24,36,4,2,5,2,0,0,1,1,0,2,6,0,0,0,0,0,0,0,59,2013,12,24,4528,Divorced,5,13,2.1666666666666665,6.5,4,0.2,0.2,2.6,0,0.0,0,0,0.8666666666666667,14210.0,0.04574082544597305,0.6486486486486487,3,Budget Conscious
1970,Graduation,Married,22979.0,1,0,2012-09-06,29,16,17,19,20,21,22,3,3,2,2,8,0,0,0,0,0,0,1,56,2012,9,6,5002,Married,3,115,19.166666666666668,57.5,10,0.2727272727272727,0.2727272727272727,10.454545454545455,0,0.0,0,0,20.17543859649123,11489.5,0.5004351610095736,2.6666666666666665,3,Budget Conscious
1966,Graduation,Single,33279.0,0,0,2014-06-12,29,10,3,3,0,0,0,1,0,0,3,3,0,0,0,0,0,0,0,60,2014,6,12,4358,Single,3,16,2.6666666666666665,16.0,4,0.0,0.2,3.2,0,0.0,0,0,1.0491803278688525,33279.0,0.04807692307692308,0.4,3,Budget Conscious
1977,Graduation,Married,30368.0,0,1,2013-11-07,97,35,0,13,2,0,2,2,2,0,3,8,0,0,0,0,0,0,0,49,2013,11,7,4575,Married,3,52,8.666666666666666,26.0,7,0.25,0.25,6.5,0,0.0,0,0,7.28,15184.0,0.1712272383022161,0.5714285714285714,3,Budget Conscious
1970,Graduation,Married,63684.0,0,1,2012-11-26,61,575,80,428,208,93,80,3,8,4,8,5,0,0,0,0,0,0,0,56,2012,11,26,4921,Married,3,1464,244.0,732.0,23,0.3333333333333333,0.125,61.0,0,0.0,0,0,590.7368421052631,31842.0,2.298814477506477,1.8548387096774193,1,Premium Spenders
1964,Graduation,Divorced,41638.0,0,1,2013-02-13,68,315,0,31,4,0,91,4,5,5,3,8,1,0,0,0,0,0,0,62,2013,2,13,4842,Divorced,3,441,73.5,220.5,17,0.2777777777777778,0.2222222222222222,24.5,1,0.2,1,0,119.0,20819.0,1.0591032445543842,1.9710144927536233,0,Middle Class Shoppers
1959,PhD,Divorced,68805.0,0,1,2013-09-17,73,182,2,49,17,13,20,1,3,1,7,2,0,0,0,0,0,0,0,67,2013,9,17,4626,Divorced,5,283,47.166666666666664,141.5,12,0.23076923076923078,0.07692307692307693,21.76923076923077,0,0.0,0,0,49.94117647058823,34402.5,0.41130133999941865,0.32432432432432434,0,Middle Class Shoppers
1966,PhD,Together,65814.0,0,1,2014-03-02,90,561,14,113,10,14,35,3,8,2,10,5,0,0,0,0,0,0,0,60,2014,3,2,4460,Partnered,5,747,124.5,373.5,23,0.3333333333333333,0.125,31.125,0,0.0,0,0,281.655737704918,32907.0,1.1349996201473829,1.2637362637362637,1,Premium Spenders
1958,Graduation,Divorced,71964.0,0,0,2013-05-20,81,587,51,932,180,34,86,1,5,6,5,3,0,0,0,0,0,0,0,68,2013,5,20,4746,Divorced,3,1870,311.6666666666667,1870.0,17,0.2777777777777778,0.05555555555555555,103.88888888888889,0,0.0,0,0,460.72463768115944,71964.0,2.598485374834989,0.6219512195121951,2,Ultra Premium
1986,Graduation,Single,39146.0,1,0,2013-02-14,1,94,1,33,13,12,12,3,4,0,4,8,0,0,0,0,0,0,0,40,2013,2,14,4841,Single,3,165,27.5,82.5,11,0.3333333333333333,0.25,13.75,0,0.0,0,0,44.26829268292683,19573.0,0.4214882366464863,44.0,3,Budget Conscious
1977,Graduation,Together,94545.1,0,0,2013-08-06,79,908,43,735,40,194,21,1,7,7,9,2,0,1,1,1,0,0,1,49,2013,8,6,4668,Partnered,3,1941,323.5,1941.0,24,0.28,0.04,77.64,3,0.6,1,1,931.68,94545.1,2.0529667537846614,0.6,2,Ultra Premium
1981,Basic,Married,34445.0,0,0,2013-01-27,92,228,122,122,208,129,30,6,11,2,8,9,0,0,0,0,0,0,0,45,2013,1,27,4859,Married,1,839,139.83333333333334,839.0,27,0.39285714285714285,0.21428571428571427,29.964285714285715,0,0.0,0,0,492.45652173913044,34445.0,2.435696452418278,2.6129032258064515,0,Middle Class Shoppers
1958,Graduation,Single,68281.0,0,0,2012-08-07,31,995,112,417,42,48,41,1,2,9,13,5,0,0,0,0,0,0,1,68,2012,8,7,5032,Single,3,1655,275.8333333333333,1655.0,25,0.07692307692307693,0.038461538461538464,63.65384615384615,0,0.0,0,0,599.6376811594203,68281.0,2.4237720043349635,3.90625,2,Ultra Premium
1983,Graduation,Married,36790.0,0,0,2013-03-01,14,3,3,14,15,21,10,1,2,1,2,9,0,0,0,0,0,0,1,43,2013,3,1,4826,Married,3,66,11.0,66.0,6,0.2857142857142857,0.14285714285714285,9.428571428571429,0,0.0,0,0,9.0,36790.0,0.17939169905683455,3.6,3,Budget Conscious
1967,Graduation,Together,27943.0,1,1,2013-04-15,89,12,1,16,4,1,3,3,2,0,3,8,0,0,0,0,0,0,0,59,2013,4,15,4781,Partnered,3,37,6.166666666666667,12.333333333333334,8,0.2222222222222222,0.3333333333333333,4.111111111111111,0,0.0,0,0,4.933333333333334,9314.333333333334,0.1324076724878328,0.7111111111111111,3,Budget Conscious
1951,Graduation,Divorced,22263.0,1,1,2014-03-30,31,17,0,2,0,0,2,2,1,0,3,6,0,0,0,0,0,1,0,75,2014,3,30,4432,Divorced,3,21,3.5,7.0,6,0.14285714285714285,0.2857142857142857,3.0,0,0.0,0,0,1.6578947368421053,7421.0,0.09432267337405677,1.125,3,Budget Conscious
1972,Graduation,Together,30261.0,1,2,2012-09-25,75,8,0,5,0,3,6,1,0,0,3,8,0,0,0,0,0,0,0,54,2012,9,25,4983,Partnered,3,22,3.6666666666666665,5.5,4,0.0,0.2,4.4,0,0.0,0,0,1.6,7565.25,0.07269843367920165,0.42105263157894735,3,Budget Conscious
1978,Graduation,Together,28587.0,1,0,2014-02-12,42,22,4,17,12,10,13,3,2,0,4,6,0,0,0,0,0,0,0,48,2014,2,12,4478,Partnered,3,78,13.0,39.0,9,0.2,0.3,7.8,0,0.0,0,0,14.326530612244898,14293.5,0.2728417517839653,1.255813953488372,3,Budget Conscious
1982,Master,Married,43815.0,1,0,2013-04-05,53,14,10,29,4,7,15,1,2,0,3,6,0,0,0,0,0,0,0,44,2013,4,5,4791,Married,4,79,13.166666666666666,39.5,6,0.2857142857142857,0.14285714285714285,11.285714285714286,0,0.0,0,0,10.533333333333333,21907.5,0.18029943399671353,0.6666666666666666,3,Budget Conscious
1956,Graduation,Married,48195.0,1,1,2014-01-21,53,106,27,68,52,7,5,6,4,2,5,6,0,0,0,0,0,0,0,70,2014,1,21,4500,Married,3,265,44.166666666666664,88.33333333333333,17,0.2222222222222222,0.3333333333333333,14.722222222222221,0,0.0,0,0,63.45070422535211,16065.0,0.5498381608432236,1.8888888888888888,0,Middle Class Shoppers
1952,Master,Married,77027.0,0,1,2014-02-05,23,820,57,242,45,0,11,2,8,3,6,4,0,0,0,0,0,0,0,74,2014,2,5,4485,Married,4,1175,195.83333333333334,587.5,19,0.4,0.1,58.75,0,0.0,0,0,297.6666666666667,38513.5,1.525419328036558,3.1666666666666665,1,Premium Spenders
1965,PhD,Married,71322.0,0,1,2013-02-16,57,753,43,226,69,10,204,2,8,5,13,4,0,0,0,0,0,0,0,61,2013,2,16,4839,Married,5,1305,217.5,652.5,28,0.27586206896551724,0.06896551724137931,45.0,0,0.0,0,0,589.3548387096774,35661.0,1.8297043029597746,1.9310344827586208,1,Premium Spenders
1979,Master,Married,32765.0,1,0,2014-02-23,49,13,3,17,7,3,3,2,2,0,4,5,0,0,0,0,0,0,0,47,2014,2,23,4467,Married,4,46,7.666666666666667,23.0,8,0.2222222222222222,0.2222222222222222,5.111111111111111,0,0.0,0,0,7.666666666666667,16382.5,0.14038942806567783,0.8,3,Budget Conscious
1953,Graduation,Divorced,23272.0,0,0,2013-10-17,29,19,3,6,4,2,12,1,1,0,3,4,0,0,0,0,0,0,0,73,2013,10,17,4596,Divorced,3,46,7.666666666666667,46.0,5,0.16666666666666666,0.16666666666666666,7.666666666666667,0,0.0,0,0,3.108108108108108,23272.0,0.19765393374296397,0.6666666666666666,3,Budget Conscious
1949,Master,Together,49912.0,0,1,2012-09-07,5,520,8,223,32,49,42,4,10,5,7,8,1,0,0,0,0,0,1,77,2012,9,7,5001,Partnered,4,874,145.66666666666666,437.0,26,0.37037037037037035,0.14814814814814814,32.370370370370374,1,0.2,1,0,291.3333333333333,24956.0,1.7510468214693566,34.666666666666664,0,Middle Class Shoppers
1985,2n Cycle,Together,7500.0,1,0,2012-08-01,98,5,17,17,13,14,34,4,2,1,3,9,0,0,0,0,0,0,0,41,2012,8,1,5038,Partnered,2,100,16.666666666666668,50.0,10,0.18181818181818182,0.36363636363636365,9.090909090909092,0,0.0,0,0,23.80952380952381,3750.0,1.3331555792560992,0.9090909090909091,3,Budget Conscious
1947,PhD,Widow,68117.0,0,1,2013-03-10,80,618,44,215,0,17,36,2,11,8,4,6,1,0,0,0,0,0,1,79,2013,3,10,4817,Widowed,5,930,155.0,465.0,25,0.4230769230769231,0.07692307692307693,35.76923076923077,1,0.2,1,0,290.625,34058.5,1.3652779001145072,1.8518518518518519,1,Premium Spenders
1955,Graduation,Married,67225.0,0,1,2013-11-26,4,315,35,322,46,7,143,3,7,2,11,5,0,0,0,0,0,0,0,71,2013,11,26,4556,Married,3,868,144.66666666666666,434.0,23,0.2916666666666667,0.125,36.166666666666664,0,0.0,0,0,277.27777777777777,33612.5,1.2911671079641804,23.0,1,Premium Spenders
1976,Graduation,Married,17649.0,1,0,2013-11-12,70,15,1,23,0,5,1,3,3,0,3,8,0,0,0,0,0,0,0,50,2013,11,12,4570,Married,3,45,7.5,22.5,9,0.3,0.3,4.5,0,0.0,0,0,7.9411764705882355,8824.5,0.254957507082153,1.0140845070422535,3,Budget Conscious
1975,Graduation,Together,55914.0,0,1,2013-04-29,32,384,60,364,119,101,232,4,11,6,8,7,0,0,0,0,0,0,0,51,2013,4,29,4767,Partnered,3,1260,210.0,630.0,29,0.36666666666666664,0.13333333333333333,42.0,0,0.0,0,0,702.6923076923077,27957.0,2.253420370204775,6.151515151515151,1,Premium Spenders
1984,Graduation,Married,40059.0,1,0,2013-09-28,82,110,29,92,28,10,145,1,6,2,3,8,1,0,0,0,0,0,0,42,2013,9,28,4615,Married,3,414,69.0,207.0,12,0.46153846153846156,0.07692307692307693,31.846153846153847,1,0.2,1,0,115.53488372093024,20029.5,1.033449825262107,1.1566265060240963,0,Middle Class Shoppers
1950,Graduation,Together,60905.0,0,1,2013-12-05,27,208,17,76,36,17,38,2,3,3,7,2,0,0,0,0,0,0,0,76,2013,12,5,4547,Partnered,3,392,65.33333333333333,196.0,15,0.1875,0.125,24.5,0,0.0,0,0,76.36363636363636,30452.5,0.6436147505992841,1.0714285714285714,0,Middle Class Shoppers
1977,Graduation,Married,75330.0,1,1,2012-10-04,94,555,82,257,93,61,61,4,10,3,12,6,0,0,0,0,0,0,0,49,2012,10,4,4974,Married,3,1109,184.83333333333334,369.6666666666667,29,0.3333333333333333,0.13333333333333333,36.96666666666667,0,0.0,0,0,643.22,25110.0,1.4721694919754151,1.831578947368421,1,Premium Spenders
1951,Graduation,Single,60689.0,0,1,2013-06-01,23,240,90,216,63,6,24,4,4,4,10,3,0,0,0,0,0,0,0,75,2013,6,1,4734,Single,3,639,106.5,319.5,22,0.17391304347826086,0.17391304347826086,27.782608695652176,0,0.0,0,0,184.97368421052633,30344.5,1.0528917449332673,2.75,0,Middle Class Shoppers
1984,Graduation,Married,38680.0,1,0,2013-03-28,97,11,0,36,15,5,12,1,2,0,3,7,0,0,0,0,0,0,0,42,2013,3,28,4799,Married,3,79,13.166666666666666,39.5,6,0.2857142857142857,0.14285714285714285,11.285714285714286,0,0.0,0,0,11.023255813953488,19340.0,0.20423463716036297,0.42857142857142855,3,Budget Conscious
1982,Graduation,Together,61416.0,0,0,2013-02-08,25,848,154,323,201,61,78,1,10,3,10,6,1,0,0,0,0,0,0,44,2013,2,8,4847,Partnered,3,1665,277.5,1665.0,24,0.4,0.04,66.6,1,0.2,1,0,888.0,61416.0,2.710975788462478,5.538461538461538,2,Ultra Premium
1991,Graduation,Single,49767.0,0,0,2013-05-02,92,202,47,197,55,42,149,1,5,4,8,4,0,0,0,0,0,0,0,35,2013,5,2,4764,Single,3,692,115.33333333333333,692.0,18,0.2631578947368421,0.05263157894736842,36.421052631578945,0,0.0,0,0,346.0,49767.0,1.3904516958688313,0.7741935483870968,0,Middle Class Shoppers
1970,Graduation,Single,83273.0,1,2,2012-09-25,98,433,89,650,16,102,102,10,4,6,9,7,0,0,0,0,0,0,0,56,2012,9,25,4983,Single,3,1392,232.0,348.0,29,0.13333333333333333,0.3333333333333333,46.4,0,0.0,0,0,708.2105263157895,20818.25,1.6715901722026083,2.0505050505050506,1,Premium Spenders
1981,Graduation,Married,29009.0,1,0,2013-11-29,19,6,6,15,10,5,2,2,2,0,3,6,0,0,0,0,0,0,0,45,2013,11,29,4553,Married,3,44,7.333333333333333,22.0,7,0.25,0.25,5.5,0,0.0,0,0,6.695652173913044,14504.5,0.15167183729748362,2.1,3,Budget Conscious
1979,Master,Married,45057.0,1,0,2013-12-01,80,37,0,7,3,0,3,1,2,0,3,5,0,0,0,0,0,0,0,47,2013,12,1,4551,Married,4,50,8.333333333333334,25.0,6,0.2857142857142857,0.14285714285714285,7.142857142857143,0,0.0,0,0,6.25,22528.5,0.1109680855785876,0.37037037037037035,0,Middle Class Shoppers
1971,Graduation,Married,37150.0,1,0,2012-09-11,80,167,37,64,49,34,116,8,4,3,6,7,0,0,0,0,0,0,0,55,2012,9,11,4997,Married,3,467,77.83333333333333,233.5,21,0.18181818181818182,0.36363636363636365,21.227272727272727,0,0.0,0,0,175.125,18575.0,1.2570321121907888,1.8148148148148149,3,Budget Conscious
1970,Graduation,Single,43020.0,1,0,2013-11-30,79,45,7,99,4,25,43,3,4,1,4,6,0,0,0,0,0,0,0,56,2013,11,30,4552,Single,3,223,37.166666666666664,111.5,12,0.3076923076923077,0.23076923076923078,17.153846153846153,0,0.0,0,0,46.94736842105263,21510.0,0.5183515027544687,0.9,0,Middle Class Shoppers
1959,Graduation,Married,53154.0,0,1,2014-06-09,50,129,0,21,0,1,7,1,3,1,4,4,0,0,0,0,0,0,0,67,2014,6,9,4361,Married,3,158,26.333333333333332,79.0,9,0.3,0.1,15.8,0,0.0,0,0,20.91176470588235,26577.0,0.2972439093217948,0.7058823529411765,0,Middle Class Shoppers
1973,Graduation,Married,65308.0,0,0,2013-09-11,60,713,0,264,120,80,34,1,7,8,12,4,0,0,1,1,0,0,0,53,2013,9,11,4632,Married,3,1211,201.83333333333334,1211.0,28,0.2413793103448276,0.034482758620689655,41.758620689655174,2,0.4,1,1,627.925925925926,65308.0,1.8542620465785724,1.8360655737704918,1,Premium Spenders
1970,Graduation,Single,76467.0,1,0,2012-08-17,44,676,161,426,210,44,58,2,2,5,5,6,0,0,0,0,0,0,1,56,2012,8,17,5022,Single,3,1575,262.5,787.5,14,0.13333333333333333,0.13333333333333333,105.0,0,0.0,0,0,386.8421052631579,38233.5,2.0596850970340532,1.8666666666666667,1,Premium Spenders
1947,2n Cycle,Married,81044.0,0,0,2013-12-27,0,450,26,535,73,98,26,1,5,6,10,1,0,0,0,0,0,0,0,79,2013,12,27,4525,Married,2,1208,201.33333333333334,1208.0,22,0.21739130434782608,0.043478260869565216,52.52173913043478,0,0.0,0,0,332.2,81044.0,1.4905299524955273,22.0,1,Premium Spenders
1951,Graduation,Married,32871.0,1,1,2013-03-09,28,22,2,12,0,2,5,1,1,0,3,4,0,0,0,0,0,0,0,75,2013,3,9,4818,Married,3,43,7.166666666666667,14.333333333333334,5,0.16666666666666666,0.16666666666666666,7.166666666666667,0,0.0,0,0,2.8289473684210527,10957.0,0.13081041615964956,0.6896551724137931,3,Budget Conscious
1975,Graduation,Single,55801.0,1,1,2013-09-22,35,367,4,51,6,4,95,6,7,2,6,7,0,0,0,1,0,0,0,51,2013,9,22,4621,Single,3,527,87.83333333333333,175.66666666666666,21,0.3181818181818182,0.2727272727272727,23.954545454545453,1,0.2,1,0,212.82692307692307,18600.333333333332,0.944410594602344,4.083333333333333,0,Middle Class Shoppers
1959,Graduation,Widow,76320.0,0,1,2014-06-22,49,526,35,214,69,53,35,2,6,3,4,2,0,0,0,0,0,0,0,67,2014,6,22,4348,Widowed,3,932,155.33333333333334,466.0,15,0.375,0.125,58.25,0,0.0,0,0,205.58823529411765,38160.0,1.2211580036949201,0.6,1,Premium Spenders
1955,Master,Single,36927.0,1,1,2014-06-02,46,51,0,16,0,0,4,2,3,0,3,8,0,0,0,0,0,0,0,71,2014,6,2,4368,Single,4,71,11.833333333333334,23.666666666666668,8,0.3333333333333333,0.2222222222222222,7.888888888888889,0,0.0,0,0,7.888888888888889,12309.0,0.19226603119584057,1.3617021276595744,3,Budget Conscious
1953,Graduation,Together,48794.0,1,1,2014-06-26,97,25,0,11,3,0,15,1,1,0,3,4,0,0,0,0,0,0,0,73,2014,6,26,4344,Partnered,3,54,9.0,18.0,5,0.16666666666666666,0.16666666666666666,9.0,0,0.0,0,0,3.6486486486486487,16264.666666666666,0.11066707654472795,0.20408163265306123,0,Middle Class Shoppers
1965,Graduation,Single,23478.0,0,0,2013-03-19,51,28,6,27,12,17,39,1,3,0,3,8,0,0,0,0,0,0,0,61,2013,3,19,4808,Single,3,129,21.5,129.0,7,0.375,0.125,16.125,0,0.0,0,0,14.564516129032258,23478.0,0.5494271476638698,1.0769230769230769,3,Budget Conscious
1973,Graduation,Divorced,71128.0,1,0,2012-10-06,80,958,159,447,20,0,31,3,2,10,12,7,0,0,0,0,0,0,0,53,2012,10,6,4972,Divorced,3,1615,269.1666666666667,807.5,27,0.07142857142857142,0.10714285714285714,57.67857142857143,0,0.0,0,0,807.5,35564.0,2.2705225716655653,2.3333333333333335,1,Premium Spenders
1950,Graduation,Married,59462.0,0,1,2013-01-05,29,724,17,143,0,8,196,2,9,2,12,7,0,0,0,0,0,0,0,76,2013,1,5,4881,Married,3,1088,181.33333333333334,544.0,25,0.34615384615384615,0.07692307692307693,41.84615384615385,0,0.0,0,0,353.24675324675326,29731.0,1.8297092309503389,5.833333333333333,1,Premium Spenders
1969,Master,Together,51381.5,1,1,2013-05-18,52,375,42,48,94,66,96,7,4,10,4,3,0,0,0,0,0,0,0,57,2013,5,18,4748,Partnered,4,721,120.16666666666667,240.33333333333334,25,0.15384615384615385,0.2692307692307692,27.73076923076923,0,0.0,0,0,310.7758620689655,17127.166666666668,1.4032014791028073,1.4150943396226414,0,Middle Class Shoppers
1981,PhD,Single,51381.5,1,0,2013-05-31,82,23,0,15,0,2,7,2,3,0,3,6,0,0,0,0,0,0,0,45,2013,5,31,4735,Single,5,47,7.833333333333333,23.5,8,0.3333333333333333,0.2222222222222222,5.222222222222222,0,0.0,0,0,8.173913043478262,25690.75,0.09147083150878217,0.5783132530120482,0,Middle Class Shoppers
1978,Graduation,Together,42554.0,1,1,2013-01-12,93,29,1,11,0,0,0,2,2,0,3,4,0,0,0,0,0,0,0,48,2013,1,12,4874,Partnered,3,41,6.833333333333333,13.666666666666666,7,0.25,0.25,5.125,0,0.0,0,0,5.857142857142857,14184.666666666666,0.09634590529902479,0.2978723404255319,3,Budget Conscious
1951,Graduation,Widow,67046.0,0,1,2013-01-06,92,544,35,133,23,151,107,2,4,5,4,2,0,0,0,0,0,0,0,75,2013,1,6,4880,Widowed,3,993,165.5,496.5,15,0.25,0.125,62.0625,0,0.0,0,0,195.98684210526315,33523.0,1.4810506062911093,0.3225806451612903,1,Premium Spenders
1948,Graduation,Married,42192.0,0,0,2013-09-06,40,40,15,15,17,6,7,1,2,1,3,4,0,0,0,0,0,0,0,78,2013,9,6,4637,Married,3,100,16.666666666666668,100.0,7,0.25,0.125,12.5,0,0.0,0,0,8.860759493670885,42192.0,0.2370061384589861,0.6829268292682927,3,Budget Conscious
1952,PhD,Married,77610.0,0,1,2012-10-29,70,1245,33,332,21,33,16,2,4,7,4,7,0,0,0,0,0,0,0,74,2012,10,29,4949,Married,5,1680,280.0,840.0,17,0.2222222222222222,0.1111111111111111,93.33333333333333,0,0.0,0,0,380.8,38805.0,2.1646416100810453,1.676056338028169,1,Premium Spenders
1984,Graduation,Married,31761.0,1,0,2014-04-05,96,19,1,20,16,14,28,2,3,0,4,5,0,0,0,0,0,0,0,42,2014,4,5,4426,Married,3,98,16.333333333333332,49.0,9,0.3,0.2,9.8,0,0.0,0,0,20.511627906976745,15880.5,0.30854480196461176,0.4639175257731959,3,Budget Conscious
1979,Graduation,Together,34350.0,1,0,2013-10-19,81,16,3,15,2,1,11,1,1,0,3,7,0,0,0,0,0,0,0,47,2013,10,19,4594,Partnered,3,48,8.0,24.0,5,0.16666666666666666,0.16666666666666666,8.0,0,0.0,0,0,5.0,17175.0,0.1397339233210096,0.4268292682926829,3,Budget Conscious
1949,Graduation,Together,54591.0,0,1,2013-08-05,63,376,4,94,12,9,24,3,6,2,8,5,0,0,0,0,0,0,0,77,2013,8,5,4669,Partnered,3,519,86.5,259.5,19,0.3,0.15,25.95,0,0.0,0,0,126.42307692307692,27295.5,0.9506887456037515,1.484375,0,Middle Class Shoppers
1956,Graduation,Married,71866.0,0,1,2013-12-25,85,184,178,178,103,39,33,1,6,3,10,3,0,0,0,0,0,0,0,70,2013,12,25,4527,Married,3,715,119.16666666666667,357.5,20,0.2857142857142857,0.047619047619047616,34.04761904761905,0,0.0,0,0,201.40845070422534,35933.0,0.994893344650535,0.6976744186046512,1,Premium Spenders
1983,Graduation,Married,69520.0,0,0,2013-07-07,95,627,120,414,121,80,93,1,9,6,5,5,0,0,0,0,0,0,0,43,2013,7,7,4698,Married,3,1455,242.5,1455.0,21,0.4090909090909091,0.045454545454545456,66.13636363636364,0,0.0,0,0,694.4318181818181,69520.0,2.0928927949828107,1.09375,2,Ultra Premium
1970,Graduation,Divorced,64713.0,1,0,2014-02-07,11,180,60,241,13,54,54,2,5,5,7,4,0,0,0,0,0,0,1,56,2014,2,7,4483,Divorced,3,602,100.33333333333333,301.0,19,0.25,0.1,30.1,0,0.0,0,0,200.66666666666666,32356.5,0.9302469326575392,6.333333333333333,0,Middle Class Shoppers
1977,Master,Married,27889.0,1,0,2013-07-05,42,14,0,4,0,0,8,1,1,1,2,6,0,0,0,0,0,0,0,49,2013,7,5,4700,Married,4,26,4.333333333333333,13.0,5,0.16666666666666666,0.16666666666666666,4.333333333333333,0,0.0,0,0,2.6,13944.5,0.09322337755467909,0.6976744186046512,3,Budget Conscious
1960,Basic,Widow,22123.0,0,0,2014-03-27,77,3,3,24,34,7,31,1,2,1,3,5,0,0,0,0,0,0,0,66,2014,3,27,4435,Widowed,1,102,17.0,102.0,7,0.25,0.125,12.75,0,0.0,0,0,10.656716417910447,22123.0,0.4610377870186223,0.44871794871794873,3,Budget Conscious
1971,Graduation,Married,51381.5,1,1,2013-03-03,82,71,1,16,0,0,9,4,2,1,3,8,0,0,0,0,0,0,0,55,2013,3,3,4824,Married,3,97,16.166666666666668,32.333333333333336,10,0.18181818181818182,0.36363636363636365,8.818181818181818,0,0.0,0,0,17.321428571428573,17127.166666666668,0.18878022673089084,0.963855421686747,0,Middle Class Shoppers
1954,Master,Together,51381.5,0,1,2013-06-23,83,161,0,22,0,0,24,2,4,1,4,6,0,0,0,0,0,0,0,72,2013,6,23,4712,Partnered,4,207,34.5,103.5,11,0.3333333333333333,0.16666666666666666,17.25,0,0.0,0,0,31.19178082191781,25690.75,0.40286089621953003,0.7857142857142857,0,Middle Class Shoppers
1973,Graduation,Married,27803.0,1,0,2012-08-26,40,8,26,46,38,9,49,2,3,0,4,8,0,0,0,0,0,0,0,53,2012,8,26,5013,Married,3,176,29.333333333333332,88.0,9,0.3,0.2,17.6,0,0.0,0,0,29.333333333333332,13901.5,0.6330024456912674,1.7560975609756098,3,Budget Conscious
1955,Graduation,Single,51381.5,0,1,2013-10-18,95,264,0,21,12,6,147,3,6,1,5,7,0,0,0,0,0,0,0,71,2013,10,18,4595,Single,3,450,75.0,225.0,15,0.375,0.1875,28.125,0,0.0,0,0,93.75,25690.75,0.8757845569989783,1.09375,0,Middle Class Shoppers
1960,Graduation,Married,51651.0,0,1,2012-11-07,32,293,6,23,13,6,92,4,6,2,5,8,0,0,0,0,0,0,0,66,2012,11,7,4940,Married,3,433,72.16666666666667,216.5,17,0.3333333333333333,0.2222222222222222,24.055555555555557,0,0.0,0,0,109.86567164179104,25825.5,0.8383024858669559,4.121212121212121,0,Middle Class Shoppers
1943,Master,Widow,51381.5,0,0,2013-10-30,75,532,126,490,164,126,126,1,5,5,11,1,0,0,1,0,0,0,1,83,2013,10,30,4583,Widowed,4,1564,260.6666666666667,1564.0,22,0.21739130434782608,0.043478260869565216,68.0,1,0.2,1,0,409.6190476190476,51381.5,3.04383788254756,0.2894736842105263,2,Ultra Premium
1992,2n Cycle,Married,87000.0,0,0,2012-12-15,61,196,25,607,67,17,49,1,4,6,7,2,0,0,0,0,0,0,0,34,2012,12,15,4902,Married,2,961,160.16666666666666,961.0,18,0.21052631578947367,0.05263157894736842,50.578947368421055,0,0.0,0,0,494.22857142857146,87000.0,1.10458500477006,0.5806451612903226,1,Premium Spenders
1959,Graduation,Married,79823.0,0,1,2014-03-31,6,835,73,380,114,73,43,1,6,9,7,2,0,1,0,0,0,0,0,67,2014,3,31,4431,Married,3,1518,253.0,759.0,23,0.25,0.041666666666666664,63.25,1,0.2,1,0,513.4411764705883,39911.5,1.9016837041491281,6.571428571428571,1,Premium Spenders
1980,Graduation,Single,30828.0,1,0,2013-10-04,16,16,11,15,2,0,12,2,1,1,4,3,0,0,0,0,0,0,0,46,2013,10,4,4609,Single,3,56,9.333333333333334,28.0,8,0.1111111111111111,0.2222222222222222,6.222222222222222,0,0.0,0,0,9.53191489361702,15414.0,0.18164715041032795,1.411764705882353,3,Budget Conscious
1971,Master,Married,34109.0,0,1,2013-11-06,39,9,1,5,2,1,4,1,0,0,3,4,0,0,0,0,0,0,0,55,2013,11,6,4576,Married,4,22,3.6666666666666665,11.0,4,0.0,0.2,4.4,0,0.0,0,0,1.5714285714285714,17054.5,0.06449721489299326,0.4,3,Budget Conscious
1974,Master,Divorced,53367.0,1,1,2013-08-31,2,229,7,140,10,3,11,7,5,1,8,7,0,0,0,0,0,0,1,52,2013,8,31,4643,Divorced,4,400,66.66666666666667,133.33333333333334,21,0.22727272727272727,0.3181818181818182,18.181818181818183,0,0.0,0,0,158.49056603773585,17789.0,0.749512816669165,49.0,0,Middle Class Shoppers
1969,Basic,Together,22390.0,0,0,2013-10-21,49,0,1,4,15,1,5,1,1,0,2,7,0,0,0,0,0,0,0,57,2013,10,21,4592,Partnered,1,26,4.333333333333333,26.0,4,0.2,0.2,5.2,0,0.0,0,0,1.793103448275862,22390.0,0.11611808315841185,0.56,3,Budget Conscious
1976,Graduation,Together,71322.0,0,1,2014-05-02,31,121,24,124,24,15,42,1,4,1,7,2,0,0,0,0,0,0,0,50,2014,5,2,4399,Partnered,3,350,58.333333333333336,175.0,13,0.2857142857142857,0.07142857142857142,25.0,0,0.0,0,0,89.2156862745098,35661.0,0.49072529198154874,0.8125,0,Middle Class Shoppers
1993,Graduation,Absurd,79244.0,0,0,2012-12-19,58,471,102,125,212,61,245,1,4,10,7,1,0,0,1,1,0,0,1,33,2012,12,19,4898,Single,3,1216,202.66666666666666,1216.0,22,0.17391304347826086,0.043478260869565216,52.869565217391305,2,0.4,1,1,786.8235294117648,79244.0,1.534481670767872,0.3728813559322034,1,Premium Spenders
1950,PhD,Married,48699.0,1,1,2013-05-21,90,26,1,10,2,0,1,1,1,0,3,5,0,0,0,0,0,0,0,76,2013,5,21,4745,Married,5,40,6.666666666666667,13.333333333333334,5,0.16666666666666666,0.16666666666666666,6.666666666666667,0,0.0,0,0,2.5974025974025974,16233.0,0.08213552361396304,0.27472527472527475,0,Middle Class Shoppers
1975,Graduation,Together,80144.0,0,0,2013-09-30,47,240,132,445,250,192,108,1,3,7,8,1,0,0,0,0,0,0,0,51,2013,9,30,4613,Partnered,3,1367,227.83333333333334,1367.0,19,0.15,0.05,68.35,0,0.0,0,0,499.4807692307692,80144.0,1.705658493979662,0.3958333333333333,2,Ultra Premium
1956,Graduation,Single,54252.0,1,1,2013-05-28,25,178,4,26,8,4,44,5,4,1,5,6,0,0,0,0,0,0,0,70,2013,5,28,4738,Single,3,264,44.0,88.0,15,0.25,0.3125,16.5,0,0.0,0,0,55.774647887323944,18084.0,0.4866090354450446,3.4615384615384617,0,Middle Class Shoppers
1976,Master,Married,81929.0,1,0,2012-09-29,60,1486,55,278,49,0,185,2,4,4,10,6,1,0,1,0,0,0,1,50,2012,9,29,4979,Married,4,2053,342.1666666666667,1026.5,20,0.19047619047619047,0.09523809523809523,97.76190476190476,2,0.4,1,1,805.0980392156863,40964.5,2.505797632124985,1.9672131147540983,2,Ultra Premium
1975,Graduation,Married,76068.0,0,1,2012-11-29,67,1115,12,128,33,12,76,1,2,3,4,6,0,1,0,0,1,0,0,51,2012,11,29,4918,Married,3,1376,229.33333333333334,688.0,10,0.18181818181818182,0.09090909090909091,125.0909090909091,2,0.4,1,1,264.61538461538464,38034.0,1.8088840394904624,0.8823529411764706,1,Premium Spenders
1976,Master,Married,53204.0,1,1,2014-03-20,40,29,0,8,2,0,6,1,1,0,3,4,0,0,0,0,0,0,0,50,2014,3,20,4442,Married,4,45,7.5,15.0,5,0.16666666666666666,0.16666666666666666,7.5,0,0.0,0,0,4.411764705882353,17734.666666666668,0.08457851705666761,0.4878048780487805,0,Middle Class Shoppers
1984,2n Cycle,Married,14796.0,1,0,2012-09-17,1,13,3,8,7,4,16,2,1,0,3,9,0,0,0,0,0,0,1,42,2012,9,17,4991,Married,2,51,8.5,25.5,6,0.14285714285714285,0.2857142857142857,7.285714285714286,0,0.0,0,0,7.116279069767442,7398.0,0.3446644590119619,27.0,3,Budget Conscious
1974,PhD,Married,78128.0,0,1,2014-02-19,89,934,24,230,16,24,36,2,8,4,6,3,0,1,1,0,0,0,0,52,2014,2,19,4471,Married,5,1264,210.66666666666666,632.0,20,0.38095238095238093,0.09523809523809523,60.19047619047619,2,0.4,1,1,476.9811320754717,39064.0,1.6178371667370632,0.6666666666666666,1,Premium Spenders
1972,Basic,Married,14188.0,0,0,2013-02-28,40,2,7,11,16,12,27,1,2,0,4,6,0,0,0,0,0,0,0,54,2013,2,28,4827,Married,1,75,12.5,75.0,7,0.25,0.125,9.375,0,0.0,0,0,9.545454545454545,14188.0,0.5285784762844457,1.024390243902439,3,Budget Conscious
1970,Graduation,Divorced,72967.0,0,1,2012-12-15,1,158,35,179,0,0,125,2,7,2,8,5,1,0,0,0,0,0,1,56,2012,12,15,4902,Divorced,3,497,82.83333333333333,248.5,19,0.35,0.1,24.85,1,0.2,1,0,165.66666666666666,36483.5,0.6811204911742134,47.5,0,Middle Class Shoppers
1949,Master,Married,48150.0,0,1,2013-06-08,24,173,2,39,3,2,47,3,5,1,4,7,0,0,0,0,0,0,0,77,2013,6,8,4727,Married,4,266,44.333333333333336,133.0,13,0.35714285714285715,0.21428571428571427,19.0,0,0.0,0,0,44.333333333333336,24075.0,0.5524288176777222,3.64,0,Middle Class Shoppers
1961,Graduation,Single,82332.0,0,0,2012-09-17,89,830,59,968,51,79,19,1,5,3,12,2,0,0,1,0,0,0,1,65,2012,9,17,4991,Single,3,2006,334.3333333333333,2006.0,21,0.22727272727272727,0.045454545454545456,91.18181818181819,1,0.2,1,0,638.2727272727273,82332.0,2.4364471111219075,0.4666666666666667,2,Ultra Premium
1955,Graduation,Widow,58275.0,1,1,2013-06-02,48,189,10,253,56,43,64,6,8,2,7,7,0,0,0,0,0,0,0,71,2013,6,2,4733,Widowed,3,615,102.5,205.0,23,0.3333333333333333,0.25,25.625,0,0.0,0,0,196.45833333333334,19425.0,1.0553229459811928,3.2857142857142856,0,Middle Class Shoppers
1981,PhD,Together,44953.0,0,0,2012-12-21,31,728,17,133,11,8,124,1,7,3,13,6,1,0,0,0,0,0,0,45,2012,12,21,4896,Partnered,5,1021,170.16666666666666,1021.0,24,0.28,0.04,40.84,1,0.2,1,0,532.695652173913,44953.0,2.271210570805713,4.5,1,Premium Spenders
1953,Graduation,Together,34587.0,1,1,2014-05-16,68,7,2,9,2,0,2,2,1,0,3,4,0,0,0,0,0,0,0,73,2014,5,16,4385,Partnered,3,22,3.6666666666666665,7.333333333333333,6,0.14285714285714285,0.2857142857142857,3.142857142857143,0,0.0,0,0,1.7837837837837838,11529.0,0.06360587486989708,0.34782608695652173,3,Budget Conscious
1974,Master,Together,43018.0,0,1,2013-11-01,46,35,4,17,7,6,64,1,2,2,2,5,0,0,0,0,0,0,0,52,2013,11,1,4581,Partnered,4,133,22.166666666666668,66.5,7,0.25,0.125,16.625,0,0.0,0,0,17.566037735849058,21509.0,0.30916571747367444,0.7446808510638298,3,Budget Conscious
1954,Master,Married,45736.0,0,1,2013-07-24,92,188,3,180,20,3,43,5,7,1,6,7,0,0,0,0,0,0,0,72,2013,7,24,4681,Married,4,437,72.83333333333333,218.5,19,0.35,0.25,21.85,0,0.0,0,0,113.73972602739725,22868.0,0.9554627544438856,1.4301075268817205,0,Middle Class Shoppers
1969,Master,Together,66476.0,0,1,2013-12-04,80,742,28,152,25,9,57,2,6,8,10,4,0,0,0,0,0,0,0,57,2013,12,4,4548,Partnered,4,1013,168.83333333333334,506.5,26,0.2222222222222222,0.07407407407407407,37.51851851851852,0,0.0,0,0,454.1034482758621,33238.0,1.523835311461107,1.2839506172839505,1,Premium Spenders
1981,2n Cycle,Married,27733.0,1,0,2013-08-26,16,0,7,5,26,2,17,2,2,0,3,7,0,0,0,0,0,0,0,45,2013,8,26,4648,Married,2,57,9.5,28.5,7,0.25,0.25,7.125,0,0.0,0,0,8.673913043478262,13866.5,0.20552390567534434,2.8823529411764706,3,Budget Conscious
1952,PhD,Together,69805.0,0,1,2014-01-21,50,750,71,174,13,10,20,2,6,8,11,2,0,0,0,0,0,0,0,74,2014,1,21,4500,Partnered,5,1038,173.0,519.0,27,0.21428571428571427,0.07142857142857142,37.07142857142857,0,0.0,0,0,373.68,34902.5,1.4869781967166147,1.0588235294117647,1,Premium Spenders
1962,Master,Single,72217.0,0,0,2013-04-10,93,816,42,450,55,56,154,1,3,10,8,2,0,0,0,0,0,0,0,64,2013,4,10,4786,Single,4,1573,262.1666666666667,1573.0,22,0.13043478260869565,0.043478260869565216,68.3913043478261,0,0.0,0,0,532.4,72217.0,2.1781273366750673,0.46808510638297873,2,Ultra Premium
1971,Graduation,Divorced,25818.0,1,0,2012-10-18,51,5,2,8,2,2,9,1,0,1,2,7,0,0,0,0,0,0,0,55,2012,10,18,4960,Divorced,3,28,4.666666666666667,14.0,4,0.0,0.2,5.6,0,0.0,0,0,2.0,12909.0,0.10844726751617026,0.5384615384615384,3,Budget Conscious
1976,Master,Together,37509.0,1,0,2012-09-12,24,37,5,56,12,8,5,2,3,0,4,7,0,0,0,0,0,0,0,50,2012,9,12,4996,Partnered,4,123,20.5,61.5,9,0.3,0.2,12.3,0,0.0,0,0,21.705882352941178,18754.5,0.32791255665155955,2.52,3,Budget Conscious
1976,2n Cycle,Together,25176.0,1,1,2013-08-10,79,4,0,4,0,0,5,1,1,0,2,7,0,0,0,0,0,0,0,50,2013,8,10,4664,Partnered,2,13,2.1666666666666665,4.333333333333333,4,0.2,0.2,2.6,0,0.0,0,0,1.0196078431372548,8392.0,0.05163442824800413,0.35,3,Budget Conscious
1980,Graduation,Married,43586.0,0,1,2012-08-30,26,99,2,11,4,0,16,3,3,0,4,8,0,0,0,0,0,0,0,46,2012,8,30,5009,Married,3,132,22.0,66.0,10,0.2727272727272727,0.2727272727272727,12.0,0,0.0,0,0,28.085106382978722,21793.0,0.30284259068070757,2.962962962962963,0,Middle Class Shoppers
1956,2n Cycle,Married,53230.0,0,1,2012-08-03,86,176,72,98,136,21,229,4,5,2,12,5,0,0,0,0,0,0,0,70,2012,8,3,5036,Married,2,732,122.0,366.0,23,0.20833333333333334,0.16666666666666666,30.5,0,0.0,0,0,237.1267605633803,26615.0,1.3751385470872237,1.3218390804597702,0,Middle Class Shoppers
1957,Graduation,Together,50116.0,1,1,2014-06-20,68,54,0,10,0,0,2,2,1,0,4,5,0,1,0,0,0,0,0,69,2014,6,20,4350,Partnered,3,66,11.0,22.0,7,0.125,0.25,8.25,1,0.2,1,0,6.6,16705.333333333332,0.1316918410918451,0.5072463768115942,0,Middle Class Shoppers
1986,PhD,Married,82333.0,0,0,2013-03-30,60,1311,0,359,46,89,17,1,4,3,10,2,0,0,1,0,0,0,1,40,2013,3,30,4797,Married,5,1822,303.6666666666667,1822.0,18,0.21052631578947367,0.05263157894736842,95.89473684210526,1,0.2,1,0,799.9024390243902,82333.0,2.212937547064396,0.5901639344262295,2,Ultra Premium
1965,PhD,Together,65220.0,0,0,2012-09-03,3,890,63,292,0,25,12,4,8,4,7,6,0,0,0,0,0,0,1,61,2012,9,3,5005,Partnered,5,1282,213.66666666666666,1282.0,23,0.3333333333333333,0.16666666666666666,53.416666666666664,0,0.0,0,0,475.5806451612903,65220.0,1.9656245687738612,34.5,1,Premium Spenders
1974,Graduation,Together,33590.0,2,1,2013-11-03,65,4,0,2,0,0,2,1,1,0,2,7,0,0,0,0,0,0,0,52,2013,11,3,4579,Partnered,3,8,1.3333333333333333,2.0,4,0.2,0.2,1.6,0,0.0,0,0,0.6037735849056604,8397.5,0.02381590306927451,0.42424242424242425,3,Budget Conscious
1976,Master,Single,72309.0,0,0,2013-03-11,64,960,0,883,50,38,0,1,5,6,8,3,0,0,0,1,0,0,1,50,2013,3,11,4816,Single,4,1931,321.8333333333333,1931.0,20,0.23809523809523808,0.047619047619047616,91.95238095238095,1,0.2,1,0,757.2549019607843,72309.0,2.6704466878716637,0.9230769230769231,2,Ultra Premium
1949,PhD,Married,94545.1,0,0,2013-08-29,85,2,1,2,1,1,1,0,0,0,0,0,0,0,0,0,0,0,0,77,2013,8,29,4645,Married,5,8,1.3333333333333333,8.0,0,0.0,0.0,8.0,0,0.0,0,0,0.0,94545.1,0.008461480695660635,0.0,0,Middle Class Shoppers
1980,Basic,Married,16005.0,1,0,2012-08-14,69,1,3,2,20,30,47,3,2,1,2,8,0,0,0,0,0,0,0,46,2012,8,14,5025,Married,1,103,17.166666666666668,51.5,8,0.2222222222222222,0.3333333333333333,11.444444444444445,0,0.0,0,0,17.53191489361702,8002.5,0.6435086842434088,0.9142857142857143,3,Budget Conscious
1957,Master,Absurd,65487.0,0,0,2014-01-10,48,240,67,500,199,0,163,3,3,5,6,2,0,0,0,0,0,0,0,69,2014,1,10,4511,Single,4,1169,194.83333333333334,1169.0,17,0.16666666666666666,0.16666666666666666,64.94444444444444,0,0.0,0,0,283.9,65487.0,1.7850598582946495,0.6938775510204082,1,Premium Spenders
1965,Graduation,Married,58692.0,0,1,2014-04-06,21,301,11,61,4,7,11,1,8,2,4,7,0,0,0,0,0,0,0,61,2014,4,6,4425,Married,3,395,65.83333333333333,197.5,15,0.5,0.0625,24.6875,0,0.0,0,0,95.56451612903226,29346.0,0.6729933722931184,4.7727272727272725,0,Middle Class Shoppers
1969,Graduation,Widow,40590.0,1,1,2013-10-02,30,154,0,50,6,11,37,5,3,4,3,6,1,0,0,0,0,0,0,57,2013,10,2,4611,Widowed,3,258,43.0,86.0,15,0.1875,0.3125,16.125,1,0.2,1,0,66.72413793103448,13530.0,0.635608878815501,2.903225806451613,3,Budget Conscious
1954,Master,Divorced,62637.0,0,1,2014-03-01,76,104,12,48,4,12,5,1,2,2,5,2,0,0,0,0,0,0,0,72,2014,3,1,4461,Divorced,4,185,30.833333333333332,92.5,10,0.18181818181818182,0.09090909090909091,16.818181818181817,0,0.0,0,0,25.34246575342466,31318.5,0.29534787189884737,0.2597402597402597,0,Middle Class Shoppers
1966,Master,Divorced,29435.0,1,1,2012-08-06,11,70,3,37,4,2,64,4,3,2,2,9,0,0,0,0,0,0,1,60,2012,8,6,5033,Divorced,4,180,30.0,60.0,11,0.25,0.3333333333333333,15.0,0,0.0,0,0,32.459016393442624,9811.666666666666,0.6114961271911945,8.25,3,Budget Conscious
1974,Graduation,Divorced,19346.0,1,0,2014-01-30,26,2,0,9,3,6,2,1,1,0,3,8,0,0,0,0,0,0,0,52,2014,1,30,4491,Divorced,3,22,3.6666666666666665,11.0,5,0.16666666666666666,0.16666666666666666,3.6666666666666665,0,0.0,0,0,2.0754716981132075,9673.0,0.11371272031839562,1.4814814814814814,3,Budget Conscious
1971,Graduation,Married,35788.0,1,1,2014-01-23,34,23,2,11,3,1,4,2,2,0,3,6,0,0,0,0,0,0,0,55,2014,1,23,4498,Married,3,44,7.333333333333333,14.666666666666666,7,0.25,0.25,5.5,0,0.0,0,0,5.5,11929.333333333334,0.12294280365475427,1.2,3,Budget Conscious
1968,Graduation,Divorced,36997.0,1,1,2013-02-01,72,43,4,12,8,0,27,5,2,1,4,5,0,0,0,0,0,0,0,58,2013,2,1,4854,Divorced,3,94,15.666666666666666,31.333333333333332,12,0.15384615384615385,0.38461538461538464,7.230769230769231,0,0.0,0,0,19.11864406779661,12332.333333333334,0.25406778744797015,0.821917808219178,3,Budget Conscious
1957,Graduation,Married,23539.0,0,0,2014-02-28,13,4,24,11,16,1,25,1,2,0,4,6,0,0,0,0,0,0,0,69,2014,2,28,4462,Married,3,81,13.5,81.0,7,0.25,0.125,10.125,0,0.0,0,0,8.1,23539.0,0.3440951571792693,3.0,3,Budget Conscious
1973,Graduation,Single,65333.0,0,1,2014-01-17,58,654,7,92,0,15,30,7,9,4,8,6,0,1,1,0,0,0,0,53,2014,1,17,4504,Single,3,798,133.0,399.0,28,0.3103448275862069,0.2413793103448276,27.517241379310345,2,0.4,1,1,413.77777777777777,32666.5,1.221416107998898,2.847457627118644,1,Premium Spenders
1957,Graduation,Single,78499.0,0,0,2013-11-23,12,912,72,170,47,36,97,1,11,3,4,4,0,0,1,0,0,0,1,69,2013,11,23,4559,Single,3,1334,222.33333333333334,1334.0,19,0.55,0.05,66.7,1,0.2,1,0,362.0857142857143,78499.0,1.6993630573248406,5.846153846153846,2,Ultra Premium
1971,PhD,Together,29732.0,1,0,2014-03-25,23,25,0,8,0,1,4,1,2,0,2,9,0,0,0,0,0,0,0,55,2014,3,25,4437,Partnered,5,38,6.333333333333333,19.0,5,0.3333333333333333,0.16666666666666666,6.333333333333333,0,0.0,0,0,3.392857142857143,14866.0,0.12780412336461172,1.875,3,Budget Conscious
1960,Master,Together,41275.0,1,2,2014-03-24,33,24,4,22,0,2,9,4,3,1,3,5,0,0,0,0,0,0,0,66,2014,3,24,4438,Partnered,4,61,10.166666666666666,15.25,11,0.25,0.3333333333333333,5.083333333333333,0,0.0,0,0,10.014925373134329,10318.75,0.14778563814323095,1.6176470588235294,3,Budget Conscious
1973,PhD,Together,63516.0,1,1,2013-07-06,30,141,11,114,15,14,5,4,4,1,7,5,0,0,0,0,0,0,0,53,2013,7,6,4699,Partnered,5,300,50.0,100.0,16,0.23529411764705882,0.23529411764705882,17.647058823529413,0,0.0,0,0,88.88888888888889,21172.0,0.4723144984807217,2.5806451612903225,0,Middle Class Shoppers
1962,PhD,Married,42769.0,0,1,2013-10-12,15,71,0,13,3,1,0,2,1,1,4,4,0,0,0,0,0,0,0,64,2013,10,12,4601,Married,5,88,14.666666666666666,44.0,8,0.1111111111111111,0.2222222222222222,9.777777777777779,0,0.0,0,0,10.830769230769231,21384.5,0.20575169511339725,2.0,3,Budget Conscious
1958,Master,Married,49572.0,1,1,2013-12-15,25,35,1,16,0,1,1,2,2,0,3,7,0,0,0,0,0,0,0,68,2013,12,15,4537,Married,4,54,9.0,18.0,7,0.25,0.25,6.75,0,0.0,0,0,5.478260869565218,16524.0,0.10893026445847537,1.8846153846153846,0,Middle Class Shoppers
1972,Graduation,Married,69209.0,0,0,2012-09-17,4,496,32,849,229,48,128,2,5,3,6,4,0,0,0,1,0,0,0,54,2012,9,17,4991,Married,3,1782,297.0,1782.0,16,0.29411764705882354,0.11764705882352941,104.82352941176471,1,0.2,1,0,518.4,69209.0,2.574772431729519,12.8,2,Ultra Premium
1976,Graduation,Married,17148.0,1,0,2014-01-28,80,9,9,11,13,10,16,4,3,1,3,8,0,0,0,0,0,0,0,50,2014,1,28,4493,Married,3,68,11.333333333333334,34.0,11,0.25,0.3333333333333333,5.666666666666667,0,0.0,0,0,14.666666666666666,8574.0,0.39652457869263513,1.0864197530864197,3,Budget Conscious
1983,2n Cycle,Married,32146.0,1,0,2014-05-12,16,26,3,23,4,7,3,2,2,0,4,6,0,0,0,0,0,0,0,43,2014,5,12,4389,Married,2,66,11.0,33.0,8,0.2222222222222222,0.2222222222222222,7.333333333333333,0,0.0,0,0,12.0,16073.0,0.20530687155877686,2.823529411764706,3,Budget Conscious
1964,2n Cycle,Divorced,41713.0,1,1,2014-04-29,57,77,8,44,10,10,25,5,3,1,4,6,0,0,0,0,0,0,0,62,2014,4,29,4402,Divorced,2,174,29.0,58.0,13,0.21428571428571427,0.35714285714285715,12.428571428571429,0,0.0,0,0,35.904761904761905,13904.333333333334,0.4171261446996212,1.3448275862068966,3,Budget Conscious
1975,Master,Together,34176.0,0,1,2014-01-22,9,11,2,7,4,2,2,1,1,0,3,3,0,0,0,0,0,0,0,51,2014,1,22,4499,Partnered,4,28,4.666666666666667,14.0,5,0.16666666666666666,0.16666666666666666,4.666666666666667,0,0.0,0,0,2.6923076923076925,17088.0,0.08192644175907773,1.5,3,Budget Conscious
1955,PhD,Married,58482.0,0,1,2014-03-12,59,576,7,115,19,7,7,2,7,4,9,6,0,1,0,0,0,0,0,71,2014,3,12,4450,Married,5,731,121.83333333333333,365.5,22,0.30434782608695654,0.08695652173913043,31.782608695652176,1,0.2,1,0,223.36111111111111,29241.0,1.249935878802387,2.2,0,Middle Class Shoppers
1965,Graduation,Single,59686.0,0,1,2014-01-25,78,89,15,89,34,42,5,1,4,1,6,4,0,0,0,0,0,0,0,61,2014,1,25,4496,Single,3,274,45.666666666666664,137.0,12,0.3076923076923077,0.07692307692307693,21.076923076923077,0,0.0,0,0,53.03225806451613,29843.0,0.45906143716387154,0.6075949367088608,0,Middle Class Shoppers
1964,PhD,Married,60896.0,0,1,2012-10-11,90,1013,30,399,60,46,153,3,9,10,4,6,0,0,0,0,0,0,1,62,2012,10,11,4967,Married,5,1701,283.5,850.5,26,0.3333333333333333,0.1111111111111111,63.0,0,0.0,0,0,702.0,30448.0,2.7932410463569637,1.7142857142857142,1,Premium Spenders
1980,Graduation,Together,62994.0,1,0,2014-03-04,74,224,12,48,4,12,12,1,6,2,4,6,0,0,0,0,0,0,0,46,2014,3,4,4458,Partnered,3,312,52.0,156.0,13,0.42857142857142855,0.07142857142857142,22.285714285714285,0,0.0,0,0,86.29787234042553,31497.0,0.49527740296848954,1.04,0,Middle Class Shoppers
1957,Graduation,Together,47320.0,0,1,2013-08-01,10,200,19,111,50,15,19,6,5,1,8,6,0,0,0,0,0,0,0,69,2013,8,1,4673,Partnered,3,414,69.0,207.0,20,0.23809523809523808,0.2857142857142857,19.714285714285715,0,0.0,0,0,118.28571428571429,23660.0,0.8748758479322077,10.909090909090908,0,Middle Class Shoppers
1949,2n Cycle,Widow,74859.0,0,0,2013-06-03,63,570,73,614,133,102,73,1,6,5,11,3,0,0,0,1,0,0,0,77,2013,6,3,4732,Widowed,2,1565,260.8333333333333,1565.0,23,0.25,0.041666666666666664,65.20833333333333,1,0.2,1,0,461.47435897435895,74859.0,2.0905690622495325,1.078125,2,Ultra Premium
1992,Basic,Single,15253.0,1,0,2013-10-28,13,1,3,3,8,1,13,2,1,0,3,7,0,0,0,0,0,0,0,34,2013,10,28,4585,Single,1,29,4.833333333333333,14.5,6,0.14285714285714285,0.2857142857142857,4.142857142857143,0,0.0,0,0,4.9714285714285715,7626.5,0.19011406844106463,3.0,3,Budget Conscious
1974,PhD,Single,31560.0,1,0,2013-06-24,98,62,1,20,4,0,7,2,2,1,3,8,0,0,0,0,0,0,0,52,2013,6,24,4711,Single,5,94,15.666666666666666,47.0,8,0.2222222222222222,0.2222222222222222,10.444444444444445,0,0.0,0,0,14.18867924528302,15780.0,0.29783593675739045,0.6464646464646465,3,Budget Conscious
1990,Master,Single,91172.0,0,0,2013-03-27,94,162,28,818,0,28,56,0,4,3,7,3,1,0,1,1,1,0,1,36,2013,3,27,4800,Single,4,1092,182.0,1092.0,14,0.26666666666666666,0.0,72.8,4,0.8,1,1,413.18918918918916,91172.0,1.197723010101675,0.4421052631578947,1,Premium Spenders
1984,Graduation,Married,90000.0,0,0,2013-12-23,91,675,144,133,94,192,241,1,4,8,5,1,1,0,1,1,0,0,0,42,2013,12,23,4529,Married,3,1479,246.5,1479.0,18,0.21052631578947367,0.05263157894736842,77.84210526315789,3,0.6,1,1,619.1162790697674,90000.0,1.6433150742769524,0.1956521739130435,2,Ultra Premium
1981,Graduation,Single,41967.0,1,1,2013-11-23,66,23,4,10,0,2,15,1,1,0,3,4,0,0,0,0,0,0,0,45,2013,11,23,4559,Single,3,54,9.0,18.0,5,0.16666666666666666,0.16666666666666666,9.0,0,0.0,0,0,5.869565217391305,13989.0,0.1286694624475791,0.29850746268656714,3,Budget Conscious
1965,Graduation,Single,69263.0,0,1,2014-03-05,14,492,5,32,13,5,21,1,9,1,7,6,0,1,0,0,0,0,0,61,2014,3,5,4457,Single,3,568,94.66666666666667,284.0,18,0.47368421052631576,0.05263157894736842,29.894736842105264,1,0.2,1,0,164.90322580645162,34631.5,0.8200508200508201,7.2,0,Middle Class Shoppers
1970,2n Cycle,Divorced,65706.0,0,0,2013-06-28,77,918,10,129,13,0,129,1,11,3,12,7,0,1,1,0,1,0,1,56,2013,6,28,4707,Divorced,2,1199,199.83333333333334,1199.0,27,0.39285714285714285,0.03571428571428571,42.82142857142857,3,0.6,1,1,567.9473684210526,65706.0,1.8247675285738203,2.423076923076923,1,Premium Spenders
1975,Graduation,Together,60934.0,0,1,2014-01-17,41,224,155,155,192,93,54,2,6,4,11,4,0,0,0,0,0,0,0,51,2014,1,17,4504,Partnered,3,873,145.5,436.5,23,0.25,0.08333333333333333,36.375,0,0.0,0,0,386.13461538461536,30467.0,1.4326741609912201,2.1904761904761907,1,Premium Spenders
1951,Graduation,Married,71965.0,0,1,2013-07-29,21,572,19,286,50,38,248,3,6,3,5,3,0,0,0,0,0,0,0,75,2013,7,29,4676,Married,3,1213,202.16666666666666,606.5,17,0.3333333333333333,0.16666666666666666,67.38888888888889,0,0.0,0,0,271.32894736842104,35982.5,1.6855181613539727,2.3181818181818183,1,Premium Spenders
1955,Graduation,Married,65210.0,0,1,2014-03-10,25,626,0,70,0,7,28,2,9,3,8,6,0,1,0,1,0,0,0,71,2014,3,10,4452,Married,3,731,121.83333333333333,365.5,22,0.391304347826087,0.08695652173913043,31.782608695652176,2,0.4,1,1,223.36111111111111,32605.0,1.1209765223658585,5.076923076923077,0,Middle Class Shoppers
1975,PhD,Married,79174.0,0,0,2013-01-11,2,1074,37,518,193,92,129,1,5,6,7,2,0,0,1,1,0,0,1,51,2013,1,11,4875,Married,5,2043,340.5,2043.0,19,0.25,0.05,102.15,2,0.4,1,1,746.4807692307693,79174.0,2.580359962109252,12.666666666666666,2,Ultra Premium
1967,Master,Divorced,81380.0,0,0,2012-12-22,51,741,68,689,224,68,103,1,4,2,10,2,0,0,0,0,0,0,0,59,2012,12,22,4895,Divorced,4,1893,315.5,1893.0,17,0.2222222222222222,0.05555555555555555,105.16666666666667,0,0.0,0,0,536.35,81380.0,2.3260957717403326,0.6538461538461539,2,Ultra Premium
1973,PhD,YOLO,48432.0,0,1,2012-10-18,3,322,3,50,4,3,42,5,7,1,6,8,0,0,0,0,0,0,0,53,2012,10,18,4960,Single,5,424,70.66666666666667,212.0,19,0.35,0.25,21.2,0,0.0,0,0,149.1851851851852,24216.0,0.8754361695538165,38.0,0,Middle Class Shoppers
1971,Graduation,Married,52914.0,0,1,2013-01-07,32,254,10,44,30,10,227,2,7,3,3,7,1,0,0,0,0,0,0,55,2013,1,7,4879,Married,3,575,95.83333333333333,287.5,15,0.4375,0.125,35.9375,1,0.2,1,0,154.01785714285714,26457.0,1.086648398374752,3.1818181818181817,0,Middle Class Shoppers
1974,Graduation,Married,26067.0,1,0,2013-11-04,49,22,2,18,0,2,12,3,3,0,3,8,0,0,0,0,0,0,0,52,2013,11,4,4578,Married,3,56,9.333333333333334,28.0,9,0.3,0.3,5.6,0,0.0,0,0,9.50943396226415,13033.5,0.21482277121374865,1.44,3,Budget Conscious
1972,PhD,Married,44325.0,0,1,2013-03-07,69,516,0,21,0,0,5,4,8,2,7,8,0,1,0,0,0,0,0,54,2013,3,7,4820,Married,5,542,90.33333333333333,271.0,21,0.36363636363636365,0.18181818181818182,24.636363636363637,1,0.2,1,0,206.94545454545454,22162.5,1.2227586518070659,2.4,0,Middle Class Shoppers
1978,Basic,Single,26487.0,1,0,2013-05-20,23,2,8,10,12,14,23,3,2,1,3,5,0,0,0,0,0,0,0,48,2013,5,20,4746,Single,1,69,11.5,34.5,9,0.2,0.3,6.9,0,0.0,0,0,12.673469387755102,13243.5,0.26049531863485353,1.875,3,Budget Conscious
1957,2n Cycle,Married,53233.0,0,1,2014-03-18,18,28,0,9,3,0,0,1,1,0,3,4,0,0,0,0,0,0,0,69,2014,3,18,4444,Married,2,40,6.666666666666667,20.0,5,0.16666666666666666,0.16666666666666666,6.666666666666667,0,0.0,0,0,2.857142857142857,26616.5,0.07513994815343578,1.0526315789473684,0,Middle Class Shoppers
1960,Graduation,Married,67716.0,0,1,2013-01-10,8,530,142,217,62,9,56,4,7,4,13,5,0,1,0,0,0,0,0,66,2013,1,10,4876,Married,3,1016,169.33333333333334,508.0,28,0.2413793103448276,0.13793103448275862,35.03448275862069,1,0.2,1,0,424.5970149253731,33858.0,1.5003617998434662,15.555555555555555,1,Premium Spenders
1972,Master,Married,76234.0,0,1,2014-02-06,21,519,50,167,130,0,41,1,8,3,11,3,0,1,0,0,0,0,0,54,2014,2,6,4484,Married,4,907,151.16666666666666,453.5,23,0.3333333333333333,0.041666666666666664,37.791666666666664,1,0.2,1,0,379.2909090909091,38117.0,1.189742244375943,3.1363636363636362,1,Premium Spenders
1956,PhD,Married,84117.0,0,0,2014-05-11,60,611,76,749,59,45,26,1,7,10,6,2,0,0,1,0,0,0,0,70,2014,5,11,4390,Married,5,1566,261.0,1566.0,24,0.28,0.04,62.64,1,0.2,1,0,529.3521126760563,84117.0,1.8616705104733826,0.7868852459016393,2,Ultra Premium
1957,Master,Together,65487.0,0,0,2014-01-10,48,240,67,500,199,0,163,3,3,5,6,2,0,0,0,0,0,0,0,69,2014,1,10,4511,Partnered,4,1169,194.83333333333334,1169.0,17,0.16666666666666666,0.16666666666666666,64.94444444444444,0,0.0,0,0,283.9,65487.0,1.7850598582946495,0.6938775510204082,1,Premium Spenders
1972,Basic,Married,25224.0,1,0,2014-03-16,36,4,9,12,11,2,8,2,1,1,3,3,0,0,0,0,0,0,0,54,2014,3,16,4446,Married,1,46,7.666666666666667,23.0,7,0.125,0.25,5.75,0,0.0,0,0,5.8545454545454545,12612.0,0.1823587710604559,0.5675675675675675,3,Budget Conscious
1983,Master,Single,89616.0,0,0,2013-02-25,36,671,47,655,145,111,15,1,7,5,12,2,0,0,0,0,0,0,1,43,2013,2,25,4830,Single,4,1644,274.0,1644.0,25,0.2692307692307692,0.038461538461538464,63.23076923076923,0,0.0,0,0,934.0909090909091,89616.0,1.8344733700079225,1.3513513513513513,2,Ultra Premium
1971,Graduation,Divorced,40851.0,1,1,2013-02-21,63,23,1,7,0,4,24,1,1,1,2,7,0,0,0,0,0,0,0,55,2013,2,21,4834,Divorced,3,59,9.833333333333334,19.666666666666668,5,0.16666666666666666,0.16666666666666666,9.833333333333334,0,0.0,0,0,5.267857142857143,13617.0,0.1444237736218545,0.546875,3,Budget Conscious
1947,Graduation,Married,27469.0,0,0,2012-08-02,2,9,1,2,3,2,0,1,0,0,3,6,0,0,0,0,0,0,0,79,2012,8,2,5037,Married,3,17,2.8333333333333335,17.0,4,0.0,0.2,3.4,0,0.0,0,0,0.85,27469.0,0.061885693483800505,8.0,3,Budget Conscious
1957,2n Cycle,Married,82347.0,0,0,2012-11-06,38,556,54,845,202,133,63,1,7,7,10,3,1,0,0,1,0,0,1,69,2012,11,6,4941,Married,2,1853,308.8333333333333,1853.0,25,0.2692307692307692,0.038461538461538464,71.26923076923077,2,0.4,1,1,661.7857142857143,82347.0,2.2502064409578857,1.9230769230769231,2,Ultra Premium
1957,Graduation,Married,73803.0,0,1,2012-08-01,61,833,80,363,52,26,174,2,9,5,6,6,1,0,0,0,0,0,1,69,2012,8,1,5038,Married,3,1528,254.66666666666666,764.0,22,0.391304347826087,0.08695652173913043,66.43478260869566,1,0.2,1,0,480.22857142857146,36901.5,2.0703484905967158,2.129032258064516,1,Premium Spenders
1952,Master,Single,8820.0,1,1,2013-03-22,52,12,0,13,4,2,4,4,3,0,3,8,0,0,0,0,0,0,0,74,2013,3,22,4805,Single,4,35,5.833333333333333,11.666666666666666,10,0.2727272727272727,0.36363636363636365,3.1818181818181817,0,0.0,0,0,4.666666666666667,2940.0,0.39678041038431017,1.509433962264151,3,Budget Conscious
1974,Graduation,Single,43322.0,0,0,2014-04-21,25,56,7,48,10,2,18,1,3,0,4,7,0,0,0,0,0,0,0,52,2014,4,21,4410,Single,3,141,23.5,141.0,8,0.3333333333333333,0.1111111111111111,15.666666666666666,0,0.0,0,0,21.28301886792453,43322.0,0.32546222560764493,2.1538461538461537,0,Middle Class Shoppers
1973,Graduation,Together,55593.0,0,1,2013-08-21,63,293,8,124,11,4,106,2,6,6,3,6,1,0,0,0,0,0,0,53,2013,8,21,4653,Partnered,3,546,91.0,273.0,17,0.3333333333333333,0.1111111111111111,30.333333333333332,1,0.2,1,0,171.88888888888889,27796.5,0.9821203727020902,1.59375,0,Middle Class Shoppers
1954,Graduation,Married,50501.0,1,1,2013-06-18,10,297,0,38,13,0,152,7,5,4,4,6,1,0,0,0,0,0,1,72,2013,6,18,4717,Married,3,500,83.33333333333333,166.66666666666666,20,0.23809523809523808,0.3333333333333333,23.80952380952381,1,0.2,1,0,136.986301369863,16833.666666666668,0.9900597996118966,10.909090909090908,0,Middle Class Shoppers
1975,Graduation,Married,37085.0,1,1,2014-06-26,65,39,1,16,2,0,3,4,3,0,3,8,0,0,0,0,0,0,0,51,2014,6,26,4344,Married,3,61,10.166666666666666,20.333333333333332,10,0.2727272727272727,0.36363636363636365,5.545454545454546,0,0.0,0,0,11.73076923076923,12361.666666666666,0.16448255406352802,1.2121212121212122,3,Budget Conscious
1990,Basic,Single,16185.0,1,0,2013-08-05,71,5,11,16,21,8,45,2,2,2,2,8,0,0,0,0,0,0,0,36,2013,8,5,4669,Single,1,106,17.666666666666668,53.0,8,0.2222222222222222,0.2222222222222222,11.777777777777779,0,0.0,0,0,22.91891891891892,8092.5,0.6548869393302854,0.8888888888888888,3,Budget Conscious
1969,Graduation,Single,57731.0,0,1,2012-11-23,0,266,21,300,65,8,44,4,8,8,6,6,0,0,0,0,0,0,0,57,2012,11,23,4924,Single,3,704,117.33333333333333,352.0,26,0.2962962962962963,0.14814814814814814,26.074074074074073,0,0.0,0,0,315.58620689655174,28865.5,1.2194277004087855,156.0,0,Middle Class Shoppers
1973,PhD,YOLO,48432.0,0,1,2012-10-18,3,322,3,50,4,3,42,5,7,1,6,8,0,0,0,0,0,0,1,53,2012,10,18,4960,Single,5,424,70.66666666666667,212.0,19,0.35,0.25,21.2,0,0.0,0,0,149.1851851851852,24216.0,0.8754361695538165,38.0,0,Middle Class Shoppers
1978,Graduation,Married,73807.0,0,1,2013-01-02,88,366,124,156,71,78,54,2,5,5,11,2,0,0,0,0,0,0,0,48,2013,1,2,4884,Married,3,849,141.5,424.5,23,0.20833333333333334,0.08333333333333333,35.375,0,0.0,0,0,398.51020408163265,36903.5,1.1502818122696727,0.5168539325842697,1,Premium Spenders
1968,Graduation,Single,35893.0,1,1,2012-10-15,80,158,0,23,0,0,18,6,3,1,5,8,0,0,0,0,0,0,0,58,2012,10,15,4963,Single,3,199,33.166666666666664,66.33333333333333,15,0.1875,0.375,12.4375,0,0.0,0,0,50.59322033898305,11964.333333333334,0.5544102078341784,1.4814814814814814,3,Budget Conscious
1980,Graduation,Married,61014.0,0,1,2012-08-11,17,269,129,495,182,43,29,4,9,3,4,7,0,0,0,0,0,0,0,46,2012,8,11,5028,Married,3,1147,191.16666666666666,573.5,20,0.42857142857142855,0.19047619047619047,54.61904761904762,0,0.0,0,0,488.0851063829787,30507.0,1.8798656068179955,7.777777777777778,1,Premium Spenders
1954,Graduation,Together,32144.0,1,1,2014-03-23,76,41,0,10,0,0,3,4,2,1,3,7,0,1,0,0,0,0,0,72,2014,3,23,4439,Partnered,3,54,9.0,18.0,10,0.18181818181818182,0.36363636363636365,4.909090909090909,1,0.2,1,0,7.397260273972603,10714.666666666666,0.1679888007466169,0.9090909090909091,3,Budget Conscious
1963,Basic,Together,14918.0,0,1,2012-12-07,52,3,3,3,15,4,15,1,1,0,3,6,0,0,0,0,0,0,0,63,2012,12,7,4910,Partnered,1,43,7.166666666666667,21.5,5,0.16666666666666666,0.16666666666666666,7.166666666666667,0,0.0,0,0,3.359375,7459.0,0.2882230712514244,0.5660377358490566,3,Budget Conscious
1963,Graduation,Divorced,45146.0,1,1,2013-07-15,28,33,0,5,0,0,15,2,1,1,2,4,0,0,0,0,0,0,0,63,2013,7,15,4690,Divorced,3,53,8.833333333333334,17.666666666666668,6,0.14285714285714285,0.2857142857142857,7.571428571428571,0,0.0,0,0,4.96875,15048.666666666666,0.11739428976454694,0.8275862068965517,0,Middle Class Shoppers
1955,2n Cycle,Divorced,41769.0,0,1,2013-02-13,31,302,29,131,32,0,27,6,8,1,7,8,0,0,0,0,0,0,0,71,2013,2,13,4842,Divorced,2,521,86.83333333333333,260.5,22,0.34782608695652173,0.2608695652173913,22.652173913043477,0,0.0,0,0,159.19444444444446,20884.5,1.2473066794350012,5.5,0,Middle Class Shoppers
1981,Graduation,Together,88325.0,0,0,2014-02-05,42,519,71,860,93,27,53,1,6,2,9,2,0,0,0,0,0,0,0,45,2014,2,5,4485,Partnered,3,1623,270.5,1623.0,18,0.3157894736842105,0.05263157894736842,85.42105263157895,0,0.0,0,0,635.0869565217391,88325.0,1.8375110386522655,0.8372093023255814,2,Ultra Premium
1950,Master,Divorced,38054.0,1,1,2014-05-01,24,23,2,17,2,1,0,2,2,0,3,7,0,0,0,0,0,0,0,76,2014,5,1,4400,Divorced,4,45,7.5,15.0,7,0.25,0.25,5.625,0,0.0,0,0,4.090909090909091,12684.666666666666,0.11824990145841545,1.96,3,Budget Conscious
1995,2n Cycle,Single,80617.0,0,0,2012-10-12,42,594,51,631,72,55,32,1,4,6,8,2,0,0,0,0,0,0,0,31,2012,10,12,4966,Single,2,1435,239.16666666666666,1435.0,19,0.2,0.05,71.75,0,0.0,0,0,852.03125,80617.0,1.7799995038328909,0.8837209302325582,2,Ultra Premium
1976,Graduation,Married,5305.0,0,1,2013-07-30,12,12,4,7,1,3,5,0,1,0,0,13,0,0,0,0,0,0,0,50,2013,7,30,4675,Married,3,32,5.333333333333333,16.0,1,0.5,0.0,16.0,0,0.0,0,0,0.6274509803921569,2652.5,0.603090840557859,1.0,3,Budget Conscious
1954,Graduation,Together,36807.0,1,1,2012-12-20,88,4,2,5,0,0,5,1,1,0,2,6,0,0,0,0,0,0,0,72,2012,12,20,4897,Partnered,3,16,2.6666666666666665,5.333333333333333,4,0.2,0.2,3.2,0,0.0,0,0,0.8767123287671232,12269.0,0.04346881112801565,0.2696629213483146,3,Budget Conscious
1985,Master,Together,40101.0,1,0,2012-10-14,73,171,3,129,26,24,62,4,6,1,6,7,0,0,0,0,0,0,0,41,2012,10,14,4964,Partnered,4,415,69.16666666666667,207.5,17,0.3333333333333333,0.2222222222222222,23.055555555555557,0,0.0,0,0,167.97619047619048,20050.5,1.03486110418433,1.6081081081081081,0,Middle Class Shoppers
1979,Graduation,Married,58025.0,0,1,2013-11-26,81,270,31,88,11,48,22,3,3,2,10,4,0,0,0,0,0,0,0,47,2013,11,26,4556,Married,3,470,78.33333333333333,235.0,18,0.15789473684210525,0.15789473684210525,24.736842105263158,0,0.0,0,0,176.25,29012.5,0.8099817323268879,0.8780487804878049,0,Middle Class Shoppers
1979,2n Cycle,Together,7500.0,1,0,2013-05-07,7,2,8,11,3,8,21,4,3,2,2,7,0,0,0,0,0,0,0,47,2013,5,7,4759,Partnered,2,53,8.833333333333334,26.5,11,0.25,0.3333333333333333,4.416666666666667,0,0.0,0,0,12.145833333333334,3750.0,0.7065724570057326,9.625,3,Budget Conscious
1963,Master,Married,33562.0,1,2,2014-06-25,33,21,12,12,0,3,3,3,2,0,4,4,0,0,0,0,0,0,0,63,2014,6,25,4345,Married,4,51,8.5,12.75,9,0.2,0.3,5.1,0,0.0,0,0,7.171875,8390.5,0.15195304353007777,1.0588235294117647,3,Budget Conscious
1970,PhD,Single,57642.0,0,1,2014-01-09,24,580,6,58,8,0,27,3,7,6,6,4,1,0,0,0,0,0,0,56,2014,1,9,4512,Single,5,679,113.16666666666667,339.5,22,0.30434782608695654,0.13043478260869565,29.52173913043478,1,0.2,1,0,262.0701754385965,28821.0,1.1779400794545738,3.52,0,Middle Class Shoppers
1979,Graduation,Married,63777.0,1,1,2013-03-24,87,457,5,106,15,17,53,8,11,1,6,8,0,0,0,0,0,0,0,47,2013,3,24,4803,Married,3,653,108.83333333333333,217.66666666666666,26,0.4074074074074074,0.2962962962962963,24.185185185185187,0,0.0,0,0,353.7083333333333,21259.0,1.0238640283483333,2.3636363636363638,0,Middle Class Shoppers
1962,Graduation,Single,57967.0,0,1,2013-03-03,39,229,7,137,4,0,91,5,4,2,8,5,0,0,0,0,0,0,0,64,2013,3,3,4824,Single,3,468,78.0,234.0,19,0.2,0.25,23.4,0,0.0,0,0,136.8,28983.5,0.8073419817830527,2.375,0,Middle Class Shoppers
1978,2n Cycle,Together,51381.5,0,0,2012-08-12,53,32,2,1607,12,4,22,0,0,0,1,0,0,1,0,0,0,0,0,48,2012,8,12,5027,Partnered,2,1679,279.8333333333333,1679.0,1,0.0,0.0,839.5,1,0.2,1,0,34.265306122448976,51381.5,3.26764949155841,0.0,2,Ultra Premium
1972,Graduation,Married,24434.0,2,0,2014-05-18,9,3,2,8,20,0,17,2,2,1,2,7,0,0,0,0,0,0,0,54,2014,5,18,4383,Married,3,50,8.333333333333334,16.666666666666668,7,0.25,0.25,6.25,0,0.0,0,0,6.363636363636363,8144.666666666667,0.20462451401677922,4.9,3,Budget Conscious
1984,Graduation,Single,11012.0,1,0,2013-03-16,82,24,3,26,7,1,23,3,3,1,2,9,1,0,0,0,0,0,0,42,2013,3,16,4811,Single,3,84,14.0,42.0,9,0.3,0.3,8.4,1,0.2,1,0,17.58139534883721,5506.0,0.7627349496050122,0.9759036144578314,3,Budget Conscious
1970,Master,Single,44802.0,0,0,2012-08-21,71,853,10,143,13,10,20,2,9,4,12,8,0,0,0,0,0,0,0,56,2012,8,21,5018,Single,4,1049,174.83333333333334,1049.0,27,0.32142857142857145,0.07142857142857142,37.464285714285715,0,0.0,0,0,496.89473684210526,44802.0,2.341361069571234,3.0,1,Premium Spenders
1986,Graduation,Single,26816.0,0,0,2012-08-17,50,5,1,6,3,4,3,1,0,0,3,4,0,0,0,0,0,0,0,40,2012,8,17,5022,Single,3,22,3.6666666666666665,22.0,4,0.0,0.2,4.4,0,0.0,0,0,2.1463414634146343,26816.0,0.08203751351754485,0.3137254901960784,3,Budget Conscious
1977,Graduation,Together,94545.1,1,0,2013-06-02,23,9,14,18,8,1,12,4,3,1,3,6,0,0,0,0,0,0,0,49,2013,6,2,4733,Partnered,3,62,10.333333333333334,31.0,11,0.25,0.3333333333333333,5.166666666666667,0,0.0,0,0,13.64,47272.55,0.06557647539136992,2.75,0,Middle Class Shoppers
1967,Graduation,Married,61223.0,0,1,2013-06-13,46,709,43,182,42,118,247,2,9,3,4,5,0,0,0,0,0,0,0,59,2013,6,13,4722,Married,3,1341,223.5,670.5,18,0.47368421052631576,0.10526315789473684,70.57894736842105,0,0.0,0,0,402.3,30611.5,2.1903175225401803,1.9148936170212767,1,Premium Spenders
1981,Graduation,Divorced,56981.0,0,0,2014-01-25,91,908,48,217,32,12,24,1,2,3,13,6,0,1,0,0,0,0,0,45,2014,1,25,4496,Divorced,3,1241,206.83333333333334,1241.0,19,0.1,0.05,62.05,1,0.2,1,0,512.5869565217391,56981.0,2.1778807342669615,1.2391304347826086,1,Premium Spenders
1956,Master,Together,69245.0,0,1,2014-01-24,8,428,30,214,80,30,61,2,6,5,10,3,0,0,0,0,0,0,0,70,2014,1,24,4497,Partnered,4,843,140.5,421.5,23,0.25,0.08333333333333333,35.125,0,0.0,0,0,273.0845070422535,34622.5,1.2173988389221038,7.666666666666667,1,Premium Spenders
1954,PhD,Married,52869.0,1,1,2012-10-15,40,84,3,61,2,1,21,3,3,1,4,7,0,0,0,0,0,0,1,72,2012,10,15,4963,Married,5,172,28.666666666666668,57.333333333333336,11,0.25,0.25,14.333333333333334,0,0.0,0,0,25.91780821917808,17623.0,0.3253262719878948,1.8780487804878048,0,Middle Class Shoppers
